[Licensing::Module] Trying to connect to existing licensing client channel...
Built from '6000.5/staging' branch; Version is '6000.5.0f1 (88b47c5e7076) revision 8959100'; Using compiler version '194234433'; Build Type 'Release'
OS: 'Windows 11  (10.0.26220) Core' Language: 'en' Physical Memory: 16299 MB
BatchMode: 1, IsHumanControllingUs: 0, StartBugReporterOnCrash: 0, Is64bit: 1
System  architecture: x64
Process architecture: x64
Date: 2026-06-21T06:27:22Z
[Licensing::IpcConnector] Successfully connected to: "LicenseClient-tyler" at "2026-06-21T06:27:22.9916123Z"

COMMAND LINE ARGUMENTS:
C:\Program Files\Unity\Hub\Editor\6000.5.0f1\Editor\Unity.exe
-adb2
-batchMode
-noUpm
-name
AssetImportWorkerHW10
-projectPath
C:/Users/tyler/Documents/GitHub/Game-Dev-III/My project
-logFile
Logs/AssetImportWorkerHW10.log
-srvPort
65500
-parentPid
3256
-analyticsCloudUserId
16768056786696
-analyticsCloudProjectId
655af935-c563-4d7e-a444-bc081339ca92
-analyticsLocalProjectId
f1b9c14d5627bcc44b85b92b47ef70cd
-noDiagnosticSwitchPersistentStore
-job-worker-count
5
-background-job-worker-count
8
-asset-garbage-collectors
1
-force-d3d12
-name
AssetImport
Successfully changed project path to: C:/Users/tyler/Documents/GitHub/Game-Dev-III/My project
C:/Users/tyler/Documents/GitHub/Game-Dev-III/My project
[UnityMemory] Configuration Parameters - Can be set up in boot.config
    "memorysetup-temp-allocator-size-gi-baking-worker=262144"
    "memorysetup-temp-allocator-size-gi-baking-worker=262144"
    "memorysetup-temp-allocator-size-gi-baking-worker=262144"
    "memorysetup-temp-allocator-size-gi-baking-worker=262144"
    "memorysetup-temp-allocator-size-gi-baking-worker=262144"
    "memorysetup-temp-allocator-size-nav-mesh-worker=65536"
    "memorysetup-temp-allocator-size-audio-worker=65536"
    "memorysetup-temp-allocator-size-cloud-worker=32768"
    "memorysetup-temp-allocator-size-gfx=262144"
    "memorysetup-temp-allocator-size-preload-manager=33554432"
    "memorysetup-allocator-temp-initial-block-size-main=262144"
    "memorysetup-allocator-temp-initial-block-size-worker=262144"
    "memorysetup-temp-allocator-size-job-worker=262144"
    "memorysetup-temp-allocator-size-background-worker=32768"
    "memorysetup-bucket-allocator-granularity=16"
    "memorysetup-bucket-allocator-bucket-count=8"
    "memorysetup-bucket-allocator-block-size=33554432"
    "memorysetup-bucket-allocator-block-count=8"
    "memorysetup-main-allocator-block-size=16777216"
    "memorysetup-thread-allocator-block-size=16777216"
    "memorysetup-main-allocator-mimalloc-enabled=0"
    "memorysetup-gfx-main-allocator-block-size=16777216"
    "memorysetup-gfx-thread-allocator-block-size=16777216"
    "memorysetup-cache-allocator-block-size=4194304"
    "memorysetup-typetree-allocator-block-size=2097152"
    "memorysetup-profiler-bucket-allocator-granularity=16"
    "memorysetup-profiler-bucket-allocator-bucket-count=8"
    "memorysetup-profiler-bucket-allocator-block-size=33554432"
    "memorysetup-profiler-bucket-allocator-block-count=8"
    "memorysetup-profiler-allocator-block-size=16777216"
    "memorysetup-profiler-editor-allocator-block-size=1048576"
    "memorysetup-temp-allocator-size-main=16777216"
    "memorysetup-job-temp-allocator-block-size=2097152"
    "memorysetup-job-temp-allocator-block-size-background=1048576"
    "memorysetup-job-temp-allocator-reduction-small-platforms=262144"
Player connection [25160]  Target information:

Player connection [25160]  * "[IP] 172.20.10.4 [Port] 0 [Flags] 2 [Guid] 4282165885 [EditorId] 4282165885 [Version] 1048832 [Id] WindowsEditor(7,DESKTOP-ONOH9UU) [Debug] 1 [PackageName] WindowsEditor [ProjectName] Editor" 

Player connection [25160] Host joined multi-casting on [225.0.0.222:54997]...
Player connection [25160] Host joined alternative multi-casting on [225.0.0.222:34997]...
JobSystem: Creating JobQueue using job-worker-count value 5
Input System module state changed to: Initialized.
[Physics::Module] Initialized fallback backend.
[Physics::Module] Id: 0xdecafbad
Library Redirect Path: Library/
[Physics::Module] Selected backend.
[Physics::Module] Name: PhysX
[Physics::Module] Id: 0xf2b8ea05
[Physics::Module] SDK Version: 4.1.2
[Physics::Module] Integration Version: 1.0.0
[Physics::Module] Threading Mode: Multi-Threaded
Refreshing native plugins compatible for Editor in 27.84 ms, found 4 plugins.
Initialize engine version: 6000.5.0f1 (88b47c5e7076)
[Subsystems] Discovering subsystems at path C:/Program Files/Unity/Hub/Editor/6000.5.0f1/Editor/Data/Resources/UnitySubsystems
[Subsystems] Discovering subsystems at path C:/Users/tyler/Documents/GitHub/Game-Dev-III/My project/Assets
Forcing GfxDevice: Direct3D 12
GfxDevice: creating device client; kGfxThreadingModeNonThreaded
d3d12: failed to query info queue interface (0x80004002).
Direct3D:
    Version:         Direct3D 12 [level 12.1]
    Renderer:        NVIDIA GeForce GTX 1070 (ID=0x1b81)
    Vendor:          NVIDIA
    VRAM:            8067 MB
    App VRAM Budget: 7299 MB
    Driver:          32.0.15.8228
Initialize mono
Mono path[0] = 'C:/Program Files/Unity/Hub/Editor/6000.5.0f1/Editor/Data/Managed'
Mono path[1] = 'C:/Program Files/Unity/Hub/Editor/6000.5.0f1/Editor/Data/BCLExtensions/runtime/netstandard2.1'
Mono path[2] = 'C:/Program Files/Unity/Hub/Editor/6000.5.0f1/Editor/Data/MonoBleedingEdge/lib/mono/unityjit-win32'
Mono config path = 'C:/Program Files/Unity/Hub/Editor/6000.5.0f1/Editor/Data/MonoBleedingEdge/etc'
Using monoOptions --debugger-agent=transport=dt_socket,embedding=1,server=y,suspend=n,address=127.0.0.1:56544
CodeReloadManager initialized
Begin MonoManager ReloadAssembly
Registering precompiled unity dll's ...
Register platform support module: C:/Program Files/Unity/Hub/Editor/6000.5.0f1/Editor/Data/PlaybackEngines/WebGLSupport/UnityEditor.WebGL.Extensions.dll
Register platform support module: C:/Program Files/Unity/Hub/Editor/6000.5.0f1/Editor/Data/PlaybackEngines/WindowsStandaloneSupport/UnityEditor.WindowsStandalone.Extensions.dll
Registered in 0.004751 seconds.
[Licensing::Client] Error: HandshakeResponse reported an error:
	ResponseCode: 505
	ResponseStatus: Unsupported protocol version '1.18.1'.
[Licensing::Module] Error: Failed to handshake to channel: "LicenseClient-tyler"
[Licensing::IpcConnector] LicenseClient-tyler channel disconnected successfully.
[Licensing::IpcConnector] Successfully connected to: "LicenseClient-tyler-6000.5.0" at "2026-06-21T06:27:26.4431401Z"
[Licensing::Client] Code 10 while verifying Licensing Client signature (process Id: 3132, path: "C:/Program Files/Unity/Hub/Editor/6000.5.0f1/Editor/Data/Resources/Licensing/Client/Unity.Licensing.Client.exe")
[Licensing::Module] LicensingClient has failed validation; ignoring
[Licensing::Client] Handshaking with LicensingClient:
  Version:                 1.18.1+9fbee8e
  Session Id:              f8fbffb542fb40b089d1613f7d5971d0
  Correlation Id:          96b3fbc6361fbea4da6afb0858b9961b
  External correlation Id: 4879492561886317256
  Machine Id:              B5zBSgBVrNKhZO/DEt1/zZ3MoTs=
[Licensing::Module] Successfully connected to LicensingClient on channel: "LicenseClient-tyler-6000.5.0" (connect: 0.00s, validation: 0.00s, handshake: 0.01s)
[Licensing::IpcConnector] Successfully connected to: "LicenseClient-tyler-6000.5.0-notifications" at "2026-06-21T06:27:26.4598414Z"
[Licensing::Module] Licensing Background thread has ended after 3.50s
Native extension for WindowsStandalone target not found
Native extension for WebGL target not found
Package Manager log level set to [2]
[Package Manager] Failed to launch server process. Reason: Unity was launched with the -noUpm command-line argument
[Package Manager] Unable to send message (not connected to server process).
[Package Manager] Cannot connect to Unity Package Manager local server
ScheduleIndexationOnStartup MainProcess:False IndexOnStartup:True
Mono: successfully reloaded assembly
- Finished resetting the current domain, in  0.863 seconds
Domain Reload Profiling: 2041ms
	BeginReloadAssembly (239ms)
	RebuildCommonClasses (11ms)
	RebuildNativeTypeToScriptingClass (45ms)
	initialDomainReloadingComplete (261ms)
	LoadAllAssembliesAndSetupDomain (619ms)
		LoadAssemblies (235ms)
		AnalyzeDomain (497ms)
			TypeCache.Refresh (494ms)
				TypeCache.ScanAssembly (469ms)
	FinalizeReload (866ms)
		SetupLoadedEditorAssemblies (0ms)
			InitializePlatformSupportModulesInManaged (3ms)
			BeforeProcessingInitializeOnLoad (122ms)
			ProcessInitializeOnLoadAttributes (212ms)
			ProcessInitializeOnLoadMethodAttributes (421ms)
Initializing Unity extensions:
[Licensing::Client] Successfully resolved entitlement details
[Licensing::Module] License group:
  Id: 16768056786696-UnityPersXXXX
  Product: Unity Personal
  Type: Assigned
  Expiration: Unlimited
Curl error 3: URL rejected: Malformed input to a URL function
========================================================================
Worker process is ready to serve import requests
Import Worker Mode flag is 0x00
Begin MonoManager ReloadAssembly
Refreshing native plugins compatible for Editor in 2.69 ms, found 4 plugins.
Native extension for WindowsStandalone target not found
Native extension for WebGL target not found
[Package Manager] Failed to launch server process. Reason: Unity was launched with the -noUpm command-line argument
[Package Manager] Unable to send message (not connected to server process).
[Package Manager] Cannot connect to Unity Package Manager local server
Refreshing native plugins compatible for Editor in 4.22 ms, found 4 plugins.
[Package Manager] Failed to launch server process. Reason: Unity was launched with the -noUpm command-line argument
[Package Manager] Unable to send message (not connected to server process).
[Package Manager] Cannot connect to Unity Package Manager local server
ScheduleIndexationOnStartup MainProcess:False IndexOnStartup:True
Mono: successfully reloaded assembly
- Finished resetting the current domain, in  1.278 seconds
Domain Reload Profiling: 2755ms
	BeginReloadAssembly (255ms)
		DisableScriptedObjects (6ms)
		CreateAndSetChildDomain (42ms)
	RebuildCommonClasses (14ms)
	RebuildNativeTypeToScriptingClass (25ms)
	initialDomainReloadingComplete (110ms)
	LoadAllAssembliesAndSetupDomain (1071ms)
		LoadAssemblies (683ms)
		AnalyzeDomain (375ms)
			TypeCache.Refresh (242ms)
				TypeCache.ScanAssembly (218ms)
			BuildScriptInfoCaches (121ms)
			ResolveRequiredComponents (10ms)
	FinalizeReload (1279ms)
		SetupLoadedEditorAssemblies (0ms)
			InitializePlatformSupportModulesInManaged (3ms)
			BeforeProcessingInitializeOnLoad (145ms)
			ProcessInitializeOnLoadAttributes (518ms)
			ProcessInitializeOnLoadMethodAttributes (189ms)
			AfterProcessingInitializeOnLoad (9ms)
		AwakeInstancesAfterBackupRestoration (4ms)
AcceleratorClientConnectionCallback - disconnected - :0
Launched and connected shader compiler UnityShaderCompiler.exe after 0.02 seconds
Refreshing native plugins compatible for Editor in 2.03 ms, found 4 plugins.
Unloading 22 Unused Serialized files (Serialized files now loaded: 0)
Curl error 3: URL rejected: Malformed input to a URL function
Unloading 6434 unused Assets / (6.1 MB). Loaded Objects now: 7259.
Memory consumption went from 318.5 MB to 312.5 MB.
Total: 13.820200 ms (FindLiveObjects: 0.988200 ms CreateObjectMapping: 2.598000 ms MarkObjects: 6.156200 ms  DeleteObjects: 4.074400 ms)

========================================================================
Received Prepare
AcceleratorClientConnectionCallback - disconnected - :0
Begin MonoManager ReloadAssembly
Refreshing native plugins compatible for Editor in 3.13 ms, found 4 plugins.
Native extension for WindowsStandalone target not found
Native extension for WebGL target not found
[Package Manager] Failed to launch server process. Reason: Unity was launched with the -noUpm command-line argument
[Package Manager] Unable to send message (not connected to server process).
[Package Manager] Cannot connect to Unity Package Manager local server
[Package Manager] Failed to launch server process. Reason: Unity was launched with the -noUpm command-line argument
[Package Manager] Unable to send message (not connected to server process).
[Package Manager] Cannot connect to Unity Package Manager local server
ScheduleIndexationOnStartup MainProcess:False IndexOnStartup:True
Mono: successfully reloaded assembly
- Finished resetting the current domain, in  1.661 seconds
Domain Reload Profiling: 3964ms
	BeginReloadAssembly (541ms)
		DisableScriptedObjects (13ms)
		CreateAndSetChildDomain (120ms)
	RebuildCommonClasses (19ms)
	RebuildNativeTypeToScriptingClass (40ms)
	initialDomainReloadingComplete (352ms)
	LoadAllAssembliesAndSetupDomain (1339ms)
		LoadAssemblies (1260ms)
		AnalyzeDomain (103ms)
			TypeCache.Refresh (62ms)
			ResolveRequiredComponents (19ms)
	FinalizeReload (1674ms)
		SetupLoadedEditorAssemblies (0ms)
			InitializePlatformSupportModulesInManaged (8ms)
			BeforeProcessingInitializeOnLoad (239ms)
			ProcessInitializeOnLoadAttributes (572ms)
			ProcessInitializeOnLoadMethodAttributes (198ms)
			AfterProcessingInitializeOnLoad (11ms)
		AwakeInstancesAfterBackupRestoration (27ms)
Refreshing native plugins compatible for Editor in 2.76 ms, found 4 plugins.
Unloading 22 Unused Serialized files (Serialized files now loaded: 0)
Unloading 6430 unused Assets / (5.5 MB). Loaded Objects now: 7304.
Memory consumption went from 317.5 MB to 312.0 MB.
Total: 22.477400 ms (FindLiveObjects: 2.248400 ms CreateObjectMapping: 3.802600 ms MarkObjects: 9.917000 ms  DeleteObjects: 6.507300 ms)

Prepare: number of updated asset objects reloaded= 0
========================================================================
Received Prepare
AcceleratorClientConnectionCallback - disconnected - :0
Refreshing native plugins compatible for Editor in 2.42 ms, found 4 plugins.
Unloading 22 Unused Serialized files (Serialized files now loaded: 0)
Unloading 6419 unused Assets / (5.9 MB). Loaded Objects now: 7304.
Memory consumption went from 319.6 MB to 313.7 MB.
Total: 15.602900 ms (FindLiveObjects: 1.453400 ms CreateObjectMapping: 3.154600 ms MarkObjects: 6.259700 ms  DeleteObjects: 4.733800 ms)

Prepare: number of updated asset objects reloaded= 0
========================================================================
Received Prepare
AcceleratorClientConnectionCallback - disconnected - :0
Begin MonoManager ReloadAssembly
Refreshing native plugins compatible for Editor in 2.59 ms, found 4 plugins.
Native extension for WindowsStandalone target not found
Native extension for WebGL target not found
[Package Manager] Failed to launch server process. Reason: Unity was launched with the -noUpm command-line argument
[Package Manager] Unable to send message (not connected to server process).
[Package Manager] Cannot connect to Unity Package Manager local server
[Package Manager] Failed to launch server process. Reason: Unity was launched with the -noUpm command-line argument
[Package Manager] Unable to send message (not connected to server process).
[Package Manager] Cannot connect to Unity Package Manager local server
ScheduleIndexationOnStartup MainProcess:False IndexOnStartup:True
Mono: successfully reloaded assembly
- Finished resetting the current domain, in  1.226 seconds
Domain Reload Profiling: 3286ms
	BeginReloadAssembly (488ms)
		DisableScriptedObjects (12ms)
		CreateAndSetChildDomain (139ms)
	RebuildCommonClasses (23ms)
	RebuildNativeTypeToScriptingClass (37ms)
	initialDomainReloadingComplete (161ms)
	LoadAllAssembliesAndSetupDomain (1349ms)
		LoadAssemblies (933ms)
		AnalyzeDomain (410ms)
			TypeCache.Refresh (34ms)
			BuildScriptInfoCaches (358ms)
			ResolveRequiredComponents (15ms)
	FinalizeReload (1228ms)
		SetupLoadedEditorAssemblies (0ms)
			InitializePlatformSupportModulesInManaged (4ms)
			BeforeProcessingInitializeOnLoad (155ms)
			ProcessInitializeOnLoadAttributes (482ms)
			ProcessInitializeOnLoadMethodAttributes (189ms)
			AfterProcessingInitializeOnLoad (13ms)
		AwakeInstancesAfterBackupRestoration (40ms)
Refreshing native plugins compatible for Editor in 2.40 ms, found 4 plugins.
Unloading 22 Unused Serialized files (Serialized files now loaded: 0)
Unloading 6430 unused Assets / (5.6 MB). Loaded Objects now: 7307.
Memory consumption went from 324.9 MB to 319.3 MB.
Total: 20.120500 ms (FindLiveObjects: 1.134300 ms CreateObjectMapping: 2.799700 ms MarkObjects: 10.143100 ms  DeleteObjects: 6.041600 ms)

Prepare: number of updated asset objects reloaded= 0
========================================================================
Received Prepare
AcceleratorClientConnectionCallback - disconnected - :0
Refreshing native plugins compatible for Editor in 4.27 ms, found 4 plugins.
Unloading 22 Unused Serialized files (Serialized files now loaded: 0)
Unloading 6419 unused Assets / (5.4 MB). Loaded Objects now: 7307.
Memory consumption went from 327.0 MB to 321.7 MB.
Total: 32.796500 ms (FindLiveObjects: 2.249200 ms CreateObjectMapping: 5.921200 ms MarkObjects: 15.849900 ms  DeleteObjects: 8.774000 ms)

Prepare: number of updated asset objects reloaded= 0
========================================================================
Received Prepare
AcceleratorClientConnectionCallback - disconnected - :0
Begin MonoManager ReloadAssembly
Refreshing native plugins compatible for Editor in 3.45 ms, found 4 plugins.
Native extension for WindowsStandalone target not found
Native extension for WebGL target not found
[Package Manager] Failed to launch server process. Reason: Unity was launched with the -noUpm command-line argument
[Package Manager] Unable to send message (not connected to server process).
[Package Manager] Cannot connect to Unity Package Manager local server
[Package Manager] Failed to launch server process. Reason: Unity was launched with the -noUpm command-line argument
[Package Manager] Unable to send message (not connected to server process).
[Package Manager] Cannot connect to Unity Package Manager local server
ScheduleIndexationOnStartup MainProcess:False IndexOnStartup:True
Mono: successfully reloaded assembly
- Finished resetting the current domain, in  1.092 seconds
Domain Reload Profiling: 2951ms
	BeginReloadAssembly (435ms)
		DisableScriptedObjects (13ms)
		CreateAndSetChildDomain (124ms)
	RebuildCommonClasses (15ms)
	RebuildNativeTypeToScriptingClass (36ms)
	initialDomainReloadingComplete (138ms)
	LoadAllAssembliesAndSetupDomain (1233ms)
		LoadAssemblies (769ms)
		AnalyzeDomain (455ms)
			TypeCache.Refresh (45ms)
			BuildScriptInfoCaches (395ms)
			ResolveRequiredComponents (12ms)
	FinalizeReload (1093ms)
		SetupLoadedEditorAssemblies (0ms)
			InitializePlatformSupportModulesInManaged (3ms)
			BeforeProcessingInitializeOnLoad (138ms)
			ProcessInitializeOnLoadAttributes (383ms)
			ProcessInitializeOnLoadMethodAttributes (169ms)
			AfterProcessingInitializeOnLoad (13ms)
		AwakeInstancesAfterBackupRestoration (39ms)
Refreshing native plugins compatible for Editor in 2.18 ms, found 4 plugins.
Unloading 22 Unused Serialized files (Serialized files now loaded: 0)
Unloading 6430 unused Assets / (6.2 MB). Loaded Objects now: 7310.
Memory consumption went from 330.4 MB to 324.2 MB.
Total: 19.565100 ms (FindLiveObjects: 1.301900 ms CreateObjectMapping: 3.976500 ms MarkObjects: 7.868900 ms  DeleteObjects: 6.416100 ms)

Prepare: number of updated asset objects reloaded= 0
========================================================================
Received Prepare
AcceleratorClientConnectionCallback - disconnected - :0
[Licensing::Client] Successfully resolved entitlement details
Begin MonoManager ReloadAssembly
Refreshing native plugins compatible for Editor in 2.15 ms, found 4 plugins.
Native extension for WindowsStandalone target not found
Native extension for WebGL target not found
[Package Manager] Failed to launch server process. Reason: Unity was launched with the -noUpm command-line argument
[Package Manager] Unable to send message (not connected to server process).
[Package Manager] Cannot connect to Unity Package Manager local server
[Package Manager] Failed to launch server process. Reason: Unity was launched with the -noUpm command-line argument
[Package Manager] Unable to send message (not connected to server process).
[Package Manager] Cannot connect to Unity Package Manager local server
ScheduleIndexationOnStartup MainProcess:False IndexOnStartup:True
Mono: successfully reloaded assembly
- Finished resetting the current domain, in  1.126 seconds
Domain Reload Profiling: 2419ms
	BeginReloadAssembly (401ms)
		DisableScriptedObjects (15ms)
		CreateAndSetChildDomain (96ms)
	RebuildCommonClasses (16ms)
	RebuildNativeTypeToScriptingClass (31ms)
	initialDomainReloadingComplete (118ms)
	LoadAllAssembliesAndSetupDomain (723ms)
		LoadAssemblies (685ms)
		AnalyzeDomain (51ms)
			TypeCache.Refresh (25ms)
			ResolveRequiredComponents (16ms)
	FinalizeReload (1130ms)
		SetupLoadedEditorAssemblies (0ms)
			InitializePlatformSupportModulesInManaged (4ms)
			BeforeProcessingInitializeOnLoad (130ms)
			ProcessInitializeOnLoadAttributes (395ms)
			ProcessInitializeOnLoadMethodAttributes (214ms)
			AfterProcessingInitializeOnLoad (15ms)
		AwakeInstancesAfterBackupRestoration (42ms)
Refreshing native plugins compatible for Editor in 2.88 ms, found 4 plugins.
Unloading 22 Unused Serialized files (Serialized files now loaded: 0)
Unloading 6430 unused Assets / (5.7 MB). Loaded Objects now: 7313.
Memory consumption went from 332.9 MB to 327.2 MB.
Total: 24.471500 ms (FindLiveObjects: 1.195600 ms CreateObjectMapping: 4.585400 ms MarkObjects: 9.827300 ms  DeleteObjects: 8.861000 ms)

Prepare: number of updated asset objects reloaded= 0
========================================================================
Received Import Request.
  Time of request: 2026-06-21T06:29:56.905482Z
  Time since last request: 10612.7954394999997 seconds.
  importAddress: GUID: c5497424856514b2ba61b78375567988 - Path: Assets/Assets/Prototype 1/Challenge 4/Prefabs/Powerup.prefab - Importer: PreviewImporter
Importing 'GUID: c5497424856514b2ba61b78375567988 - Path: Assets/Assets/Prototype 1/Challenge 4/Prefabs/Powerup.prefab - Importer: PreviewImporter' with importer (PreviewImporter)
Imported 'GUID: c5497424856514b2ba61b78375567988' -> (Import Result ID: '6ed106e618d145986b49415537ab0954') in 0.691 seconds [static and dynamic dependencies]. Details - ImportResultOutputID=d42b79f19821c2a0ec155900df90ba09 DependenciesID=8f16417fa3c437b672b56704efff828f StaticDependenciesID=d1ea48c8a128bdbf9abdd84b17ccc9d5 
Number of updated asset objects reloaded before import = 0
Number of asset objects unloaded after import = 12
========================================================================
Received Prepare
AcceleratorClientConnectionCallback - disconnected - :0
Refreshing native plugins compatible for Editor in 3.03 ms, found 4 plugins.
Unloading 22 Unused Serialized files (Serialized files now loaded: 0)
Unloading 22 unused Assets / (2.6 MB). Loaded Objects now: 7436.
Memory consumption went from 329.9 MB to 327.3 MB.
Total: 12.093800 ms (FindLiveObjects: 0.598600 ms CreateObjectMapping: 1.082100 ms MarkObjects: 9.802200 ms  DeleteObjects: 0.609200 ms)

Prepare: number of updated asset objects reloaded= 0
========================================================================
Received Prepare
AcceleratorClientConnectionCallback - disconnected - :0
[Licensing::Client] Successfully resolved entitlement details
Begin MonoManager ReloadAssembly
Native extension for WindowsStandalone target not found
Native extension for WebGL target not found
[Package Manager] Failed to launch server process. Reason: Unity was launched with the -noUpm command-line argument
[Package Manager] Unable to send message (not connected to server process).
[Package Manager] Cannot connect to Unity Package Manager local server
[Package Manager] Failed to launch server process. Reason: Unity was launched with the -noUpm command-line argument
[Package Manager] Unable to send message (not connected to server process).
[Package Manager] Cannot connect to Unity Package Manager local server
ScheduleIndexationOnStartup MainProcess:False IndexOnStartup:True
Mono: successfully reloaded assembly
- Finished resetting the current domain, in  1.107 seconds
Domain Reload Profiling: 2083ms
	BeginReloadAssembly (364ms)
		DisableScriptedObjects (25ms)
		CreateAndSetChildDomain (109ms)
	RebuildCommonClasses (11ms)
	RebuildNativeTypeToScriptingClass (21ms)
	initialDomainReloadingComplete (84ms)
	LoadAllAssembliesAndSetupDomain (494ms)
		LoadAssemblies (452ms)
		AnalyzeDomain (36ms)
			TypeCache.Refresh (19ms)
			ResolveRequiredComponents (11ms)
	FinalizeReload (1109ms)
		SetupLoadedEditorAssemblies (0ms)
			InitializePlatformSupportModulesInManaged (3ms)
			BeforeProcessingInitializeOnLoad (140ms)
			ProcessInitializeOnLoadAttributes (451ms)
			ProcessInitializeOnLoadMethodAttributes (196ms)
			AfterProcessingInitializeOnLoad (11ms)
		AwakeInstancesAfterBackupRestoration (33ms)
Refreshing native plugins compatible for Editor in 3.12 ms, found 4 plugins.
Unloading 22 Unused Serialized files (Serialized files now loaded: 0)
Unloading 6430 unused Assets / (5.6 MB). Loaded Objects now: 7348.
Memory consumption went from 332.0 MB to 326.4 MB.
Total: 19.242600 ms (FindLiveObjects: 1.040300 ms CreateObjectMapping: 3.844200 ms MarkObjects: 8.533000 ms  DeleteObjects: 5.823300 ms)

Prepare: number of updated asset objects reloaded= 0
========================================================================
Received Prepare
AcceleratorClientConnectionCallback - disconnected - :0
Refreshing native plugins compatible for Editor in 2.19 ms, found 4 plugins.
Unloading 22 Unused Serialized files (Serialized files now loaded: 0)
Unloading 6419 unused Assets / (6.0 MB). Loaded Objects now: 7348.
Memory consumption went from 333.9 MB to 327.9 MB.
Total: 18.240600 ms (FindLiveObjects: 0.961400 ms CreateObjectMapping: 2.306300 ms MarkObjects: 8.683200 ms  DeleteObjects: 6.288500 ms)

Prepare: number of updated asset objects reloaded= 0
========================================================================
Received Prepare
AcceleratorClientConnectionCallback - disconnected - :0
[Licensing::Client] Successfully resolved entitlement details
Begin MonoManager ReloadAssembly
Native extension for WindowsStandalone target not found
Native extension for WebGL target not found
[Package Manager] Failed to launch server process. Reason: Unity was launched with the -noUpm command-line argument
[Package Manager] Unable to send message (not connected to server process).
[Package Manager] Cannot connect to Unity Package Manager local server
[Package Manager] Failed to launch server process. Reason: Unity was launched with the -noUpm command-line argument
[Package Manager] Unable to send message (not connected to server process).
[Package Manager] Cannot connect to Unity Package Manager local server
ScheduleIndexationOnStartup MainProcess:False IndexOnStartup:True
Mono: successfully reloaded assembly
- Finished resetting the current domain, in  0.870 seconds
Domain Reload Profiling: 2051ms
	BeginReloadAssembly (279ms)
		DisableScriptedObjects (10ms)
		CreateAndSetChildDomain (57ms)
	RebuildCommonClasses (11ms)
	RebuildNativeTypeToScriptingClass (24ms)
	initialDomainReloadingComplete (90ms)
	LoadAllAssembliesAndSetupDomain (775ms)
		LoadAssemblies (461ms)
		AnalyzeDomain (289ms)
			TypeCache.Refresh (16ms)
			BuildScriptInfoCaches (261ms)
			ResolveRequiredComponents (9ms)
	FinalizeReload (872ms)
		SetupLoadedEditorAssemblies (0ms)
			InitializePlatformSupportModulesInManaged (3ms)
			BeforeProcessingInitializeOnLoad (125ms)
			ProcessInitializeOnLoadAttributes (314ms)
			ProcessInitializeOnLoadMethodAttributes (152ms)
			AfterProcessingInitializeOnLoad (8ms)
		AwakeInstancesAfterBackupRestoration (22ms)
Refreshing native plugins compatible for Editor in 2.36 ms, found 4 plugins.
Unloading 22 Unused Serialized files (Serialized files now loaded: 0)
Unloading 6430 unused Assets / (5.5 MB). Loaded Objects now: 7351.
Memory consumption went from 337.6 MB to 332.0 MB.
Total: 12.036500 ms (FindLiveObjects: 0.892700 ms CreateObjectMapping: 2.426600 ms MarkObjects: 5.445400 ms  DeleteObjects: 3.270700 ms)

Prepare: number of updated asset objects reloaded= 0
========================================================================
Received Prepare
AcceleratorClientConnectionCallback - disconnected - :0
Begin MonoManager ReloadAssembly
Native extension for WindowsStandalone target not found
Native extension for WebGL target not found
[Package Manager] Failed to launch server process. Reason: Unity was launched with the -noUpm command-line argument
[Package Manager] Unable to send message (not connected to server process).
[Package Manager] Cannot connect to Unity Package Manager local server
[Package Manager] Failed to launch server process. Reason: Unity was launched with the -noUpm command-line argument
[Package Manager] Unable to send message (not connected to server process).
[Package Manager] Cannot connect to Unity Package Manager local server
ScheduleIndexationOnStartup MainProcess:False IndexOnStartup:True
Mono: successfully reloaded assembly
- Finished resetting the current domain, in  1.108 seconds
Domain Reload Profiling: 2026ms
	BeginReloadAssembly (285ms)
		DisableScriptedObjects (9ms)
		CreateAndSetChildDomain (58ms)
	RebuildCommonClasses (13ms)
	RebuildNativeTypeToScriptingClass (26ms)
	initialDomainReloadingComplete (87ms)
	LoadAllAssembliesAndSetupDomain (505ms)
		LoadAssemblies (448ms)
		AnalyzeDomain (35ms)
			TypeCache.Refresh (14ms)
			ResolveRequiredComponents (12ms)
	FinalizeReload (1110ms)
		SetupLoadedEditorAssemblies (0ms)
			InitializePlatformSupportModulesInManaged (3ms)
			BeforeProcessingInitializeOnLoad (136ms)
			ProcessInitializeOnLoadAttributes (461ms)
			ProcessInitializeOnLoadMethodAttributes (190ms)
			AfterProcessingInitializeOnLoad (11ms)
		AwakeInstancesAfterBackupRestoration (33ms)
Refreshing native plugins compatible for Editor in 3.69 ms, found 4 plugins.
Unloading 22 Unused Serialized files (Serialized files now loaded: 0)
Unloading 6430 unused Assets / (5.8 MB). Loaded Objects now: 7354.
Memory consumption went from 339.8 MB to 334.0 MB.
Total: 20.626200 ms (FindLiveObjects: 1.197800 ms CreateObjectMapping: 4.070700 ms MarkObjects: 9.620000 ms  DeleteObjects: 5.736500 ms)

Prepare: number of updated asset objects reloaded= 0
========================================================================
Received Prepare
AcceleratorClientConnectionCallback - disconnected - :0
Refreshing native plugins compatible for Editor in 2.15 ms, found 4 plugins.
Unloading 22 Unused Serialized files (Serialized files now loaded: 0)
Unloading 6419 unused Assets / (6.2 MB). Loaded Objects now: 7354.
Memory consumption went from 341.9 MB to 335.7 MB.
Total: 18.989300 ms (FindLiveObjects: 1.181800 ms CreateObjectMapping: 2.906500 ms MarkObjects: 7.997400 ms  DeleteObjects: 6.901500 ms)

Prepare: number of updated asset objects reloaded= 0
========================================================================
Received Import Request.
  Time of request: 2026-06-21T06:36:20.6880849Z
  Time since last request: 383.06530220000002 seconds.
  importAddress: GUID: 5036a60f22d8542ca830e4578804462b - Path: Assets/Assets/Prototype 1/Challenge 4/Scripts/PlayerControllerX.cs - Importer: PreviewImporter
Importing 'GUID: 5036a60f22d8542ca830e4578804462b - Path: Assets/Assets/Prototype 1/Challenge 4/Scripts/PlayerControllerX.cs - Importer: PreviewImporter' with importer (PreviewImporter)
Imported 'GUID: 5036a60f22d8542ca830e4578804462b' -> (Import Result ID: '3d070334380738230fb935b2881519fc') in 0.004 seconds [static and dynamic dependencies]. Details - ImportResultOutputID=98fc58cd4187e9b90cff940555925f94 DependenciesID=e9d17ce9d8f4d478088ef5baaca12323 StaticDependenciesID=25ffb045974d60fbe4cffe7043c37824 
Number of updated asset objects reloaded before import = 0
Number of asset objects unloaded after import = 0
========================================================================
Received Prepare
AcceleratorClientConnectionCallback - disconnected - :0
[Licensing::Client] Successfully resolved entitlement details
Begin MonoManager ReloadAssembly
Refreshing native plugins compatible for Editor in 2.01 ms, found 4 plugins.
Native extension for WindowsStandalone target not found
Native extension for WebGL target not found
[Package Manager] Failed to launch server process. Reason: Unity was launched with the -noUpm command-line argument
[Package Manager] Unable to send message (not connected to server process).
[Package Manager] Cannot connect to Unity Package Manager local server
[Package Manager] Failed to launch server process. Reason: Unity was launched with the -noUpm command-line argument
[Package Manager] Unable to send message (not connected to server process).
[Package Manager] Cannot connect to Unity Package Manager local server
ScheduleIndexationOnStartup MainProcess:False IndexOnStartup:True
Mono: successfully reloaded assembly
- Finished resetting the current domain, in  0.864 seconds
Domain Reload Profiling: 2132ms
	BeginReloadAssembly (278ms)
		DisableScriptedObjects (8ms)
		CreateAndSetChildDomain (54ms)
	RebuildCommonClasses (12ms)
	RebuildNativeTypeToScriptingClass (20ms)
	initialDomainReloadingComplete (86ms)
	LoadAllAssembliesAndSetupDomain (871ms)
		LoadAssemblies (538ms)
		AnalyzeDomain (308ms)
			TypeCache.Refresh (25ms)
			BuildScriptInfoCaches (268ms)
			ResolveRequiredComponents (11ms)
	FinalizeReload (865ms)
		SetupLoadedEditorAssemblies (0ms)
			InitializePlatformSupportModulesInManaged (3ms)
			BeforeProcessingInitializeOnLoad (112ms)
			ProcessInitializeOnLoadAttributes (313ms)
			ProcessInitializeOnLoadMethodAttributes (141ms)
			AfterProcessingInitializeOnLoad (8ms)
		AwakeInstancesAfterBackupRestoration (22ms)
Unloading 22 Unused Serialized files (Serialized files now loaded: 0)
Unloading 6430 unused Assets / (5.2 MB). Loaded Objects now: 7357.
Memory consumption went from 345.7 MB to 340.4 MB.
Total: 10.971600 ms (FindLiveObjects: 0.846400 ms CreateObjectMapping: 2.300600 ms MarkObjects: 4.930800 ms  DeleteObjects: 2.893200 ms)

Prepare: number of updated asset objects reloaded= 0
========================================================================
Received Prepare
AcceleratorClientConnectionCallback - disconnected - :0
Unloading 22 Unused Serialized files (Serialized files now loaded: 0)
Unloading 6419 unused Assets / (6.9 MB). Loaded Objects now: 7357.
Memory consumption went from 347.8 MB to 341.0 MB.
Total: 14.584600 ms (FindLiveObjects: 0.953800 ms CreateObjectMapping: 2.537900 ms MarkObjects: 6.114000 ms  DeleteObjects: 4.977000 ms)

Prepare: number of updated asset objects reloaded= 0
========================================================================
Received Prepare
AcceleratorClientConnectionCallback - disconnected - :0
Begin MonoManager ReloadAssembly
Refreshing native plugins compatible for Editor in 2.75 ms, found 4 plugins.
Native extension for WindowsStandalone target not found
Native extension for WebGL target not found
[Package Manager] Failed to launch server process. Reason: Unity was launched with the -noUpm command-line argument
[Package Manager] Unable to send message (not connected to server process).
[Package Manager] Cannot connect to Unity Package Manager local server
[Package Manager] Failed to launch server process. Reason: Unity was launched with the -noUpm command-line argument
[Package Manager] Unable to send message (not connected to server process).
[Package Manager] Cannot connect to Unity Package Manager local server
ScheduleIndexationOnStartup MainProcess:False IndexOnStartup:True
Mono: successfully reloaded assembly
- Finished resetting the current domain, in  0.852 seconds
Domain Reload Profiling: 2024ms
	BeginReloadAssembly (283ms)
		DisableScriptedObjects (11ms)
		CreateAndSetChildDomain (61ms)
	RebuildCommonClasses (13ms)
	RebuildNativeTypeToScriptingClass (21ms)
	initialDomainReloadingComplete (90ms)
	LoadAllAssembliesAndSetupDomain (765ms)
		LoadAssemblies (447ms)
		AnalyzeDomain (285ms)
			TypeCache.Refresh (19ms)
			BuildScriptInfoCaches (255ms)
			ResolveRequiredComponents (9ms)
	FinalizeReload (853ms)
		SetupLoadedEditorAssemblies (0ms)
			InitializePlatformSupportModulesInManaged (3ms)
			BeforeProcessingInitializeOnLoad (117ms)
			ProcessInitializeOnLoadAttributes (318ms)
			ProcessInitializeOnLoadMethodAttributes (139ms)
			AfterProcessingInitializeOnLoad (8ms)
		AwakeInstancesAfterBackupRestoration (22ms)
Unloading 22 Unused Serialized files (Serialized files now loaded: 0)
Unloading 6430 unused Assets / (5.4 MB). Loaded Objects now: 7360.
Memory consumption went from 351.2 MB to 345.8 MB.
Total: 11.576600 ms (FindLiveObjects: 0.942200 ms CreateObjectMapping: 2.424000 ms MarkObjects: 4.992900 ms  DeleteObjects: 3.216600 ms)

Prepare: number of updated asset objects reloaded= 0
========================================================================
Received Prepare
AcceleratorClientConnectionCallback - disconnected - :0
Refreshing native plugins compatible for Editor in 2.12 ms, found 4 plugins.
Unloading 22 Unused Serialized files (Serialized files now loaded: 0)
Unloading 6419 unused Assets / (5.5 MB). Loaded Objects now: 7360.
Memory consumption went from 353.3 MB to 347.8 MB.
Total: 15.029400 ms (FindLiveObjects: 0.980300 ms CreateObjectMapping: 2.510000 ms MarkObjects: 7.705600 ms  DeleteObjects: 3.832500 ms)

Prepare: number of updated asset objects reloaded= 0
========================================================================
Received Prepare
AcceleratorClientConnectionCallback - disconnected - :0
[Licensing::Client] Successfully resolved entitlement details
Begin MonoManager ReloadAssembly
Native extension for WindowsStandalone target not found
Native extension for WebGL target not found
[Package Manager] Failed to launch server process. Reason: Unity was launched with the -noUpm command-line argument
[Package Manager] Unable to send message (not connected to server process).
[Package Manager] Cannot connect to Unity Package Manager local server
[Package Manager] Failed to launch server process. Reason: Unity was launched with the -noUpm command-line argument
[Package Manager] Unable to send message (not connected to server process).
[Package Manager] Cannot connect to Unity Package Manager local server
ScheduleIndexationOnStartup MainProcess:False IndexOnStartup:True
Mono: successfully reloaded assembly
- Finished resetting the current domain, in  0.873 seconds
Domain Reload Profiling: 2078ms
	BeginReloadAssembly (285ms)
		DisableScriptedObjects (13ms)
		CreateAndSetChildDomain (58ms)
	RebuildCommonClasses (12ms)
	RebuildNativeTypeToScriptingClass (24ms)
	initialDomainReloadingComplete (79ms)
	LoadAllAssembliesAndSetupDomain (804ms)
		LoadAssemblies (445ms)
		AnalyzeDomain (289ms)
			TypeCache.Refresh (16ms)
			BuildScriptInfoCaches (262ms)
			ResolveRequiredComponents (9ms)
	FinalizeReload (875ms)
		SetupLoadedEditorAssemblies (0ms)
			InitializePlatformSupportModulesInManaged (3ms)
			BeforeProcessingInitializeOnLoad (124ms)
			ProcessInitializeOnLoadAttributes (320ms)
			ProcessInitializeOnLoadMethodAttributes (138ms)
			AfterProcessingInitializeOnLoad (8ms)
		AwakeInstancesAfterBackupRestoration (22ms)
Unloading 22 Unused Serialized files (Serialized files now loaded: 0)
Unloading 6430 unused Assets / (5.3 MB). Loaded Objects now: 7363.
Memory consumption went from 356.0 MB to 350.8 MB.
Total: 11.325500 ms (FindLiveObjects: 0.935400 ms CreateObjectMapping: 2.291000 ms MarkObjects: 4.892600 ms  DeleteObjects: 3.205000 ms)

Prepare: number of updated asset objects reloaded= 0
========================================================================
Received Prepare
AcceleratorClientConnectionCallback - disconnected - :0
Begin MonoManager ReloadAssembly
Native extension for WindowsStandalone target not found
Native extension for WebGL target not found
[Package Manager] Failed to launch server process. Reason: Unity was launched with the -noUpm command-line argument
[Package Manager] Unable to send message (not connected to server process).
[Package Manager] Cannot connect to Unity Package Manager local server
[Package Manager] Failed to launch server process. Reason: Unity was launched with the -noUpm command-line argument
[Package Manager] Unable to send message (not connected to server process).
[Package Manager] Cannot connect to Unity Package Manager local server
ScheduleIndexationOnStartup MainProcess:False IndexOnStartup:True
Mono: successfully reloaded assembly
- Finished resetting the current domain, in  1.008 seconds
Domain Reload Profiling: 1924ms
	BeginReloadAssembly (302ms)
		DisableScriptedObjects (12ms)
		CreateAndSetChildDomain (59ms)
	RebuildCommonClasses (11ms)
	RebuildNativeTypeToScriptingClass (21ms)
	initialDomainReloadingComplete (86ms)
	LoadAllAssembliesAndSetupDomain (493ms)
		LoadAssemblies (459ms)
		AnalyzeDomain (38ms)
			TypeCache.Refresh (22ms)
			ResolveRequiredComponents (11ms)
	FinalizeReload (1010ms)
		SetupLoadedEditorAssemblies (0ms)
			InitializePlatformSupportModulesInManaged (3ms)
			BeforeProcessingInitializeOnLoad (116ms)
			ProcessInitializeOnLoadAttributes (384ms)
			ProcessInitializeOnLoadMethodAttributes (196ms)
			AfterProcessingInitializeOnLoad (10ms)
		AwakeInstancesAfterBackupRestoration (37ms)
Refreshing native plugins compatible for Editor in 3.66 ms, found 4 plugins.
Unloading 22 Unused Serialized files (Serialized files now loaded: 0)
Unloading 6430 unused Assets / (5.8 MB). Loaded Objects now: 7366.
Memory consumption went from 358.3 MB to 352.5 MB.
Total: 20.636500 ms (FindLiveObjects: 1.799700 ms CreateObjectMapping: 4.030800 ms MarkObjects: 8.887400 ms  DeleteObjects: 5.916300 ms)

Prepare: number of updated asset objects reloaded= 0
========================================================================
Received Prepare
AcceleratorClientConnectionCallback - disconnected - :0
Refreshing native plugins compatible for Editor in 2.01 ms, found 4 plugins.
Unloading 22 Unused Serialized files (Serialized files now loaded: 0)
Unloading 6419 unused Assets / (6.0 MB). Loaded Objects now: 7366.
Memory consumption went from 360.4 MB to 354.4 MB.
Total: 15.013400 ms (FindLiveObjects: 0.932400 ms CreateObjectMapping: 2.534800 ms MarkObjects: 6.182600 ms  DeleteObjects: 5.362200 ms)

Prepare: number of updated asset objects reloaded= 0
========================================================================
Received Prepare
AcceleratorClientConnectionCallback - disconnected - :0
Unloading 22 Unused Serialized files (Serialized files now loaded: 0)
Unloading 6419 unused Assets / (5.7 MB). Loaded Objects now: 7366.
Memory consumption went from 362.4 MB to 356.7 MB.
Total: 17.972200 ms (FindLiveObjects: 0.928000 ms CreateObjectMapping: 2.813700 ms MarkObjects: 8.647800 ms  DeleteObjects: 5.581300 ms)

Prepare: number of updated asset objects reloaded= 0
========================================================================
Received Prepare
AcceleratorClientConnectionCallback - disconnected - :0
Unloading 22 Unused Serialized files (Serialized files now loaded: 0)
Unloading 6419 unused Assets / (6.1 MB). Loaded Objects now: 7366.
Memory consumption went from 364.4 MB to 358.3 MB.
Total: 15.231400 ms (FindLiveObjects: 1.048300 ms CreateObjectMapping: 2.358800 ms MarkObjects: 5.847400 ms  DeleteObjects: 5.975600 ms)

Prepare: number of updated asset objects reloaded= 0
========================================================================
Received Prepare
AcceleratorClientConnectionCallback - disconnected - :0
[Licensing::Client] Successfully resolved entitlement details
Begin MonoManager ReloadAssembly
Native extension for WindowsStandalone target not found
Native extension for WebGL target not found
[Package Manager] Failed to launch server process. Reason: Unity was launched with the -noUpm command-line argument
[Package Manager] Unable to send message (not connected to server process).
[Package Manager] Cannot connect to Unity Package Manager local server
[Package Manager] Failed to launch server process. Reason: Unity was launched with the -noUpm command-line argument
[Package Manager] Unable to send message (not connected to server process).
[Package Manager] Cannot connect to Unity Package Manager local server
ScheduleIndexationOnStartup MainProcess:False IndexOnStartup:True
Mono: successfully reloaded assembly
- Finished resetting the current domain, in  0.896 seconds
Domain Reload Profiling: 2087ms
	BeginReloadAssembly (327ms)
		DisableScriptedObjects (9ms)
		CreateAndSetChildDomain (80ms)
	RebuildCommonClasses (14ms)
	RebuildNativeTypeToScriptingClass (22ms)
	initialDomainReloadingComplete (90ms)
	LoadAllAssembliesAndSetupDomain (737ms)
		LoadAssemblies (438ms)
		AnalyzeDomain (291ms)
			TypeCache.Refresh (18ms)
			BuildScriptInfoCaches (261ms)
			ResolveRequiredComponents (9ms)
	FinalizeReload (898ms)
		SetupLoadedEditorAssemblies (0ms)
			InitializePlatformSupportModulesInManaged (3ms)
			BeforeProcessingInitializeOnLoad (113ms)
			ProcessInitializeOnLoadAttributes (333ms)
			ProcessInitializeOnLoadMethodAttributes (147ms)
			AfterProcessingInitializeOnLoad (9ms)
		AwakeInstancesAfterBackupRestoration (24ms)
Refreshing native plugins compatible for Editor in 2.36 ms, found 4 plugins.
Unloading 22 Unused Serialized files (Serialized files now loaded: 0)
Unloading 6430 unused Assets / (6.0 MB). Loaded Objects now: 7369.
Memory consumption went from 368.0 MB to 362.0 MB.
Total: 14.010800 ms (FindLiveObjects: 1.520700 ms CreateObjectMapping: 2.573700 ms MarkObjects: 6.264800 ms  DeleteObjects: 3.649300 ms)

Prepare: number of updated asset objects reloaded= 0
========================================================================
Received Prepare
AcceleratorClientConnectionCallback - disconnected - :0
Begin MonoManager ReloadAssembly
Native extension for WindowsStandalone target not found
Native extension for WebGL target not found
[Package Manager] Failed to launch server process. Reason: Unity was launched with the -noUpm command-line argument
[Package Manager] Unable to send message (not connected to server process).
[Package Manager] Cannot connect to Unity Package Manager local server
[Package Manager] Failed to launch server process. Reason: Unity was launched with the -noUpm command-line argument
[Package Manager] Unable to send message (not connected to server process).
[Package Manager] Cannot connect to Unity Package Manager local server
ScheduleIndexationOnStartup MainProcess:False IndexOnStartup:True
Mono: successfully reloaded assembly
- Finished resetting the current domain, in  1.008 seconds
Domain Reload Profiling: 1929ms
	BeginReloadAssembly (304ms)
		DisableScriptedObjects (9ms)
		CreateAndSetChildDomain (66ms)
	RebuildCommonClasses (11ms)
	RebuildNativeTypeToScriptingClass (22ms)
	initialDomainReloadingComplete (82ms)
	LoadAllAssembliesAndSetupDomain (499ms)
		LoadAssemblies (458ms)
		AnalyzeDomain (34ms)
			TypeCache.Refresh (18ms)
			ResolveRequiredComponents (11ms)
	FinalizeReload (1010ms)
		SetupLoadedEditorAssemblies (0ms)
			InitializePlatformSupportModulesInManaged (3ms)
			BeforeProcessingInitializeOnLoad (121ms)
			ProcessInitializeOnLoadAttributes (364ms)
			ProcessInitializeOnLoadMethodAttributes (192ms)
			AfterProcessingInitializeOnLoad (10ms)
		AwakeInstancesAfterBackupRestoration (38ms)
Refreshing native plugins compatible for Editor in 3.11 ms, found 4 plugins.
Unloading 22 Unused Serialized files (Serialized files now loaded: 0)
Unloading 6430 unused Assets / (5.6 MB). Loaded Objects now: 7372.
Memory consumption went from 370.6 MB to 365.0 MB.
Total: 22.021800 ms (FindLiveObjects: 2.126500 ms CreateObjectMapping: 3.654600 ms MarkObjects: 10.456500 ms  DeleteObjects: 5.782100 ms)

Prepare: number of updated asset objects reloaded= 0
========================================================================
Received Prepare
AcceleratorClientConnectionCallback - disconnected - :0
Unloading 22 Unused Serialized files (Serialized files now loaded: 0)
Unloading 6419 unused Assets / (5.3 MB). Loaded Objects now: 7372.
Memory consumption went from 372.8 MB to 367.5 MB.
Total: 14.485000 ms (FindLiveObjects: 1.249700 ms CreateObjectMapping: 3.142300 ms MarkObjects: 6.434400 ms  DeleteObjects: 3.656900 ms)

Prepare: number of updated asset objects reloaded= 0
========================================================================
Received Prepare
AcceleratorClientConnectionCallback - disconnected - :0
[Licensing::Client] Successfully resolved entitlement details
Begin MonoManager ReloadAssembly
Native extension for WindowsStandalone target not found
Native extension for WebGL target not found
[Package Manager] Failed to launch server process. Reason: Unity was launched with the -noUpm command-line argument
[Package Manager] Unable to send message (not connected to server process).
[Package Manager] Cannot connect to Unity Package Manager local server
[Package Manager] Failed to launch server process. Reason: Unity was launched with the -noUpm command-line argument
[Package Manager] Unable to send message (not connected to server process).
[Package Manager] Cannot connect to Unity Package Manager local server
ScheduleIndexationOnStartup MainProcess:False IndexOnStartup:True
Mono: successfully reloaded assembly
- Finished resetting the current domain, in  0.869 seconds
Domain Reload Profiling: 2060ms
	BeginReloadAssembly (313ms)
		DisableScriptedObjects (9ms)
		CreateAndSetChildDomain (65ms)
	RebuildCommonClasses (12ms)
	RebuildNativeTypeToScriptingClass (23ms)
	initialDomainReloadingComplete (80ms)
	LoadAllAssembliesAndSetupDomain (761ms)
		LoadAssemblies (453ms)
		AnalyzeDomain (304ms)
			TypeCache.Refresh (14ms)
			BuildScriptInfoCaches (277ms)
			ResolveRequiredComponents (11ms)
	FinalizeReload (870ms)
		SetupLoadedEditorAssemblies (0ms)
			InitializePlatformSupportModulesInManaged (3ms)
			BeforeProcessingInitializeOnLoad (112ms)
			ProcessInitializeOnLoadAttributes (313ms)
			ProcessInitializeOnLoadMethodAttributes (135ms)
			AfterProcessingInitializeOnLoad (8ms)
		AwakeInstancesAfterBackupRestoration (22ms)
Unloading 22 Unused Serialized files (Serialized files now loaded: 0)
Unloading 6430 unused Assets / (5.3 MB). Loaded Objects now: 7375.
Memory consumption went from 376.1 MB to 370.8 MB.
Total: 11.259300 ms (FindLiveObjects: 0.866800 ms CreateObjectMapping: 2.514100 ms MarkObjects: 5.041800 ms  DeleteObjects: 2.835500 ms)

Prepare: number of updated asset objects reloaded= 0
========================================================================
Received Prepare
AcceleratorClientConnectionCallback - disconnected - :0
Refreshing native plugins compatible for Editor in 2.05 ms, found 4 plugins.
Unloading 22 Unused Serialized files (Serialized files now loaded: 0)
Unloading 6419 unused Assets / (5.3 MB). Loaded Objects now: 7375.
Memory consumption went from 378.2 MB to 372.9 MB.
Total: 13.943400 ms (FindLiveObjects: 0.937500 ms CreateObjectMapping: 2.572100 ms MarkObjects: 6.572100 ms  DeleteObjects: 3.860600 ms)

Prepare: number of updated asset objects reloaded= 0
========================================================================
Received Prepare
AcceleratorClientConnectionCallback - disconnected - :0
Refreshing native plugins compatible for Editor in 2.19 ms, found 4 plugins.
Unloading 22 Unused Serialized files (Serialized files now loaded: 0)
Unloading 6419 unused Assets / (5.6 MB). Loaded Objects now: 7375.
Memory consumption went from 380.2 MB to 374.5 MB.
Total: 16.758700 ms (FindLiveObjects: 1.466500 ms CreateObjectMapping: 3.607900 ms MarkObjects: 6.109300 ms  DeleteObjects: 5.573000 ms)

Prepare: number of updated asset objects reloaded= 0
========================================================================
Received Prepare
AcceleratorClientConnectionCallback - disconnected - :0
[Licensing::Client] Successfully resolved entitlement details
Begin MonoManager ReloadAssembly
Native extension for WindowsStandalone target not found
Native extension for WebGL target not found
[Package Manager] Failed to launch server process. Reason: Unity was launched with the -noUpm command-line argument
[Package Manager] Unable to send message (not connected to server process).
[Package Manager] Cannot connect to Unity Package Manager local server
[Package Manager] Failed to launch server process. Reason: Unity was launched with the -noUpm command-line argument
[Package Manager] Unable to send message (not connected to server process).
[Package Manager] Cannot connect to Unity Package Manager local server
ScheduleIndexationOnStartup MainProcess:False IndexOnStartup:True
Mono: successfully reloaded assembly
- Finished resetting the current domain, in  0.935 seconds
Domain Reload Profiling: 2115ms
	BeginReloadAssembly (294ms)
		DisableScriptedObjects (11ms)
		CreateAndSetChildDomain (65ms)
	RebuildCommonClasses (13ms)
	RebuildNativeTypeToScriptingClass (25ms)
	initialDomainReloadingComplete (93ms)
	LoadAllAssembliesAndSetupDomain (755ms)
		LoadAssemblies (462ms)
		AnalyzeDomain (282ms)
			TypeCache.Refresh (19ms)
			BuildScriptInfoCaches (251ms)
			ResolveRequiredComponents (9ms)
	FinalizeReload (936ms)
		SetupLoadedEditorAssemblies (0ms)
			InitializePlatformSupportModulesInManaged (3ms)
			BeforeProcessingInitializeOnLoad (119ms)
			ProcessInitializeOnLoadAttributes (354ms)
			ProcessInitializeOnLoadMethodAttributes (147ms)
			AfterProcessingInitializeOnLoad (8ms)
		AwakeInstancesAfterBackupRestoration (22ms)
Unloading 22 Unused Serialized files (Serialized files now loaded: 0)
Unloading 6430 unused Assets / (5.5 MB). Loaded Objects now: 7378.
Memory consumption went from 383.3 MB to 377.8 MB.
Total: 12.643500 ms (FindLiveObjects: 1.087300 ms CreateObjectMapping: 2.604400 ms MarkObjects: 5.447900 ms  DeleteObjects: 3.502800 ms)

Prepare: number of updated asset objects reloaded= 0
========================================================================
Received Prepare
AcceleratorClientConnectionCallback - disconnected - :0
Unloading 22 Unused Serialized files (Serialized files now loaded: 0)
Unloading 6419 unused Assets / (6.0 MB). Loaded Objects now: 7378.
Memory consumption went from 385.4 MB to 379.4 MB.
Total: 14.849100 ms (FindLiveObjects: 1.049700 ms CreateObjectMapping: 2.623600 ms MarkObjects: 6.640100 ms  DeleteObjects: 4.534200 ms)

Prepare: number of updated asset objects reloaded= 0
========================================================================
Received Prepare
AcceleratorClientConnectionCallback - disconnected - :0
Refreshing native plugins compatible for Editor in 2.50 ms, found 4 plugins.
Unloading 22 Unused Serialized files (Serialized files now loaded: 0)
Unloading 6419 unused Assets / (5.7 MB). Loaded Objects now: 7378.
Memory consumption went from 387.4 MB to 381.7 MB.
Total: 17.733500 ms (FindLiveObjects: 1.038400 ms CreateObjectMapping: 2.561000 ms MarkObjects: 8.684000 ms  DeleteObjects: 5.448100 ms)

Prepare: number of updated asset objects reloaded= 0
========================================================================
Received Prepare
AcceleratorClientConnectionCallback - disconnected - :0
Refreshing native plugins compatible for Editor in 2.12 ms, found 4 plugins.
Unloading 22 Unused Serialized files (Serialized files now loaded: 0)
Unloading 6419 unused Assets / (5.7 MB). Loaded Objects now: 7378.
Memory consumption went from 389.4 MB to 383.7 MB.
Total: 15.244300 ms (FindLiveObjects: 1.494300 ms CreateObjectMapping: 2.630000 ms MarkObjects: 7.223000 ms  DeleteObjects: 3.895400 ms)

Prepare: number of updated asset objects reloaded= 0
========================================================================
Received Prepare
AcceleratorClientConnectionCallback - disconnected - :0
[Licensing::Client] Successfully resolved entitlement details
Begin MonoManager ReloadAssembly
Native extension for WindowsStandalone target not found
Native extension for WebGL target not found
[Package Manager] Failed to launch server process. Reason: Unity was launched with the -noUpm command-line argument
[Package Manager] Unable to send message (not connected to server process).
[Package Manager] Cannot connect to Unity Package Manager local server
[Package Manager] Failed to launch server process. Reason: Unity was launched with the -noUpm command-line argument
[Package Manager] Unable to send message (not connected to server process).
[Package Manager] Cannot connect to Unity Package Manager local server
ScheduleIndexationOnStartup MainProcess:False IndexOnStartup:True
Mono: successfully reloaded assembly
- Finished resetting the current domain, in  0.878 seconds
Domain Reload Profiling: 2115ms
	BeginReloadAssembly (294ms)
		DisableScriptedObjects (8ms)
		CreateAndSetChildDomain (71ms)
	RebuildCommonClasses (13ms)
	RebuildNativeTypeToScriptingClass (25ms)
	initialDomainReloadingComplete (94ms)
	LoadAllAssembliesAndSetupDomain (809ms)
		LoadAssemblies (502ms)
		AnalyzeDomain (288ms)
			TypeCache.Refresh (16ms)
			BuildScriptInfoCaches (260ms)
			ResolveRequiredComponents (9ms)
	FinalizeReload (880ms)
		SetupLoadedEditorAssemblies (0ms)
			InitializePlatformSupportModulesInManaged (3ms)
			BeforeProcessingInitializeOnLoad (115ms)
			ProcessInitializeOnLoadAttributes (326ms)
			ProcessInitializeOnLoadMethodAttributes (136ms)
			AfterProcessingInitializeOnLoad (8ms)
		AwakeInstancesAfterBackupRestoration (25ms)
Unloading 22 Unused Serialized files (Serialized files now loaded: 0)
Unloading 6430 unused Assets / (5.4 MB). Loaded Objects now: 7381.
Memory consumption went from 392.7 MB to 387.3 MB.
Total: 12.239000 ms (FindLiveObjects: 0.886400 ms CreateObjectMapping: 2.413300 ms MarkObjects: 5.874200 ms  DeleteObjects: 3.063700 ms)

Prepare: number of updated asset objects reloaded= 0
========================================================================
Received Prepare
AcceleratorClientConnectionCallback - disconnected - :0
[Licensing::Client] Successfully resolved entitlement details
Begin MonoManager ReloadAssembly
Refreshing native plugins compatible for Editor in 2.73 ms, found 4 plugins.
Native extension for WindowsStandalone target not found
Native extension for WebGL target not found
[Package Manager] Failed to launch server process. Reason: Unity was launched with the -noUpm command-line argument
[Package Manager] Unable to send message (not connected to server process).
[Package Manager] Cannot connect to Unity Package Manager local server
[Package Manager] Failed to launch server process. Reason: Unity was launched with the -noUpm command-line argument
[Package Manager] Unable to send message (not connected to server process).
[Package Manager] Cannot connect to Unity Package Manager local server
ScheduleIndexationOnStartup MainProcess:False IndexOnStartup:True
Mono: successfully reloaded assembly
- Finished resetting the current domain, in  1.384 seconds
Domain Reload Profiling: 2392ms
	BeginReloadAssembly (337ms)
		DisableScriptedObjects (10ms)
		CreateAndSetChildDomain (66ms)
	RebuildCommonClasses (14ms)
	RebuildNativeTypeToScriptingClass (28ms)
	initialDomainReloadingComplete (108ms)
	LoadAllAssembliesAndSetupDomain (520ms)
		LoadAssemblies (507ms)
		AnalyzeDomain (34ms)
			TypeCache.Refresh (13ms)
			ResolveRequiredComponents (13ms)
	FinalizeReload (1385ms)
		SetupLoadedEditorAssemblies (0ms)
			InitializePlatformSupportModulesInManaged (3ms)
			BeforeProcessingInitializeOnLoad (183ms)
			ProcessInitializeOnLoadAttributes (632ms)
			ProcessInitializeOnLoadMethodAttributes (218ms)
			AfterProcessingInitializeOnLoad (10ms)
		AwakeInstancesAfterBackupRestoration (34ms)
Refreshing native plugins compatible for Editor in 2.83 ms, found 4 plugins.
Unloading 22 Unused Serialized files (Serialized files now loaded: 0)
Unloading 6430 unused Assets / (5.7 MB). Loaded Objects now: 7384.
Memory consumption went from 395.0 MB to 389.3 MB.
Total: 20.306400 ms (FindLiveObjects: 1.105700 ms CreateObjectMapping: 3.486200 ms MarkObjects: 10.128100 ms  DeleteObjects: 5.585100 ms)

Prepare: number of updated asset objects reloaded= 0
========================================================================
Received Prepare
AcceleratorClientConnectionCallback - disconnected - :0
Unloading 22 Unused Serialized files (Serialized files now loaded: 0)
Unloading 6419 unused Assets / (5.3 MB). Loaded Objects now: 7384.
Memory consumption went from 397.1 MB to 391.8 MB.
Total: 12.268100 ms (FindLiveObjects: 0.944000 ms CreateObjectMapping: 2.520100 ms MarkObjects: 5.499300 ms  DeleteObjects: 3.303300 ms)

Prepare: number of updated asset objects reloaded= 0
========================================================================
Received Prepare
AcceleratorClientConnectionCallback - disconnected - :0
[Licensing::Client] Successfully resolved entitlement details
Begin MonoManager ReloadAssembly
Native extension for WindowsStandalone target not found
Native extension for WebGL target not found
[Package Manager] Failed to launch server process. Reason: Unity was launched with the -noUpm command-line argument
[Package Manager] Unable to send message (not connected to server process).
[Package Manager] Cannot connect to Unity Package Manager local server
[Package Manager] Failed to launch server process. Reason: Unity was launched with the -noUpm command-line argument
[Package Manager] Unable to send message (not connected to server process).
[Package Manager] Cannot connect to Unity Package Manager local server
ScheduleIndexationOnStartup MainProcess:False IndexOnStartup:True
Mono: successfully reloaded assembly
- Finished resetting the current domain, in  0.970 seconds
Domain Reload Profiling: 2165ms
	BeginReloadAssembly (280ms)
		DisableScriptedObjects (8ms)
		CreateAndSetChildDomain (60ms)
	RebuildCommonClasses (11ms)
	RebuildNativeTypeToScriptingClass (23ms)
	initialDomainReloadingComplete (89ms)
	LoadAllAssembliesAndSetupDomain (790ms)
		LoadAssemblies (442ms)
		AnalyzeDomain (319ms)
			TypeCache.Refresh (17ms)
			BuildScriptInfoCaches (291ms)
			ResolveRequiredComponents (9ms)
	FinalizeReload (972ms)
		SetupLoadedEditorAssemblies (0ms)
			InitializePlatformSupportModulesInManaged (4ms)
			BeforeProcessingInitializeOnLoad (146ms)
			ProcessInitializeOnLoadAttributes (325ms)
			ProcessInitializeOnLoadMethodAttributes (152ms)
			AfterProcessingInitializeOnLoad (9ms)
		AwakeInstancesAfterBackupRestoration (28ms)
Unloading 22 Unused Serialized files (Serialized files now loaded: 0)
Unloading 6430 unused Assets / (5.5 MB). Loaded Objects now: 7387.
Memory consumption went from 400.3 MB to 394.8 MB.
Total: 19.088000 ms (FindLiveObjects: 2.035000 ms CreateObjectMapping: 3.061100 ms MarkObjects: 6.477100 ms  DeleteObjects: 7.512300 ms)

Prepare: number of updated asset objects reloaded= 0
========================================================================
Received Prepare
AcceleratorClientConnectionCallback - disconnected - :0
Begin MonoManager ReloadAssembly
Native extension for WindowsStandalone target not found
Native extension for WebGL target not found
[Package Manager] Failed to launch server process. Reason: Unity was launched with the -noUpm command-line argument
[Package Manager] Unable to send message (not connected to server process).
[Package Manager] Cannot connect to Unity Package Manager local server
[Package Manager] Failed to launch server process. Reason: Unity was launched with the -noUpm command-line argument
[Package Manager] Unable to send message (not connected to server process).
[Package Manager] Cannot connect to Unity Package Manager local server
ScheduleIndexationOnStartup MainProcess:False IndexOnStartup:True
Mono: successfully reloaded assembly
- Finished resetting the current domain, in  0.978 seconds
Domain Reload Profiling: 1907ms
	BeginReloadAssembly (290ms)
		DisableScriptedObjects (10ms)
		CreateAndSetChildDomain (61ms)
	RebuildCommonClasses (12ms)
	RebuildNativeTypeToScriptingClass (24ms)
	initialDomainReloadingComplete (95ms)
	LoadAllAssembliesAndSetupDomain (507ms)
		LoadAssemblies (461ms)
		AnalyzeDomain (30ms)
			TypeCache.Refresh (14ms)
			ResolveRequiredComponents (11ms)
	FinalizeReload (979ms)
		SetupLoadedEditorAssemblies (0ms)
			InitializePlatformSupportModulesInManaged (3ms)
			BeforeProcessingInitializeOnLoad (119ms)
			ProcessInitializeOnLoadAttributes (343ms)
			ProcessInitializeOnLoadMethodAttributes (182ms)
			AfterProcessingInitializeOnLoad (11ms)
		AwakeInstancesAfterBackupRestoration (37ms)
Refreshing native plugins compatible for Editor in 2.54 ms, found 4 plugins.
Unloading 22 Unused Serialized files (Serialized files now loaded: 0)
Unloading 6430 unused Assets / (5.6 MB). Loaded Objects now: 7390.
Memory consumption went from 402.8 MB to 397.3 MB.
Total: 15.949800 ms (FindLiveObjects: 2.196000 ms CreateObjectMapping: 3.908200 ms MarkObjects: 6.724600 ms  DeleteObjects: 3.119300 ms)

Prepare: number of updated asset objects reloaded= 0
========================================================================
Received Prepare
AcceleratorClientConnectionCallback - disconnected - :0
Refreshing native plugins compatible for Editor in 2.26 ms, found 4 plugins.
Unloading 22 Unused Serialized files (Serialized files now loaded: 0)
Unloading 6419 unused Assets / (5.5 MB). Loaded Objects now: 7390.
Memory consumption went from 405.0 MB to 399.5 MB.
Total: 18.055000 ms (FindLiveObjects: 2.154600 ms CreateObjectMapping: 3.551600 ms MarkObjects: 7.836000 ms  DeleteObjects: 4.510300 ms)

Prepare: number of updated asset objects reloaded= 0
========================================================================
Received Prepare
AcceleratorClientConnectionCallback - disconnected - :0
[Licensing::Client] Successfully resolved entitlement details
Begin MonoManager ReloadAssembly
Native extension for WindowsStandalone target not found
Native extension for WebGL target not found
[Package Manager] Failed to launch server process. Reason: Unity was launched with the -noUpm command-line argument
[Package Manager] Unable to send message (not connected to server process).
[Package Manager] Cannot connect to Unity Package Manager local server
[Package Manager] Failed to launch server process. Reason: Unity was launched with the -noUpm command-line argument
[Package Manager] Unable to send message (not connected to server process).
[Package Manager] Cannot connect to Unity Package Manager local server
ScheduleIndexationOnStartup MainProcess:False IndexOnStartup:True
Mono: successfully reloaded assembly
- Finished resetting the current domain, in  0.969 seconds
Domain Reload Profiling: 2229ms
	BeginReloadAssembly (274ms)
		DisableScriptedObjects (8ms)
		CreateAndSetChildDomain (57ms)
	RebuildCommonClasses (12ms)
	RebuildNativeTypeToScriptingClass (21ms)
	initialDomainReloadingComplete (91ms)
	LoadAllAssembliesAndSetupDomain (860ms)
		LoadAssemblies (438ms)
		AnalyzeDomain (318ms)
			TypeCache.Refresh (19ms)
			BuildScriptInfoCaches (286ms)
			ResolveRequiredComponents (10ms)
	FinalizeReload (970ms)
		SetupLoadedEditorAssemblies (0ms)
			InitializePlatformSupportModulesInManaged (3ms)
			BeforeProcessingInitializeOnLoad (147ms)
			ProcessInitializeOnLoadAttributes (328ms)
			ProcessInitializeOnLoadMethodAttributes (141ms)
			AfterProcessingInitializeOnLoad (8ms)
		AwakeInstancesAfterBackupRestoration (22ms)
Unloading 22 Unused Serialized files (Serialized files now loaded: 0)
Unloading 6430 unused Assets / (5.4 MB). Loaded Objects now: 7393.
Memory consumption went from 408.3 MB to 402.9 MB.
Total: 11.599800 ms (FindLiveObjects: 0.878300 ms CreateObjectMapping: 2.464000 ms MarkObjects: 5.400900 ms  DeleteObjects: 2.855500 ms)

Prepare: number of updated asset objects reloaded= 0
========================================================================
Received Prepare
AcceleratorClientConnectionCallback - disconnected - :0
Begin MonoManager ReloadAssembly
Native extension for WindowsStandalone target not found
Native extension for WebGL target not found
[Package Manager] Failed to launch server process. Reason: Unity was launched with the -noUpm command-line argument
[Package Manager] Unable to send message (not connected to server process).
[Package Manager] Cannot connect to Unity Package Manager local server
[Package Manager] Failed to launch server process. Reason: Unity was launched with the -noUpm command-line argument
[Package Manager] Unable to send message (not connected to server process).
[Package Manager] Cannot connect to Unity Package Manager local server
ScheduleIndexationOnStartup MainProcess:False IndexOnStartup:True
Mono: successfully reloaded assembly
- Finished resetting the current domain, in  0.943 seconds
Domain Reload Profiling: 1842ms
	BeginReloadAssembly (298ms)
		DisableScriptedObjects (10ms)
		CreateAndSetChildDomain (64ms)
	RebuildCommonClasses (11ms)
	RebuildNativeTypeToScriptingClass (21ms)
	initialDomainReloadingComplete (83ms)
	LoadAllAssembliesAndSetupDomain (485ms)
		LoadAssemblies (442ms)
		AnalyzeDomain (33ms)
			TypeCache.Refresh (16ms)
			ResolveRequiredComponents (11ms)
	FinalizeReload (944ms)
		SetupLoadedEditorAssemblies (0ms)
			InitializePlatformSupportModulesInManaged (3ms)
			BeforeProcessingInitializeOnLoad (114ms)
			ProcessInitializeOnLoadAttributes (344ms)
			ProcessInitializeOnLoadMethodAttributes (178ms)
			AfterProcessingInitializeOnLoad (11ms)
		AwakeInstancesAfterBackupRestoration (37ms)
Refreshing native plugins compatible for Editor in 3.02 ms, found 4 plugins.
Unloading 22 Unused Serialized files (Serialized files now loaded: 0)
Unloading 6430 unused Assets / (5.7 MB). Loaded Objects now: 7396.
Memory consumption went from 410.7 MB to 404.9 MB.
Total: 19.303600 ms (FindLiveObjects: 1.629900 ms CreateObjectMapping: 3.835400 ms MarkObjects: 9.651700 ms  DeleteObjects: 4.185300 ms)

Prepare: number of updated asset objects reloaded= 0
========================================================================
Received Prepare
AcceleratorClientConnectionCallback - disconnected - :0
Refreshing native plugins compatible for Editor in 2.29 ms, found 4 plugins.
Unloading 22 Unused Serialized files (Serialized files now loaded: 0)
Unloading 6419 unused Assets / (5.5 MB). Loaded Objects now: 7396.
Memory consumption went from 412.8 MB to 407.3 MB.
Total: 13.638100 ms (FindLiveObjects: 0.963100 ms CreateObjectMapping: 2.878900 ms MarkObjects: 5.963400 ms  DeleteObjects: 3.831300 ms)

Prepare: number of updated asset objects reloaded= 0
========================================================================
Received Prepare
AcceleratorClientConnectionCallback - disconnected - :0
[Licensing::Client] Successfully resolved entitlement details
Begin MonoManager ReloadAssembly
Native extension for WindowsStandalone target not found
Native extension for WebGL target not found
[Package Manager] Failed to launch server process. Reason: Unity was launched with the -noUpm command-line argument
[Package Manager] Unable to send message (not connected to server process).
[Package Manager] Cannot connect to Unity Package Manager local server
[Package Manager] Failed to launch server process. Reason: Unity was launched with the -noUpm command-line argument
[Package Manager] Unable to send message (not connected to server process).
[Package Manager] Cannot connect to Unity Package Manager local server
ScheduleIndexationOnStartup MainProcess:False IndexOnStartup:True
Mono: successfully reloaded assembly
- Finished resetting the current domain, in  0.942 seconds
Domain Reload Profiling: 2118ms
	BeginReloadAssembly (285ms)
		DisableScriptedObjects (8ms)
		CreateAndSetChildDomain (62ms)
	RebuildCommonClasses (13ms)
	RebuildNativeTypeToScriptingClass (23ms)
	initialDomainReloadingComplete (87ms)
	LoadAllAssembliesAndSetupDomain (767ms)
		LoadAssemblies (442ms)
		AnalyzeDomain (302ms)
			TypeCache.Refresh (18ms)
			BuildScriptInfoCaches (273ms)
			ResolveRequiredComponents (9ms)
	FinalizeReload (943ms)
		SetupLoadedEditorAssemblies (0ms)
			InitializePlatformSupportModulesInManaged (4ms)
			BeforeProcessingInitializeOnLoad (138ms)
			ProcessInitializeOnLoadAttributes (339ms)
			ProcessInitializeOnLoadMethodAttributes (149ms)
			AfterProcessingInitializeOnLoad (8ms)
		AwakeInstancesAfterBackupRestoration (22ms)
Unloading 22 Unused Serialized files (Serialized files now loaded: 0)
Unloading 6430 unused Assets / (5.6 MB). Loaded Objects now: 7399.
Memory consumption went from 415.8 MB to 410.2 MB.
Total: 14.010900 ms (FindLiveObjects: 0.967600 ms CreateObjectMapping: 2.509600 ms MarkObjects: 5.721600 ms  DeleteObjects: 4.811000 ms)

Prepare: number of updated asset objects reloaded= 0
========================================================================
Received Prepare
AcceleratorClientConnectionCallback - disconnected - :0
Begin MonoManager ReloadAssembly
Native extension for WindowsStandalone target not found
Native extension for WebGL target not found
[Package Manager] Failed to launch server process. Reason: Unity was launched with the -noUpm command-line argument
[Package Manager] Unable to send message (not connected to server process).
[Package Manager] Cannot connect to Unity Package Manager local server
[Package Manager] Failed to launch server process. Reason: Unity was launched with the -noUpm command-line argument
[Package Manager] Unable to send message (not connected to server process).
[Package Manager] Cannot connect to Unity Package Manager local server
ScheduleIndexationOnStartup MainProcess:False IndexOnStartup:True
Mono: successfully reloaded assembly
- Finished resetting the current domain, in  0.983 seconds
Domain Reload Profiling: 1890ms
	BeginReloadAssembly (280ms)
		DisableScriptedObjects (9ms)
		CreateAndSetChildDomain (62ms)
	RebuildCommonClasses (11ms)
	RebuildNativeTypeToScriptingClass (21ms)
	initialDomainReloadingComplete (87ms)
	LoadAllAssembliesAndSetupDomain (506ms)
		LoadAssemblies (451ms)
		AnalyzeDomain (30ms)
			TypeCache.Refresh (15ms)
			ResolveRequiredComponents (10ms)
	FinalizeReload (986ms)
		SetupLoadedEditorAssemblies (0ms)
			InitializePlatformSupportModulesInManaged (3ms)
			BeforeProcessingInitializeOnLoad (131ms)
			ProcessInitializeOnLoadAttributes (349ms)
			ProcessInitializeOnLoadMethodAttributes (190ms)
			AfterProcessingInitializeOnLoad (11ms)
		AwakeInstancesAfterBackupRestoration (31ms)
Unloading 22 Unused Serialized files (Serialized files now loaded: 0)
Unloading 6430 unused Assets / (6.2 MB). Loaded Objects now: 7402.
Memory consumption went from 418.2 MB to 412.0 MB.
Total: 20.425500 ms (FindLiveObjects: 1.299200 ms CreateObjectMapping: 3.594400 ms MarkObjects: 8.798000 ms  DeleteObjects: 6.732800 ms)

Prepare: number of updated asset objects reloaded= 0
========================================================================
Received Prepare
AcceleratorClientConnectionCallback - disconnected - :0
Refreshing native plugins compatible for Editor in 2.38 ms, found 4 plugins.
Unloading 22 Unused Serialized files (Serialized files now loaded: 0)
Unloading 6419 unused Assets / (5.3 MB). Loaded Objects now: 7402.
Memory consumption went from 420.4 MB to 415.0 MB.
Total: 14.809900 ms (FindLiveObjects: 1.493800 ms CreateObjectMapping: 2.516500 ms MarkObjects: 6.128400 ms  DeleteObjects: 4.669300 ms)

Prepare: number of updated asset objects reloaded= 0
========================================================================
Received Prepare
AcceleratorClientConnectionCallback - disconnected - :0
Begin MonoManager ReloadAssembly
Native extension for WindowsStandalone target not found
Native extension for WebGL target not found
[Package Manager] Failed to launch server process. Reason: Unity was launched with the -noUpm command-line argument
[Package Manager] Unable to send message (not connected to server process).
[Package Manager] Cannot connect to Unity Package Manager local server
[Package Manager] Failed to launch server process. Reason: Unity was launched with the -noUpm command-line argument
[Package Manager] Unable to send message (not connected to server process).
[Package Manager] Cannot connect to Unity Package Manager local server
ScheduleIndexationOnStartup MainProcess:False IndexOnStartup:True
Mono: successfully reloaded assembly
- Finished resetting the current domain, in  0.887 seconds
Domain Reload Profiling: 2124ms
	BeginReloadAssembly (304ms)
		DisableScriptedObjects (9ms)
		CreateAndSetChildDomain (72ms)
	RebuildCommonClasses (12ms)
	RebuildNativeTypeToScriptingClass (21ms)
	initialDomainReloadingComplete (96ms)
	LoadAllAssembliesAndSetupDomain (802ms)
		LoadAssemblies (476ms)
		AnalyzeDomain (302ms)
			TypeCache.Refresh (18ms)
			BuildScriptInfoCaches (273ms)
			ResolveRequiredComponents (9ms)
	FinalizeReload (888ms)
		SetupLoadedEditorAssemblies (0ms)
			InitializePlatformSupportModulesInManaged (4ms)
			BeforeProcessingInitializeOnLoad (119ms)
			ProcessInitializeOnLoadAttributes (326ms)
			ProcessInitializeOnLoadMethodAttributes (140ms)
			AfterProcessingInitializeOnLoad (8ms)
		AwakeInstancesAfterBackupRestoration (23ms)
Unloading 22 Unused Serialized files (Serialized files now loaded: 0)
Unloading 6430 unused Assets / (5.6 MB). Loaded Objects now: 7405.
Memory consumption went from 423.6 MB to 418.0 MB.
Total: 12.288700 ms (FindLiveObjects: 1.172800 ms CreateObjectMapping: 2.690000 ms MarkObjects: 5.329000 ms  DeleteObjects: 3.095900 ms)

Prepare: number of updated asset objects reloaded= 0
========================================================================
Received Prepare
AcceleratorClientConnectionCallback - disconnected - :0
Refreshing native plugins compatible for Editor in 2.20 ms, found 4 plugins.
Unloading 22 Unused Serialized files (Serialized files now loaded: 0)
Unloading 6419 unused Assets / (5.7 MB). Loaded Objects now: 7405.
Memory consumption went from 425.8 MB to 420.1 MB.
Total: 15.744600 ms (FindLiveObjects: 1.095000 ms CreateObjectMapping: 2.590000 ms MarkObjects: 6.952700 ms  DeleteObjects: 5.105400 ms)

Prepare: number of updated asset objects reloaded= 0
========================================================================
Received Prepare
AcceleratorClientConnectionCallback - disconnected - :0
[Licensing::Client] Successfully resolved entitlement details
Begin MonoManager ReloadAssembly
Native extension for WindowsStandalone target not found
Native extension for WebGL target not found
[Package Manager] Failed to launch server process. Reason: Unity was launched with the -noUpm command-line argument
[Package Manager] Unable to send message (not connected to server process).
[Package Manager] Cannot connect to Unity Package Manager local server
[Package Manager] Failed to launch server process. Reason: Unity was launched with the -noUpm command-line argument
[Package Manager] Unable to send message (not connected to server process).
[Package Manager] Cannot connect to Unity Package Manager local server
ScheduleIndexationOnStartup MainProcess:False IndexOnStartup:True
Mono: successfully reloaded assembly
- Finished resetting the current domain, in  0.916 seconds
Domain Reload Profiling: 2122ms
	BeginReloadAssembly (281ms)
		DisableScriptedObjects (9ms)
		CreateAndSetChildDomain (62ms)
	RebuildCommonClasses (12ms)
	RebuildNativeTypeToScriptingClass (21ms)
	initialDomainReloadingComplete (133ms)
	LoadAllAssembliesAndSetupDomain (757ms)
		LoadAssemblies (450ms)
		AnalyzeDomain (287ms)
			TypeCache.Refresh (18ms)
			BuildScriptInfoCaches (257ms)
			ResolveRequiredComponents (9ms)
	FinalizeReload (917ms)
		SetupLoadedEditorAssemblies (0ms)
			InitializePlatformSupportModulesInManaged (3ms)
			BeforeProcessingInitializeOnLoad (123ms)
			ProcessInitializeOnLoadAttributes (339ms)
			ProcessInitializeOnLoadMethodAttributes (150ms)
			AfterProcessingInitializeOnLoad (11ms)
		AwakeInstancesAfterBackupRestoration (24ms)
Unloading 22 Unused Serialized files (Serialized files now loaded: 0)
Unloading 6430 unused Assets / (5.5 MB). Loaded Objects now: 7408.
Memory consumption went from 428.6 MB to 423.1 MB.
Total: 11.835300 ms (FindLiveObjects: 1.008800 ms CreateObjectMapping: 2.693600 ms MarkObjects: 5.167700 ms  DeleteObjects: 2.964200 ms)

Prepare: number of updated asset objects reloaded= 0
========================================================================
Received Prepare
AcceleratorClientConnectionCallback - disconnected - :0
Begin MonoManager ReloadAssembly
Native extension for WindowsStandalone target not found
Native extension for WebGL target not found
[Package Manager] Failed to launch server process. Reason: Unity was launched with the -noUpm command-line argument
[Package Manager] Unable to send message (not connected to server process).
[Package Manager] Cannot connect to Unity Package Manager local server
[Package Manager] Failed to launch server process. Reason: Unity was launched with the -noUpm command-line argument
[Package Manager] Unable to send message (not connected to server process).
[Package Manager] Cannot connect to Unity Package Manager local server
ScheduleIndexationOnStartup MainProcess:False IndexOnStartup:True
Mono: successfully reloaded assembly
- Finished resetting the current domain, in  0.982 seconds
Domain Reload Profiling: 1896ms
	BeginReloadAssembly (299ms)
		DisableScriptedObjects (12ms)
		CreateAndSetChildDomain (63ms)
	RebuildCommonClasses (12ms)
	RebuildNativeTypeToScriptingClass (28ms)
	initialDomainReloadingComplete (87ms)
	LoadAllAssembliesAndSetupDomain (486ms)
		LoadAssemblies (449ms)
		AnalyzeDomain (34ms)
			TypeCache.Refresh (15ms)
			ResolveRequiredComponents (12ms)
	FinalizeReload (984ms)
		SetupLoadedEditorAssemblies (0ms)
			InitializePlatformSupportModulesInManaged (3ms)
			BeforeProcessingInitializeOnLoad (118ms)
			ProcessInitializeOnLoadAttributes (355ms)
			ProcessInitializeOnLoadMethodAttributes (186ms)
			AfterProcessingInitializeOnLoad (11ms)
		AwakeInstancesAfterBackupRestoration (35ms)
Refreshing native plugins compatible for Editor in 2.57 ms, found 4 plugins.
Unloading 22 Unused Serialized files (Serialized files now loaded: 0)
Unloading 6430 unused Assets / (5.7 MB). Loaded Objects now: 7411.
Memory consumption went from 430.6 MB to 425.0 MB.
Total: 18.985100 ms (FindLiveObjects: 1.218300 ms CreateObjectMapping: 3.945000 ms MarkObjects: 8.621500 ms  DeleteObjects: 5.198700 ms)

Prepare: number of updated asset objects reloaded= 0
========================================================================
Received Prepare
AcceleratorClientConnectionCallback - disconnected - :0
Unloading 22 Unused Serialized files (Serialized files now loaded: 0)
Unloading 6419 unused Assets / (5.3 MB). Loaded Objects now: 7411.
Memory consumption went from 432.8 MB to 427.5 MB.
Total: 13.079900 ms (FindLiveObjects: 1.029500 ms CreateObjectMapping: 2.442900 ms MarkObjects: 6.328400 ms  DeleteObjects: 3.277700 ms)

Prepare: number of updated asset objects reloaded= 0
========================================================================
Received Prepare
AcceleratorClientConnectionCallback - disconnected - :0
[Licensing::Client] Successfully resolved entitlement details
Begin MonoManager ReloadAssembly
Refreshing native plugins compatible for Editor in 2.09 ms, found 4 plugins.
Native extension for WindowsStandalone target not found
Native extension for WebGL target not found
[Package Manager] Failed to launch server process. Reason: Unity was launched with the -noUpm command-line argument
[Package Manager] Unable to send message (not connected to server process).
[Package Manager] Cannot connect to Unity Package Manager local server
[Package Manager] Failed to launch server process. Reason: Unity was launched with the -noUpm command-line argument
[Package Manager] Unable to send message (not connected to server process).
[Package Manager] Cannot connect to Unity Package Manager local server
ScheduleIndexationOnStartup MainProcess:False IndexOnStartup:True
Mono: successfully reloaded assembly
- Finished resetting the current domain, in  0.945 seconds
Domain Reload Profiling: 2151ms
	BeginReloadAssembly (297ms)
		DisableScriptedObjects (8ms)
		CreateAndSetChildDomain (58ms)
	RebuildCommonClasses (16ms)
	RebuildNativeTypeToScriptingClass (22ms)
	initialDomainReloadingComplete (88ms)
	LoadAllAssembliesAndSetupDomain (782ms)
		LoadAssemblies (466ms)
		AnalyzeDomain (304ms)
			TypeCache.Refresh (24ms)
			BuildScriptInfoCaches (264ms)
			ResolveRequiredComponents (13ms)
	FinalizeReload (946ms)
		SetupLoadedEditorAssemblies (0ms)
			InitializePlatformSupportModulesInManaged (3ms)
			BeforeProcessingInitializeOnLoad (113ms)
			ProcessInitializeOnLoadAttributes (318ms)
			ProcessInitializeOnLoadMethodAttributes (162ms)
			AfterProcessingInitializeOnLoad (11ms)
		AwakeInstancesAfterBackupRestoration (32ms)
Unloading 22 Unused Serialized files (Serialized files now loaded: 0)
Unloading 6430 unused Assets / (5.4 MB). Loaded Objects now: 7414.
Memory consumption went from 435.8 MB to 430.4 MB.
Total: 13.778600 ms (FindLiveObjects: 0.950700 ms CreateObjectMapping: 2.413100 ms MarkObjects: 7.227200 ms  DeleteObjects: 3.186600 ms)

Prepare: number of updated asset objects reloaded= 0
========================================================================
Received Prepare
AcceleratorClientConnectionCallback - disconnected - :0
Begin MonoManager ReloadAssembly
Native extension for WindowsStandalone target not found
Native extension for WebGL target not found
[Package Manager] Failed to launch server process. Reason: Unity was launched with the -noUpm command-line argument
[Package Manager] Unable to send message (not connected to server process).
[Package Manager] Cannot connect to Unity Package Manager local server
[Package Manager] Failed to launch server process. Reason: Unity was launched with the -noUpm command-line argument
[Package Manager] Unable to send message (not connected to server process).
[Package Manager] Cannot connect to Unity Package Manager local server
ScheduleIndexationOnStartup MainProcess:False IndexOnStartup:True
Mono: successfully reloaded assembly
- Finished resetting the current domain, in  0.996 seconds
Domain Reload Profiling: 1910ms
	BeginReloadAssembly (300ms)
		DisableScriptedObjects (9ms)
		CreateAndSetChildDomain (67ms)
	RebuildCommonClasses (11ms)
	RebuildNativeTypeToScriptingClass (28ms)
	initialDomainReloadingComplete (87ms)
	LoadAllAssembliesAndSetupDomain (487ms)
		LoadAssemblies (447ms)
		AnalyzeDomain (32ms)
			TypeCache.Refresh (16ms)
			ResolveRequiredComponents (11ms)
	FinalizeReload (998ms)
		SetupLoadedEditorAssemblies (0ms)
			InitializePlatformSupportModulesInManaged (3ms)
			BeforeProcessingInitializeOnLoad (116ms)
			ProcessInitializeOnLoadAttributes (368ms)
			ProcessInitializeOnLoadMethodAttributes (202ms)
			AfterProcessingInitializeOnLoad (12ms)
		AwakeInstancesAfterBackupRestoration (33ms)
Refreshing native plugins compatible for Editor in 2.85 ms, found 4 plugins.
Unloading 22 Unused Serialized files (Serialized files now loaded: 0)
Unloading 6430 unused Assets / (5.9 MB). Loaded Objects now: 7417.
Memory consumption went from 438.5 MB to 432.6 MB.
Total: 20.139000 ms (FindLiveObjects: 1.339100 ms CreateObjectMapping: 4.833300 ms MarkObjects: 8.138900 ms  DeleteObjects: 5.826200 ms)

Prepare: number of updated asset objects reloaded= 0
========================================================================
Received Prepare
AcceleratorClientConnectionCallback - disconnected - :0
Unloading 22 Unused Serialized files (Serialized files now loaded: 0)
Unloading 6419 unused Assets / (5.5 MB). Loaded Objects now: 7417.
Memory consumption went from 440.6 MB to 435.1 MB.
Total: 16.967900 ms (FindLiveObjects: 1.809900 ms CreateObjectMapping: 3.505400 ms MarkObjects: 6.445300 ms  DeleteObjects: 5.205500 ms)

Prepare: number of updated asset objects reloaded= 0
========================================================================
Received Prepare
AcceleratorClientConnectionCallback - disconnected - :0
[Licensing::Client] Successfully resolved entitlement details
Begin MonoManager ReloadAssembly
Refreshing native plugins compatible for Editor in 2.35 ms, found 4 plugins.
Native extension for WindowsStandalone target not found
Native extension for WebGL target not found
[Package Manager] Failed to launch server process. Reason: Unity was launched with the -noUpm command-line argument
[Package Manager] Unable to send message (not connected to server process).
[Package Manager] Cannot connect to Unity Package Manager local server
[Package Manager] Failed to launch server process. Reason: Unity was launched with the -noUpm command-line argument
[Package Manager] Unable to send message (not connected to server process).
[Package Manager] Cannot connect to Unity Package Manager local server
ScheduleIndexationOnStartup MainProcess:False IndexOnStartup:True
Mono: successfully reloaded assembly
- Finished resetting the current domain, in  1.205 seconds
Domain Reload Profiling: 2350ms
	BeginReloadAssembly (278ms)
		DisableScriptedObjects (8ms)
		CreateAndSetChildDomain (57ms)
	RebuildCommonClasses (14ms)
	RebuildNativeTypeToScriptingClass (21ms)
	initialDomainReloadingComplete (81ms)
	LoadAllAssembliesAndSetupDomain (751ms)
		LoadAssemblies (443ms)
		AnalyzeDomain (296ms)
			TypeCache.Refresh (20ms)
			BuildScriptInfoCaches (262ms)
			ResolveRequiredComponents (11ms)
	FinalizeReload (1206ms)
		SetupLoadedEditorAssemblies (0ms)
			InitializePlatformSupportModulesInManaged (3ms)
			BeforeProcessingInitializeOnLoad (167ms)
			ProcessInitializeOnLoadAttributes (428ms)
			ProcessInitializeOnLoadMethodAttributes (206ms)
			AfterProcessingInitializeOnLoad (11ms)
		AwakeInstancesAfterBackupRestoration (43ms)
Refreshing native plugins compatible for Editor in 3.10 ms, found 4 plugins.
Unloading 22 Unused Serialized files (Serialized files now loaded: 0)
Unloading 6430 unused Assets / (5.5 MB). Loaded Objects now: 7420.
Memory consumption went from 443.8 MB to 438.3 MB.
Total: 18.875800 ms (FindLiveObjects: 1.665200 ms CreateObjectMapping: 3.775000 ms MarkObjects: 8.320100 ms  DeleteObjects: 5.114500 ms)

Prepare: number of updated asset objects reloaded= 0
========================================================================
Received Prepare
AcceleratorClientConnectionCallback - disconnected - :0
Refreshing native plugins compatible for Editor in 2.58 ms, found 4 plugins.
Unloading 22 Unused Serialized files (Serialized files now loaded: 0)
Unloading 6419 unused Assets / (6.0 MB). Loaded Objects now: 7420.
Memory consumption went from 445.9 MB to 440.0 MB.
Total: 20.712800 ms (FindLiveObjects: 2.229900 ms CreateObjectMapping: 3.639600 ms MarkObjects: 7.262800 ms  DeleteObjects: 7.578400 ms)

Prepare: number of updated asset objects reloaded= 0
========================================================================
Received Prepare
AcceleratorClientConnectionCallback - disconnected - :0
Begin MonoManager ReloadAssembly
Native extension for WindowsStandalone target not found
Native extension for WebGL target not found
[Package Manager] Failed to launch server process. Reason: Unity was launched with the -noUpm command-line argument
[Package Manager] Unable to send message (not connected to server process).
[Package Manager] Cannot connect to Unity Package Manager local server
[Package Manager] Failed to launch server process. Reason: Unity was launched with the -noUpm command-line argument
[Package Manager] Unable to send message (not connected to server process).
[Package Manager] Cannot connect to Unity Package Manager local server
ScheduleIndexationOnStartup MainProcess:False IndexOnStartup:True
Mono: successfully reloaded assembly
- Finished resetting the current domain, in  0.961 seconds
Domain Reload Profiling: 2134ms
	BeginReloadAssembly (290ms)
		DisableScriptedObjects (12ms)
		CreateAndSetChildDomain (63ms)
	RebuildCommonClasses (11ms)
	RebuildNativeTypeToScriptingClass (21ms)
	initialDomainReloadingComplete (79ms)
	LoadAllAssembliesAndSetupDomain (771ms)
		LoadAssemblies (448ms)
		AnalyzeDomain (303ms)
			TypeCache.Refresh (19ms)
			BuildScriptInfoCaches (273ms)
			ResolveRequiredComponents (9ms)
	FinalizeReload (963ms)
		SetupLoadedEditorAssemblies (0ms)
			InitializePlatformSupportModulesInManaged (3ms)
			BeforeProcessingInitializeOnLoad (119ms)
			ProcessInitializeOnLoadAttributes (360ms)
			ProcessInitializeOnLoadMethodAttributes (163ms)
			AfterProcessingInitializeOnLoad (9ms)
		AwakeInstancesAfterBackupRestoration (30ms)
Unloading 22 Unused Serialized files (Serialized files now loaded: 0)
Unloading 6430 unused Assets / (5.6 MB). Loaded Objects now: 7423.
Memory consumption went from 449.0 MB to 443.4 MB.
Total: 15.304100 ms (FindLiveObjects: 0.984000 ms CreateObjectMapping: 2.669700 ms MarkObjects: 6.320900 ms  DeleteObjects: 5.328200 ms)

Prepare: number of updated asset objects reloaded= 0
========================================================================
Received Prepare
AcceleratorClientConnectionCallback - disconnected - :0
Begin MonoManager ReloadAssembly
Native extension for WindowsStandalone target not found
Native extension for WebGL target not found
[Package Manager] Failed to launch server process. Reason: Unity was launched with the -noUpm command-line argument
[Package Manager] Unable to send message (not connected to server process).
[Package Manager] Cannot connect to Unity Package Manager local server
[Package Manager] Failed to launch server process. Reason: Unity was launched with the -noUpm command-line argument
[Package Manager] Unable to send message (not connected to server process).
[Package Manager] Cannot connect to Unity Package Manager local server
ScheduleIndexationOnStartup MainProcess:False IndexOnStartup:True
Mono: successfully reloaded assembly
- Finished resetting the current domain, in  0.992 seconds
Domain Reload Profiling: 1900ms
	BeginReloadAssembly (292ms)
		DisableScriptedObjects (12ms)
		CreateAndSetChildDomain (67ms)
	RebuildCommonClasses (16ms)
	RebuildNativeTypeToScriptingClass (23ms)
	initialDomainReloadingComplete (83ms)
	LoadAllAssembliesAndSetupDomain (494ms)
		LoadAssemblies (442ms)
		AnalyzeDomain (32ms)
			TypeCache.Refresh (16ms)
			ResolveRequiredComponents (11ms)
	FinalizeReload (993ms)
		SetupLoadedEditorAssemblies (0ms)
			InitializePlatformSupportModulesInManaged (3ms)
			BeforeProcessingInitializeOnLoad (125ms)
			ProcessInitializeOnLoadAttributes (366ms)
			ProcessInitializeOnLoadMethodAttributes (199ms)
			AfterProcessingInitializeOnLoad (9ms)
		AwakeInstancesAfterBackupRestoration (28ms)
Refreshing native plugins compatible for Editor in 3.03 ms, found 4 plugins.
Unloading 22 Unused Serialized files (Serialized files now loaded: 0)
Unloading 6430 unused Assets / (5.9 MB). Loaded Objects now: 7426.
Memory consumption went from 451.4 MB to 445.5 MB.
Total: 20.893900 ms (FindLiveObjects: 1.474000 ms CreateObjectMapping: 4.196700 ms MarkObjects: 9.201100 ms  DeleteObjects: 6.020900 ms)

Prepare: number of updated asset objects reloaded= 0
========================================================================
Received Prepare
AcceleratorClientConnectionCallback - disconnected - :0
Unloading 22 Unused Serialized files (Serialized files now loaded: 0)
Unloading 6419 unused Assets / (5.3 MB). Loaded Objects now: 7426.
Memory consumption went from 453.5 MB to 448.3 MB.
Total: 14.440200 ms (FindLiveObjects: 1.134200 ms CreateObjectMapping: 2.761100 ms MarkObjects: 6.193400 ms  DeleteObjects: 4.350300 ms)

Prepare: number of updated asset objects reloaded= 0
========================================================================
Received Prepare
AcceleratorClientConnectionCallback - disconnected - :0
[Licensing::Client] Successfully resolved entitlement details
Begin MonoManager ReloadAssembly
Native extension for WindowsStandalone target not found
Native extension for WebGL target not found
[Package Manager] Failed to launch server process. Reason: Unity was launched with the -noUpm command-line argument
[Package Manager] Unable to send message (not connected to server process).
[Package Manager] Cannot connect to Unity Package Manager local server
[Package Manager] Failed to launch server process. Reason: Unity was launched with the -noUpm command-line argument
[Package Manager] Unable to send message (not connected to server process).
[Package Manager] Cannot connect to Unity Package Manager local server
ScheduleIndexationOnStartup MainProcess:False IndexOnStartup:True
Mono: successfully reloaded assembly
- Finished resetting the current domain, in  0.852 seconds
Domain Reload Profiling: 2089ms
	BeginReloadAssembly (291ms)
		DisableScriptedObjects (8ms)
		CreateAndSetChildDomain (66ms)
	RebuildCommonClasses (11ms)
	RebuildNativeTypeToScriptingClass (21ms)
	initialDomainReloadingComplete (91ms)
	LoadAllAssembliesAndSetupDomain (820ms)
		LoadAssemblies (477ms)
		AnalyzeDomain (326ms)
			TypeCache.Refresh (24ms)
			BuildScriptInfoCaches (290ms)
			ResolveRequiredComponents (10ms)
	FinalizeReload (853ms)
		SetupLoadedEditorAssemblies (0ms)
			InitializePlatformSupportModulesInManaged (3ms)
			BeforeProcessingInitializeOnLoad (112ms)
			ProcessInitializeOnLoadAttributes (320ms)
			ProcessInitializeOnLoadMethodAttributes (139ms)
			AfterProcessingInitializeOnLoad (9ms)
		AwakeInstancesAfterBackupRestoration (24ms)
Unloading 22 Unused Serialized files (Serialized files now loaded: 0)
Unloading 6430 unused Assets / (5.3 MB). Loaded Objects now: 7429.
Memory consumption went from 456.3 MB to 451.0 MB.
Total: 11.416500 ms (FindLiveObjects: 0.903100 ms CreateObjectMapping: 2.462300 ms MarkObjects: 5.181800 ms  DeleteObjects: 2.868300 ms)

Prepare: number of updated asset objects reloaded= 0
========================================================================
Received Prepare
AcceleratorClientConnectionCallback - disconnected - :0
Begin MonoManager ReloadAssembly
Native extension for WindowsStandalone target not found
Native extension for WebGL target not found
[Package Manager] Failed to launch server process. Reason: Unity was launched with the -noUpm command-line argument
[Package Manager] Unable to send message (not connected to server process).
[Package Manager] Cannot connect to Unity Package Manager local server
[Package Manager] Failed to launch server process. Reason: Unity was launched with the -noUpm command-line argument
[Package Manager] Unable to send message (not connected to server process).
[Package Manager] Cannot connect to Unity Package Manager local server
ScheduleIndexationOnStartup MainProcess:False IndexOnStartup:True
Mono: successfully reloaded assembly
- Finished resetting the current domain, in  1.041 seconds
Domain Reload Profiling: 2000ms
	BeginReloadAssembly (306ms)
		DisableScriptedObjects (9ms)
		CreateAndSetChildDomain (77ms)
	RebuildCommonClasses (11ms)
	RebuildNativeTypeToScriptingClass (29ms)
	initialDomainReloadingComplete (89ms)
	LoadAllAssembliesAndSetupDomain (522ms)
		LoadAssemblies (491ms)
		AnalyzeDomain (27ms)
			TypeCache.Refresh (12ms)
			ResolveRequiredComponents (10ms)
	FinalizeReload (1043ms)
		SetupLoadedEditorAssemblies (0ms)
			InitializePlatformSupportModulesInManaged (3ms)
			BeforeProcessingInitializeOnLoad (128ms)
			ProcessInitializeOnLoadAttributes (381ms)
			ProcessInitializeOnLoadMethodAttributes (201ms)
			AfterProcessingInitializeOnLoad (11ms)
		AwakeInstancesAfterBackupRestoration (34ms)
Refreshing native plugins compatible for Editor in 3.09 ms, found 4 plugins.
Unloading 22 Unused Serialized files (Serialized files now loaded: 0)
Unloading 6430 unused Assets / (5.6 MB). Loaded Objects now: 7432.
Memory consumption went from 458.5 MB to 452.8 MB.
Total: 19.714300 ms (FindLiveObjects: 2.216000 ms CreateObjectMapping: 3.193700 ms MarkObjects: 7.153300 ms  DeleteObjects: 7.149400 ms)

Prepare: number of updated asset objects reloaded= 0
========================================================================
Received Prepare
AcceleratorClientConnectionCallback - disconnected - :0
Refreshing native plugins compatible for Editor in 2.05 ms, found 4 plugins.
Unloading 22 Unused Serialized files (Serialized files now loaded: 0)
Unloading 6419 unused Assets / (5.5 MB). Loaded Objects now: 7432.
Memory consumption went from 460.6 MB to 455.1 MB.
Total: 14.258200 ms (FindLiveObjects: 1.277800 ms CreateObjectMapping: 2.807000 ms MarkObjects: 6.111100 ms  DeleteObjects: 4.061200 ms)

Prepare: number of updated asset objects reloaded= 0
========================================================================
Received Prepare
AcceleratorClientConnectionCallback - disconnected - :0
[Licensing::Client] Successfully resolved entitlement details
Begin MonoManager ReloadAssembly
Native extension for WindowsStandalone target not found
Native extension for WebGL target not found
[Package Manager] Failed to launch server process. Reason: Unity was launched with the -noUpm command-line argument
[Package Manager] Unable to send message (not connected to server process).
[Package Manager] Cannot connect to Unity Package Manager local server
[Package Manager] Failed to launch server process. Reason: Unity was launched with the -noUpm command-line argument
[Package Manager] Unable to send message (not connected to server process).
[Package Manager] Cannot connect to Unity Package Manager local server
ScheduleIndexationOnStartup MainProcess:False IndexOnStartup:True
Mono: successfully reloaded assembly
- Finished resetting the current domain, in  0.859 seconds
Domain Reload Profiling: 2148ms
	BeginReloadAssembly (300ms)
		DisableScriptedObjects (8ms)
		CreateAndSetChildDomain (66ms)
	RebuildCommonClasses (12ms)
	RebuildNativeTypeToScriptingClass (21ms)
	initialDomainReloadingComplete (85ms)
	LoadAllAssembliesAndSetupDomain (869ms)
		LoadAssemblies (547ms)
		AnalyzeDomain (310ms)
			TypeCache.Refresh (20ms)
			BuildScriptInfoCaches (275ms)
			ResolveRequiredComponents (13ms)
	FinalizeReload (860ms)
		SetupLoadedEditorAssemblies (0ms)
			InitializePlatformSupportModulesInManaged (3ms)
			BeforeProcessingInitializeOnLoad (116ms)
			ProcessInitializeOnLoadAttributes (318ms)
			ProcessInitializeOnLoadMethodAttributes (142ms)
			AfterProcessingInitializeOnLoad (8ms)
		AwakeInstancesAfterBackupRestoration (22ms)
Unloading 22 Unused Serialized files (Serialized files now loaded: 0)
Unloading 6430 unused Assets / (6.2 MB). Loaded Objects now: 7435.
Memory consumption went from 463.8 MB to 457.6 MB.
Total: 13.193800 ms (FindLiveObjects: 0.961200 ms CreateObjectMapping: 2.914400 ms MarkObjects: 5.204400 ms  DeleteObjects: 4.112600 ms)

Prepare: number of updated asset objects reloaded= 0
========================================================================
Received Prepare
AcceleratorClientConnectionCallback - disconnected - :0
Begin MonoManager ReloadAssembly
Native extension for WindowsStandalone target not found
Native extension for WebGL target not found
[Package Manager] Failed to launch server process. Reason: Unity was launched with the -noUpm command-line argument
[Package Manager] Unable to send message (not connected to server process).
[Package Manager] Cannot connect to Unity Package Manager local server
[Package Manager] Failed to launch server process. Reason: Unity was launched with the -noUpm command-line argument
[Package Manager] Unable to send message (not connected to server process).
[Package Manager] Cannot connect to Unity Package Manager local server
ScheduleIndexationOnStartup MainProcess:False IndexOnStartup:True
Mono: successfully reloaded assembly
- Finished resetting the current domain, in  0.994 seconds
Domain Reload Profiling: 1911ms
	BeginReloadAssembly (297ms)
		DisableScriptedObjects (9ms)
		CreateAndSetChildDomain (70ms)
	RebuildCommonClasses (11ms)
	RebuildNativeTypeToScriptingClass (21ms)
	initialDomainReloadingComplete (89ms)
	LoadAllAssembliesAndSetupDomain (497ms)
		LoadAssemblies (449ms)
		AnalyzeDomain (28ms)
			TypeCache.Refresh (12ms)
			ResolveRequiredComponents (10ms)
	FinalizeReload (996ms)
		SetupLoadedEditorAssemblies (0ms)
			InitializePlatformSupportModulesInManaged (3ms)
			BeforeProcessingInitializeOnLoad (117ms)
			ProcessInitializeOnLoadAttributes (353ms)
			ProcessInitializeOnLoadMethodAttributes (203ms)
			AfterProcessingInitializeOnLoad (12ms)
		AwakeInstancesAfterBackupRestoration (39ms)
Refreshing native plugins compatible for Editor in 3.32 ms, found 4 plugins.
Unloading 22 Unused Serialized files (Serialized files now loaded: 0)
Unloading 6430 unused Assets / (6.0 MB). Loaded Objects now: 7438.
Memory consumption went from 465.8 MB to 459.8 MB.
Total: 20.726500 ms (FindLiveObjects: 1.723300 ms CreateObjectMapping: 4.090800 ms MarkObjects: 8.127200 ms  DeleteObjects: 6.783900 ms)

Prepare: number of updated asset objects reloaded= 0
========================================================================
Received Prepare
AcceleratorClientConnectionCallback - disconnected - :0
Refreshing native plugins compatible for Editor in 2.53 ms, found 4 plugins.
Unloading 22 Unused Serialized files (Serialized files now loaded: 0)
Unloading 6419 unused Assets / (5.9 MB). Loaded Objects now: 7438.
Memory consumption went from 467.9 MB to 462.0 MB.
Total: 22.789000 ms (FindLiveObjects: 1.883600 ms CreateObjectMapping: 3.960500 ms MarkObjects: 10.267200 ms  DeleteObjects: 6.674800 ms)

Prepare: number of updated asset objects reloaded= 0
========================================================================
Received Prepare
AcceleratorClientConnectionCallback - disconnected - :0
[Licensing::Client] Successfully resolved entitlement details
Begin MonoManager ReloadAssembly
Native extension for WindowsStandalone target not found
Native extension for WebGL target not found
[Package Manager] Failed to launch server process. Reason: Unity was launched with the -noUpm command-line argument
[Package Manager] Unable to send message (not connected to server process).
[Package Manager] Cannot connect to Unity Package Manager local server
[Package Manager] Failed to launch server process. Reason: Unity was launched with the -noUpm command-line argument
[Package Manager] Unable to send message (not connected to server process).
[Package Manager] Cannot connect to Unity Package Manager local server
ScheduleIndexationOnStartup MainProcess:False IndexOnStartup:True
Mono: successfully reloaded assembly
- Finished resetting the current domain, in  0.896 seconds
Domain Reload Profiling: 2129ms
	BeginReloadAssembly (303ms)
		DisableScriptedObjects (8ms)
		CreateAndSetChildDomain (64ms)
	RebuildCommonClasses (12ms)
	RebuildNativeTypeToScriptingClass (22ms)
	initialDomainReloadingComplete (95ms)
	LoadAllAssembliesAndSetupDomain (800ms)
		LoadAssemblies (512ms)
		AnalyzeDomain (291ms)
			TypeCache.Refresh (21ms)
			BuildScriptInfoCaches (259ms)
			ResolveRequiredComponents (9ms)
	FinalizeReload (898ms)
		SetupLoadedEditorAssemblies (0ms)
			InitializePlatformSupportModulesInManaged (3ms)
			BeforeProcessingInitializeOnLoad (122ms)
			ProcessInitializeOnLoadAttributes (332ms)
			ProcessInitializeOnLoadMethodAttributes (142ms)
			AfterProcessingInitializeOnLoad (11ms)
		AwakeInstancesAfterBackupRestoration (23ms)
Refreshing native plugins compatible for Editor in 2.47 ms, found 4 plugins.
Unloading 22 Unused Serialized files (Serialized files now loaded: 0)
Unloading 6430 unused Assets / (5.3 MB). Loaded Objects now: 7441.
Memory consumption went from 471.3 MB to 466.0 MB.
Total: 11.369400 ms (FindLiveObjects: 0.902500 ms CreateObjectMapping: 2.382100 ms MarkObjects: 5.223500 ms  DeleteObjects: 2.859900 ms)

Prepare: number of updated asset objects reloaded= 0
========================================================================
Received Prepare
AcceleratorClientConnectionCallback - disconnected - :0
Begin MonoManager ReloadAssembly
Native extension for WindowsStandalone target not found
Native extension for WebGL target not found
[Package Manager] Failed to launch server process. Reason: Unity was launched with the -noUpm command-line argument
[Package Manager] Unable to send message (not connected to server process).
[Package Manager] Cannot connect to Unity Package Manager local server
[Package Manager] Failed to launch server process. Reason: Unity was launched with the -noUpm command-line argument
[Package Manager] Unable to send message (not connected to server process).
[Package Manager] Cannot connect to Unity Package Manager local server
ScheduleIndexationOnStartup MainProcess:False IndexOnStartup:True
Mono: successfully reloaded assembly
- Finished resetting the current domain, in  0.966 seconds
Domain Reload Profiling: 1883ms
	BeginReloadAssembly (305ms)
		DisableScriptedObjects (10ms)
		CreateAndSetChildDomain (73ms)
	RebuildCommonClasses (12ms)
	RebuildNativeTypeToScriptingClass (28ms)
	initialDomainReloadingComplete (91ms)
	LoadAllAssembliesAndSetupDomain (479ms)
		LoadAssemblies (451ms)
		AnalyzeDomain (30ms)
			TypeCache.Refresh (14ms)
			ResolveRequiredComponents (11ms)
	FinalizeReload (968ms)
		SetupLoadedEditorAssemblies (0ms)
			InitializePlatformSupportModulesInManaged (3ms)
			BeforeProcessingInitializeOnLoad (117ms)
			ProcessInitializeOnLoadAttributes (352ms)
			ProcessInitializeOnLoadMethodAttributes (174ms)
			AfterProcessingInitializeOnLoad (11ms)
		AwakeInstancesAfterBackupRestoration (35ms)
Refreshing native plugins compatible for Editor in 2.67 ms, found 4 plugins.
Unloading 22 Unused Serialized files (Serialized files now loaded: 0)
Unloading 6430 unused Assets / (5.8 MB). Loaded Objects now: 7444.
Memory consumption went from 473.7 MB to 467.9 MB.
Total: 23.088200 ms (FindLiveObjects: 2.010300 ms CreateObjectMapping: 4.333400 ms MarkObjects: 9.514000 ms  DeleteObjects: 7.227700 ms)

Prepare: number of updated asset objects reloaded= 0
========================================================================
Received Import Request.
  Time of request: 2026-06-21T07:20:11.2326056Z
  Time since last request: 2630.47954680000021 seconds.
  importAddress: GUID: fafd6ecb0673849b9a8b5e39d5fe2454 - Path: Assets/Assets/Prototype 1/Challenge 4/Challenge 4/LightingData.asset - Importer: PreviewImporter
Importing 'GUID: fafd6ecb0673849b9a8b5e39d5fe2454 - Path: Assets/Assets/Prototype 1/Challenge 4/Challenge 4/LightingData.asset - Importer: PreviewImporter' with importer (PreviewImporter)
Imported 'GUID: fafd6ecb0673849b9a8b5e39d5fe2454' -> (Import Result ID: 'd36b27da7b8901dfd0e17262a5024019') in 0.133 seconds [static and dynamic dependencies]. Details - ImportResultOutputID=e893905c250f28e2233a72bf1b82b952 DependenciesID=9579025cae03059b5e44bc3fa18f86f1 StaticDependenciesID=27581f9bcb1290fc25883605544f2168 
Number of updated asset objects reloaded before import = 0
Number of asset objects unloaded after import = 2
========================================================================
Received Import Request.
  Time of request: 2026-06-21T07:20:14.1423379Z
  Time since last request: 2.7590533 seconds.
  importAddress: GUID: 705913170e39c457aabc669261e60fa0 - Path: Assets/Assets/Prototype 1/Challenge 4/_Source_Files/Materials/BouncyX.physicMaterial - Importer: PreviewImporter
Importing 'GUID: 705913170e39c457aabc669261e60fa0 - Path: Assets/Assets/Prototype 1/Challenge 4/_Source_Files/Materials/BouncyX.physicMaterial - Importer: PreviewImporter' with importer (PreviewImporter)
Imported 'GUID: 705913170e39c457aabc669261e60fa0' -> (Import Result ID: '99741105c54cc2c20953760d485c37cb') in 0.003 seconds [static and dynamic dependencies]. Details - ImportResultOutputID=2c001077486f87944d30c72479de3483 DependenciesID=3201a0382b3cb17ea192d9e7935f04d0 StaticDependenciesID=1aedeffead26ea2b7ee70eca724c4a6f 
Number of updated asset objects reloaded before import = 0
Number of asset objects unloaded after import = 1
========================================================================
Received Import Request.
  Time of request: 2026-06-21T07:20:14.1584097Z
  Time since last request: 0.000304 seconds.
  importAddress: GUID: 9e06209d219644e1a8caa7a17a982e92 - Path: Assets/Assets/Prototype 1/Challenge 4/_Source_Files/Materials/Grey.mat - Importer: PreviewImporter
Importing 'GUID: 9e06209d219644e1a8caa7a17a982e92 - Path: Assets/Assets/Prototype 1/Challenge 4/_Source_Files/Materials/Grey.mat - Importer: PreviewImporter' with importer (PreviewImporter)
Imported 'GUID: 9e06209d219644e1a8caa7a17a982e92' -> (Import Result ID: '81cb2794904e80d9a382f2fb97f69aca') in 5.714 seconds [static and dynamic dependencies]. Details - ImportResultOutputID=e87041e1fade9d13b81f10bed562dfc6 DependenciesID=2a98c8ef683606a4332c790d84521edb StaticDependenciesID=cf466f740c73fae82105a3e81e94a70c 
Number of updated asset objects reloaded before import = 0
Number of asset objects unloaded after import = 2
========================================================================
Received Prepare
AcceleratorClientConnectionCallback - disconnected - :0
Refreshing native plugins compatible for Editor in 2.49 ms, found 4 plugins.
Unloading 22 Unused Serialized files (Serialized files now loaded: 0)
Unloading 22 unused Assets / (2.6 MB). Loaded Objects now: 7588.
Memory consumption went from 363.6 MB to 361.0 MB.
Total: 13.116000 ms (FindLiveObjects: 1.503800 ms CreateObjectMapping: 1.787700 ms MarkObjects: 9.056000 ms  DeleteObjects: 0.766100 ms)

Prepare: number of updated asset objects reloaded= 0
========================================================================
Received Import Request.
  Time of request: 2026-06-21T07:24:23.8047176Z
  Time since last request: 243.91248859999999 seconds.
  importAddress: GUID: 08d3372da362f624f90c1935f51f15c9 - Path: Assets/Assets/Prototype 1/Challenge 4/images.png - Importer: PreviewImporter
Importing 'GUID: 08d3372da362f624f90c1935f51f15c9 - Path: Assets/Assets/Prototype 1/Challenge 4/images.png - Importer: PreviewImporter' with importer (PreviewImporter)
Imported 'GUID: 08d3372da362f624f90c1935f51f15c9' -> (Import Result ID: '6e02ef945d8d44857ef7af27b32a92e9') in 0.024 seconds [static and dynamic dependencies]. Details - ImportResultOutputID=785e49c47fc268f2932cea7925007e9a DependenciesID=7d7b3f7d790f3ab4ad29c9f6b149ba3f StaticDependenciesID=4d72a4d6e8bbdf78dff81f4387e85c3a 
Number of updated asset objects reloaded before import = 0
Number of asset objects unloaded after import = 2
========================================================================
Received Prepare
AcceleratorClientConnectionCallback - disconnected - :0
Refreshing native plugins compatible for Editor in 2.02 ms, found 4 plugins.
Unloading 22 Unused Serialized files (Serialized files now loaded: 0)
Unloading 6419 unused Assets / (5.5 MB). Loaded Objects now: 7590.
Memory consumption went from 368.4 MB to 363.0 MB.
Total: 16.926100 ms (FindLiveObjects: 0.987400 ms CreateObjectMapping: 2.451400 ms MarkObjects: 8.512700 ms  DeleteObjects: 4.973500 ms)

Prepare: number of updated asset objects reloaded= 0
========================================================================
Received Prepare
AcceleratorClientConnectionCallback - disconnected - :0
[Licensing::Client] Successfully resolved entitlement details
Begin MonoManager ReloadAssembly
Native extension for WindowsStandalone target not found
Native extension for WebGL target not found
[Package Manager] Failed to launch server process. Reason: Unity was launched with the -noUpm command-line argument
[Package Manager] Unable to send message (not connected to server process).
[Package Manager] Cannot connect to Unity Package Manager local server
[Package Manager] Failed to launch server process. Reason: Unity was launched with the -noUpm command-line argument
[Package Manager] Unable to send message (not connected to server process).
[Package Manager] Cannot connect to Unity Package Manager local server
ScheduleIndexationOnStartup MainProcess:False IndexOnStartup:True
Mono: successfully reloaded assembly
- Finished resetting the current domain, in  0.916 seconds
Domain Reload Profiling: 2149ms
	BeginReloadAssembly (324ms)
		DisableScriptedObjects (25ms)
		CreateAndSetChildDomain (78ms)
	RebuildCommonClasses (12ms)
	RebuildNativeTypeToScriptingClass (21ms)
	initialDomainReloadingComplete (87ms)
	LoadAllAssembliesAndSetupDomain (788ms)
		LoadAssemblies (467ms)
		AnalyzeDomain (324ms)
			TypeCache.Refresh (26ms)
			BuildScriptInfoCaches (285ms)
			ResolveRequiredComponents (11ms)
	FinalizeReload (917ms)
		SetupLoadedEditorAssemblies (0ms)
			InitializePlatformSupportModulesInManaged (3ms)
			BeforeProcessingInitializeOnLoad (123ms)
			ProcessInitializeOnLoadAttributes (358ms)
			ProcessInitializeOnLoadMethodAttributes (149ms)
			AfterProcessingInitializeOnLoad (8ms)
		AwakeInstancesAfterBackupRestoration (23ms)
Unloading 22 Unused Serialized files (Serialized files now loaded: 0)
Unloading 6430 unused Assets / (5.3 MB). Loaded Objects now: 7502.
Memory consumption went from 366.5 MB to 361.2 MB.
Total: 11.660600 ms (FindLiveObjects: 0.878300 ms CreateObjectMapping: 2.390100 ms MarkObjects: 5.435000 ms  DeleteObjects: 2.956100 ms)

Prepare: number of updated asset objects reloaded= 0
========================================================================
Received Prepare
AcceleratorClientConnectionCallback - disconnected - :0
Begin MonoManager ReloadAssembly
Native extension for WindowsStandalone target not found
Native extension for WebGL target not found
[Package Manager] Failed to launch server process. Reason: Unity was launched with the -noUpm command-line argument
[Package Manager] Unable to send message (not connected to server process).
[Package Manager] Cannot connect to Unity Package Manager local server
[Package Manager] Failed to launch server process. Reason: Unity was launched with the -noUpm command-line argument
[Package Manager] Unable to send message (not connected to server process).
[Package Manager] Cannot connect to Unity Package Manager local server
ScheduleIndexationOnStartup MainProcess:False IndexOnStartup:True
Mono: successfully reloaded assembly
- Finished resetting the current domain, in  0.903 seconds
Domain Reload Profiling: 1831ms
	BeginReloadAssembly (306ms)
		DisableScriptedObjects (9ms)
		CreateAndSetChildDomain (65ms)
	RebuildCommonClasses (12ms)
	RebuildNativeTypeToScriptingClass (21ms)
	initialDomainReloadingComplete (85ms)
	LoadAllAssembliesAndSetupDomain (503ms)
		LoadAssemblies (473ms)
		AnalyzeDomain (29ms)
			TypeCache.Refresh (13ms)
			ResolveRequiredComponents (11ms)
	FinalizeReload (904ms)
		SetupLoadedEditorAssemblies (0ms)
			InitializePlatformSupportModulesInManaged (3ms)
			BeforeProcessingInitializeOnLoad (117ms)
			ProcessInitializeOnLoadAttributes (344ms)
			ProcessInitializeOnLoadMethodAttributes (151ms)
			AfterProcessingInitializeOnLoad (8ms)
		AwakeInstancesAfterBackupRestoration (25ms)
Refreshing native plugins compatible for Editor in 2.11 ms, found 4 plugins.
Unloading 22 Unused Serialized files (Serialized files now loaded: 0)
Unloading 6430 unused Assets / (5.9 MB). Loaded Objects now: 7505.
Memory consumption went from 368.0 MB to 362.0 MB.
Total: 17.642400 ms (FindLiveObjects: 1.429400 ms CreateObjectMapping: 3.700300 ms MarkObjects: 7.669200 ms  DeleteObjects: 4.842300 ms)

Prepare: number of updated asset objects reloaded= 0
========================================================================
Received Prepare
AcceleratorClientConnectionCallback - disconnected - :0
Begin MonoManager ReloadAssembly
Native extension for WindowsStandalone target not found
Native extension for WebGL target not found
[Package Manager] Failed to launch server process. Reason: Unity was launched with the -noUpm command-line argument
[Package Manager] Unable to send message (not connected to server process).
[Package Manager] Cannot connect to Unity Package Manager local server
[Package Manager] Failed to launch server process. Reason: Unity was launched with the -noUpm command-line argument
[Package Manager] Unable to send message (not connected to server process).
[Package Manager] Cannot connect to Unity Package Manager local server
ScheduleIndexationOnStartup MainProcess:False IndexOnStartup:True
Mono: successfully reloaded assembly
- Finished resetting the current domain, in  1.015 seconds
Domain Reload Profiling: 1948ms
	BeginReloadAssembly (305ms)
		DisableScriptedObjects (8ms)
		CreateAndSetChildDomain (72ms)
	RebuildCommonClasses (12ms)
	RebuildNativeTypeToScriptingClass (21ms)
	initialDomainReloadingComplete (88ms)
	LoadAllAssembliesAndSetupDomain (504ms)
		LoadAssemblies (470ms)
		AnalyzeDomain (30ms)
			TypeCache.Refresh (14ms)
			ResolveRequiredComponents (11ms)
	FinalizeReload (1017ms)
		SetupLoadedEditorAssemblies (0ms)
			InitializePlatformSupportModulesInManaged (3ms)
			BeforeProcessingInitializeOnLoad (119ms)
			ProcessInitializeOnLoadAttributes (368ms)
			ProcessInitializeOnLoadMethodAttributes (205ms)
			AfterProcessingInitializeOnLoad (13ms)
		AwakeInstancesAfterBackupRestoration (35ms)
Refreshing native plugins compatible for Editor in 3.21 ms, found 4 plugins.
Unloading 22 Unused Serialized files (Serialized files now loaded: 0)
Unloading 6430 unused Assets / (5.7 MB). Loaded Objects now: 7508.
Memory consumption went from 370.0 MB to 364.3 MB.
Total: 23.163100 ms (FindLiveObjects: 1.931500 ms CreateObjectMapping: 4.017000 ms MarkObjects: 10.204000 ms  DeleteObjects: 7.009100 ms)

Prepare: number of updated asset objects reloaded= 0
========================================================================
Received Prepare
AcceleratorClientConnectionCallback - disconnected - :0
Refreshing native plugins compatible for Editor in 2.95 ms, found 4 plugins.
Unloading 22 Unused Serialized files (Serialized files now loaded: 0)
Unloading 22 unused Assets / (2.6 MB). Loaded Objects now: 7508.
Memory consumption went from 367.4 MB to 364.8 MB.
Total: 9.580400 ms (FindLiveObjects: 0.756600 ms CreateObjectMapping: 1.128400 ms MarkObjects: 6.913300 ms  DeleteObjects: 0.780600 ms)

Prepare: number of updated asset objects reloaded= 0
========================================================================
Received Prepare
AcceleratorClientConnectionCallback - disconnected - :0
[Licensing::Client] Successfully resolved entitlement details
Begin MonoManager ReloadAssembly
Native extension for WindowsStandalone target not found
Native extension for WebGL target not found
[Package Manager] Failed to launch server process. Reason: Unity was launched with the -noUpm command-line argument
[Package Manager] Unable to send message (not connected to server process).
[Package Manager] Cannot connect to Unity Package Manager local server
[Package Manager] Failed to launch server process. Reason: Unity was launched with the -noUpm command-line argument
[Package Manager] Unable to send message (not connected to server process).
[Package Manager] Cannot connect to Unity Package Manager local server
ScheduleIndexationOnStartup MainProcess:False IndexOnStartup:True
Mono: successfully reloaded assembly
- Finished resetting the current domain, in  0.900 seconds
Domain Reload Profiling: 1833ms
	BeginReloadAssembly (316ms)
		DisableScriptedObjects (9ms)
		CreateAndSetChildDomain (70ms)
	RebuildCommonClasses (12ms)
	RebuildNativeTypeToScriptingClass (22ms)
	initialDomainReloadingComplete (92ms)
	LoadAllAssembliesAndSetupDomain (491ms)
		LoadAssemblies (459ms)
		AnalyzeDomain (31ms)
			TypeCache.Refresh (15ms)
			ResolveRequiredComponents (11ms)
	FinalizeReload (901ms)
		SetupLoadedEditorAssemblies (0ms)
			InitializePlatformSupportModulesInManaged (3ms)
			BeforeProcessingInitializeOnLoad (113ms)
			ProcessInitializeOnLoadAttributes (340ms)
			ProcessInitializeOnLoadMethodAttributes (146ms)
			AfterProcessingInitializeOnLoad (11ms)
		AwakeInstancesAfterBackupRestoration (28ms)
Refreshing native plugins compatible for Editor in 2.12 ms, found 4 plugins.
Unloading 36 Unused Serialized files (Serialized files now loaded: 0)
Unloading 6444 unused Assets / (7.6 MB). Loaded Objects now: 7511.
Memory consumption went from 378.4 MB to 370.8 MB.
Total: 16.196200 ms (FindLiveObjects: 1.100800 ms CreateObjectMapping: 2.537800 ms MarkObjects: 6.963800 ms  DeleteObjects: 5.591200 ms)

Prepare: number of updated asset objects reloaded= 0
========================================================================
Received Prepare
AcceleratorClientConnectionCallback - disconnected - :0
Refreshing native plugins compatible for Editor in 2.26 ms, found 4 plugins.
Unloading 36 Unused Serialized files (Serialized files now loaded: 0)
Unloading 36 unused Assets / (3.4 MB). Loaded Objects now: 7511.
Memory consumption went from 375.6 MB to 372.3 MB.
Total: 14.039400 ms (FindLiveObjects: 0.731400 ms CreateObjectMapping: 1.363200 ms MarkObjects: 9.873000 ms  DeleteObjects: 2.069500 ms)

Prepare: number of updated asset objects reloaded= 0
========================================================================
Received Prepare
AcceleratorClientConnectionCallback - disconnected - :0
Unloading 36 Unused Serialized files (Serialized files now loaded: 0)
Unloading 6433 unused Assets / (6.8 MB). Loaded Objects now: 7511.
Memory consumption went from 382.4 MB to 375.5 MB.
Total: 20.353800 ms (FindLiveObjects: 1.058600 ms CreateObjectMapping: 2.519900 ms MarkObjects: 9.735900 ms  DeleteObjects: 7.037700 ms)

Prepare: number of updated asset objects reloaded= 0
========================================================================
Received Prepare
AcceleratorClientConnectionCallback - disconnected - :0
[Licensing::Client] Successfully resolved entitlement details
Begin MonoManager ReloadAssembly
Native extension for WindowsStandalone target not found
Native extension for WebGL target not found
[Package Manager] Failed to launch server process. Reason: Unity was launched with the -noUpm command-line argument
[Package Manager] Unable to send message (not connected to server process).
[Package Manager] Cannot connect to Unity Package Manager local server
[Package Manager] Failed to launch server process. Reason: Unity was launched with the -noUpm command-line argument
[Package Manager] Unable to send message (not connected to server process).
[Package Manager] Cannot connect to Unity Package Manager local server
ScheduleIndexationOnStartup MainProcess:False IndexOnStartup:True
Mono: successfully reloaded assembly
- Finished resetting the current domain, in  0.933 seconds
Domain Reload Profiling: 2143ms
	BeginReloadAssembly (288ms)
		DisableScriptedObjects (8ms)
		CreateAndSetChildDomain (59ms)
	RebuildCommonClasses (12ms)
	RebuildNativeTypeToScriptingClass (22ms)
	initialDomainReloadingComplete (90ms)
	LoadAllAssembliesAndSetupDomain (797ms)
		LoadAssemblies (450ms)
		AnalyzeDomain (337ms)
			TypeCache.Refresh (18ms)
			BuildScriptInfoCaches (307ms)
			ResolveRequiredComponents (10ms)
	FinalizeReload (934ms)
		SetupLoadedEditorAssemblies (0ms)
			InitializePlatformSupportModulesInManaged (3ms)
			BeforeProcessingInitializeOnLoad (133ms)
			ProcessInitializeOnLoadAttributes (343ms)
			ProcessInitializeOnLoadMethodAttributes (143ms)
			AfterProcessingInitializeOnLoad (8ms)
		AwakeInstancesAfterBackupRestoration (26ms)
Refreshing native plugins compatible for Editor in 2.91 ms, found 4 plugins.
Unloading 36 Unused Serialized files (Serialized files now loaded: 0)
Unloading 6444 unused Assets / (7.0 MB). Loaded Objects now: 7514.
Memory consumption went from 386.8 MB to 379.7 MB.
Total: 13.416700 ms (FindLiveObjects: 0.945000 ms CreateObjectMapping: 2.361200 ms MarkObjects: 5.243800 ms  DeleteObjects: 4.865600 ms)

Prepare: number of updated asset objects reloaded= 0
========================================================================
Received Prepare
AcceleratorClientConnectionCallback - disconnected - :0
Begin MonoManager ReloadAssembly
Native extension for WindowsStandalone target not found
Native extension for WebGL target not found
[Package Manager] Failed to launch server process. Reason: Unity was launched with the -noUpm command-line argument
[Package Manager] Unable to send message (not connected to server process).
[Package Manager] Cannot connect to Unity Package Manager local server
[Package Manager] Failed to launch server process. Reason: Unity was launched with the -noUpm command-line argument
[Package Manager] Unable to send message (not connected to server process).
[Package Manager] Cannot connect to Unity Package Manager local server
ScheduleIndexationOnStartup MainProcess:False IndexOnStartup:True
Mono: successfully reloaded assembly
- Finished resetting the current domain, in  0.984 seconds
Domain Reload Profiling: 1896ms
	BeginReloadAssembly (290ms)
		DisableScriptedObjects (9ms)
		CreateAndSetChildDomain (69ms)
	RebuildCommonClasses (12ms)
	RebuildNativeTypeToScriptingClass (21ms)
	initialDomainReloadingComplete (90ms)
	LoadAllAssembliesAndSetupDomain (497ms)
		LoadAssemblies (455ms)
		AnalyzeDomain (28ms)
			TypeCache.Refresh (12ms)
			ResolveRequiredComponents (11ms)
	FinalizeReload (985ms)
		SetupLoadedEditorAssemblies (0ms)
			InitializePlatformSupportModulesInManaged (3ms)
			BeforeProcessingInitializeOnLoad (114ms)
			ProcessInitializeOnLoadAttributes (363ms)
			ProcessInitializeOnLoadMethodAttributes (188ms)
			AfterProcessingInitializeOnLoad (11ms)
		AwakeInstancesAfterBackupRestoration (38ms)
Refreshing native plugins compatible for Editor in 3.01 ms, found 4 plugins.
Unloading 36 Unused Serialized files (Serialized files now loaded: 0)
Unloading 6444 unused Assets / (7.7 MB). Loaded Objects now: 7517.
Memory consumption went from 388.6 MB to 380.9 MB.
Total: 22.379700 ms (FindLiveObjects: 1.864900 ms CreateObjectMapping: 4.157100 ms MarkObjects: 7.814900 ms  DeleteObjects: 8.540600 ms)

Prepare: number of updated asset objects reloaded= 0
========================================================================
Received Prepare
AcceleratorClientConnectionCallback - disconnected - :0
[Licensing::Client] Successfully resolved entitlement details
Begin MonoManager ReloadAssembly
Native extension for WindowsStandalone target not found
Native extension for WebGL target not found
[Package Manager] Failed to launch server process. Reason: Unity was launched with the -noUpm command-line argument
[Package Manager] Unable to send message (not connected to server process).
[Package Manager] Cannot connect to Unity Package Manager local server
[Package Manager] Failed to launch server process. Reason: Unity was launched with the -noUpm command-line argument
[Package Manager] Unable to send message (not connected to server process).
[Package Manager] Cannot connect to Unity Package Manager local server
ScheduleIndexationOnStartup MainProcess:False IndexOnStartup:True
Mono: successfully reloaded assembly
- Finished resetting the current domain, in  0.936 seconds
Domain Reload Profiling: 1859ms
	BeginReloadAssembly (309ms)
		DisableScriptedObjects (8ms)
		CreateAndSetChildDomain (76ms)
	RebuildCommonClasses (12ms)
	RebuildNativeTypeToScriptingClass (22ms)
	initialDomainReloadingComplete (84ms)
	LoadAllAssembliesAndSetupDomain (494ms)
		LoadAssemblies (453ms)
		AnalyzeDomain (35ms)
			TypeCache.Refresh (19ms)
			ResolveRequiredComponents (11ms)
	FinalizeReload (938ms)
		SetupLoadedEditorAssemblies (0ms)
			InitializePlatformSupportModulesInManaged (3ms)
			BeforeProcessingInitializeOnLoad (123ms)
			ProcessInitializeOnLoadAttributes (354ms)
			ProcessInitializeOnLoadMethodAttributes (157ms)
			AfterProcessingInitializeOnLoad (9ms)
		AwakeInstancesAfterBackupRestoration (23ms)
Refreshing native plugins compatible for Editor in 2.87 ms, found 4 plugins.
Unloading 36 Unused Serialized files (Serialized files now loaded: 0)
Unloading 6444 unused Assets / (7.3 MB). Loaded Objects now: 7520.
Memory consumption went from 390.7 MB to 383.3 MB.
Total: 25.206800 ms (FindLiveObjects: 2.225200 ms CreateObjectMapping: 4.043900 ms MarkObjects: 9.759900 ms  DeleteObjects: 9.175400 ms)

Prepare: number of updated asset objects reloaded= 0
========================================================================
Received Prepare
AcceleratorClientConnectionCallback - disconnected - :0
Begin MonoManager ReloadAssembly
Refreshing native plugins compatible for Editor in 2.18 ms, found 4 plugins.
Native extension for WindowsStandalone target not found
Native extension for WebGL target not found
[Package Manager] Failed to launch server process. Reason: Unity was launched with the -noUpm command-line argument
[Package Manager] Unable to send message (not connected to server process).
[Package Manager] Cannot connect to Unity Package Manager local server
[Package Manager] Failed to launch server process. Reason: Unity was launched with the -noUpm command-line argument
[Package Manager] Unable to send message (not connected to server process).
[Package Manager] Cannot connect to Unity Package Manager local server
ScheduleIndexationOnStartup MainProcess:False IndexOnStartup:True
Mono: successfully reloaded assembly
- Finished resetting the current domain, in  0.959 seconds
Domain Reload Profiling: 1890ms
	BeginReloadAssembly (295ms)
		DisableScriptedObjects (8ms)
		CreateAndSetChildDomain (66ms)
	RebuildCommonClasses (12ms)
	RebuildNativeTypeToScriptingClass (22ms)
	initialDomainReloadingComplete (91ms)
	LoadAllAssembliesAndSetupDomain (510ms)
		LoadAssemblies (462ms)
		AnalyzeDomain (30ms)
			TypeCache.Refresh (14ms)
			ResolveRequiredComponents (11ms)
	FinalizeReload (960ms)
		SetupLoadedEditorAssemblies (0ms)
			InitializePlatformSupportModulesInManaged (3ms)
			BeforeProcessingInitializeOnLoad (127ms)
			ProcessInitializeOnLoadAttributes (364ms)
			ProcessInitializeOnLoadMethodAttributes (152ms)
			AfterProcessingInitializeOnLoad (8ms)
		AwakeInstancesAfterBackupRestoration (30ms)
Refreshing native plugins compatible for Editor in 2.05 ms, found 4 plugins.
Unloading 36 Unused Serialized files (Serialized files now loaded: 0)
Unloading 6444 unused Assets / (7.2 MB). Loaded Objects now: 7523.
Memory consumption went from 392.7 MB to 385.5 MB.
Total: 14.391800 ms (FindLiveObjects: 0.996900 ms CreateObjectMapping: 2.664400 ms MarkObjects: 5.731000 ms  DeleteObjects: 4.998300 ms)

Prepare: number of updated asset objects reloaded= 0
========================================================================
Received Prepare
AcceleratorClientConnectionCallback - disconnected - :0
Refreshing native plugins compatible for Editor in 2.01 ms, found 4 plugins.
Unloading 36 Unused Serialized files (Serialized files now loaded: 0)
Unloading 36 unused Assets / (3.4 MB). Loaded Objects now: 7523.
Memory consumption went from 390.1 MB to 386.8 MB.
Total: 9.476400 ms (FindLiveObjects: 0.540900 ms CreateObjectMapping: 1.014600 ms MarkObjects: 6.593300 ms  DeleteObjects: 1.326300 ms)

Prepare: number of updated asset objects reloaded= 0
Editor requested this worker to shutdown with reason: Editor is closing down
AcceleratorClientConnectionCallback - disconnected - :0
AssetImportWorker is now disconnected from the server
Process exiting
Exiting without the bug reporter. Application will terminate with return code 0