[Licensing::Module] Trying to connect to existing licensing client channel...
Built from '6000.5/staging' branch; Version is '6000.5.0f1 (88b47c5e7076) revision 8959100'; Using compiler version '194234433'; Build Type 'Release'
[Licensing::IpcConnector] Successfully connected to: "LicenseClient-tyler" at "2026-08-09T09:12:27.3204321Z"
OS: 'Windows 11  (10.0.26220) Core' Language: 'en' Physical Memory: 16299 MB
BatchMode: 1, IsHumanControllingUs: 0, StartBugReporterOnCrash: 0, Is64bit: 1
System  architecture: x64
Process architecture: x64
Date: 2026-08-09T09:12:27Z

COMMAND LINE ARGUMENTS:
C:\Program Files\Unity\Hub\Editor\6000.5.0f1\Editor\Unity.exe
-adb2
-batchMode
-noUpm
-name
AssetImportWorkerHW2
-projectPath
C:/Users/tyler/Documents/GitHub/Game-Dev-III/My project
-logFile
Logs/AssetImportWorkerHW2.log
-srvPort
63804
-parentPid
5852
-analyticsCloudUserId
16768056786696
-analyticsCloudProjectId
655af935-c563-4d7e-a444-bc081339ca92
-analyticsLocalProjectId
f1b9c14d5627bcc44b85b92b47ef70cd
-licensingIpc
LicenseClient-tyler
-noDiagnosticSwitchPersistentStore
-job-worker-count
5
-background-job-worker-count
8
-asset-garbage-collectors
1
-force-d3d12
-name
AssetImport
Successfully changed project path to: C:/Users/tyler/Documents/GitHub/Game-Dev-III/My project
C:/Users/tyler/Documents/GitHub/Game-Dev-III/My project
[UnityMemory] Configuration Parameters - Can be set up in boot.config
    "memorysetup-temp-allocator-size-gi-baking-worker=262144"
    "memorysetup-temp-allocator-size-gi-baking-worker=262144"
    "memorysetup-temp-allocator-size-gi-baking-worker=262144"
    "memorysetup-temp-allocator-size-gi-baking-worker=262144"
    "memorysetup-temp-allocator-size-gi-baking-worker=262144"
    "memorysetup-temp-allocator-size-nav-mesh-worker=65536"
    "memorysetup-temp-allocator-size-audio-worker=65536"
    "memorysetup-temp-allocator-size-cloud-worker=32768"
    "memorysetup-temp-allocator-size-gfx=262144"
    "memorysetup-temp-allocator-size-preload-manager=33554432"
    "memorysetup-allocator-temp-initial-block-size-main=262144"
    "memorysetup-allocator-temp-initial-block-size-worker=262144"
    "memorysetup-temp-allocator-size-job-worker=262144"
    "memorysetup-temp-allocator-size-background-worker=32768"
    "memorysetup-bucket-allocator-granularity=16"
    "memorysetup-bucket-allocator-bucket-count=8"
    "memorysetup-bucket-allocator-block-size=33554432"
    "memorysetup-bucket-allocator-block-count=8"
    "memorysetup-main-allocator-block-size=16777216"
    "memorysetup-thread-allocator-block-size=16777216"
    "memorysetup-main-allocator-mimalloc-enabled=0"
    "memorysetup-gfx-main-allocator-block-size=16777216"
    "memorysetup-gfx-thread-allocator-block-size=16777216"
    "memorysetup-cache-allocator-block-size=4194304"
    "memorysetup-typetree-allocator-block-size=2097152"
    "memorysetup-profiler-bucket-allocator-granularity=16"
    "memorysetup-profiler-bucket-allocator-bucket-count=8"
    "memorysetup-profiler-bucket-allocator-block-size=33554432"
    "memorysetup-profiler-bucket-allocator-block-count=8"
    "memorysetup-profiler-allocator-block-size=16777216"
    "memorysetup-profiler-editor-allocator-block-size=1048576"
    "memorysetup-temp-allocator-size-main=16777216"
    "memorysetup-job-temp-allocator-block-size=2097152"
    "memorysetup-job-temp-allocator-block-size-background=1048576"
    "memorysetup-job-temp-allocator-reduction-small-platforms=262144"
Player connection [11268]  Target information:

Player connection [11268]  * "[IP] 192.168.1.254 [Port] 0 [Flags] 2 [Guid] 195884971 [EditorId] 195884971 [Version] 1048832 [Id] WindowsEditor(7,DESKTOP-ONOH9UU) [Debug] 1 [PackageName] WindowsEditor [ProjectName] Editor" 

Player connection [11268] Host joined multi-casting on [225.0.0.222:54997]...
Player connection [11268] Host joined alternative multi-casting on [225.0.0.222:34997]...
JobSystem: Creating JobQueue using job-worker-count value 5
Input System module state changed to: Initialized.
[Physics::Module] Initialized fallback backend.
[Physics::Module] Id: 0xdecafbad
Library Redirect Path: Library/
[Physics::Module] Selected backend.
[Physics::Module] Name: PhysX
[Physics::Module] Id: 0xf2b8ea05
[Physics::Module] SDK Version: 4.1.2
[Physics::Module] Integration Version: 1.0.0
[Physics::Module] Threading Mode: Multi-Threaded
Refreshing native plugins compatible for Editor in 5.64 ms, found 4 plugins.
Initialize engine version: 6000.5.0f1 (88b47c5e7076)
[Subsystems] Discovering subsystems at path C:/Program Files/Unity/Hub/Editor/6000.5.0f1/Editor/Data/Resources/UnitySubsystems
[Subsystems] Discovering subsystems at path C:/Users/tyler/Documents/GitHub/Game-Dev-III/My project/Assets
Forcing GfxDevice: Direct3D 12
GfxDevice: creating device client; kGfxThreadingModeNonThreaded
d3d12: failed to query info queue interface (0x80004002).
Direct3D:
    Version:         Direct3D 12 [level 12.1]
    Renderer:        NVIDIA GeForce GTX 1070 (ID=0x1b81)
    Vendor:          NVIDIA
    VRAM:            8067 MB
    App VRAM Budget: 7299 MB
    Driver:          32.0.15.8228
Initialize mono
Mono path[0] = 'C:/Program Files/Unity/Hub/Editor/6000.5.0f1/Editor/Data/Managed'
Mono path[1] = 'C:/Program Files/Unity/Hub/Editor/6000.5.0f1/Editor/Data/BCLExtensions/runtime/netstandard2.1'
Mono path[2] = 'C:/Program Files/Unity/Hub/Editor/6000.5.0f1/Editor/Data/MonoBleedingEdge/lib/mono/unityjit-win32'
Mono config path = 'C:/Program Files/Unity/Hub/Editor/6000.5.0f1/Editor/Data/MonoBleedingEdge/etc'
Using monoOptions --debugger-agent=transport=dt_socket,embedding=1,server=y,suspend=n,address=127.0.0.1:56936
CodeReloadManager initialized
Begin MonoManager ReloadAssembly
Registering precompiled unity dll's ...
Register platform support module: C:/Program Files/Unity/Hub/Editor/6000.5.0f1/Editor/Data/PlaybackEngines/WebGLSupport/UnityEditor.WebGL.Extensions.dll
Register platform support module: C:/Program Files/Unity/Hub/Editor/6000.5.0f1/Editor/Data/PlaybackEngines/WindowsStandaloneSupport/UnityEditor.WindowsStandalone.Extensions.dll
Registered in 0.002384 seconds.
[Licensing::Client] Error: HandshakeResponse reported an error:
	ResponseCode: 505
	ResponseStatus: Unsupported protocol version '1.18.1'.
[Licensing::Module] Error: Failed to handshake to channel: "LicenseClient-tyler"
[Licensing::IpcConnector] LicenseClient-tyler channel disconnected successfully.
[Licensing::IpcConnector] Successfully connected to: "LicenseClient-tyler-6000.5.0" at "2026-08-09T09:12:29.601572Z"
[Licensing::Client] Code 10 while verifying Licensing Client signature (process Id: 14420, path: "C:/Program Files/Unity/Hub/Editor/6000.5.0f1/Editor/Data/Resources/Licensing/Client/Unity.Licensing.Client.exe")
[Licensing::Module] LicensingClient has failed validation; ignoring
[Licensing::Client] Handshaking with LicensingClient:
  Version:                 1.18.1+9fbee8e
  Session Id:              48136f8e2dac402a9257b05517d0951d
  Correlation Id:          b9857726989ac410ae82536abca9a897
  External correlation Id: 742240686142441476
  Machine Id:              QeWQyKUgr9slaz3hdB0ZBGZ27bw=
[Licensing::Module] Successfully connected to LicensingClient on channel: "LicenseClient-tyler-6000.5.0" (connect: 0.00s, validation: 0.00s, handshake: 0.01s)
[Licensing::IpcConnector] Successfully connected to: "LicenseClient-tyler-6000.5.0-notifications" at "2026-08-09T09:12:29.6135947Z"
[Licensing::Module] Licensing Background thread has ended after 2.29s
Native extension for WindowsStandalone target not found
Native extension for WebGL target not found
Package Manager log level set to [2]
[Package Manager] Failed to launch server process. Reason: Unity was launched with the -noUpm command-line argument
[Package Manager] Unable to send message (not connected to server process).
[Package Manager] Cannot connect to Unity Package Manager local server
ScheduleIndexationOnStartup MainProcess:False IndexOnStartup:True
Mono: successfully reloaded assembly
- Finished resetting the current domain, in  0.675 seconds
Domain Reload Profiling: 1780ms
	BeginReloadAssembly (252ms)
	RebuildCommonClasses (12ms)
	RebuildNativeTypeToScriptingClass (36ms)
	initialDomainReloadingComplete (119ms)
	LoadAllAssembliesAndSetupDomain (684ms)
		LoadAssemblies (248ms)
		AnalyzeDomain (507ms)
			TypeCache.Refresh (504ms)
				TypeCache.ScanAssembly (465ms)
	FinalizeReload (678ms)
		SetupLoadedEditorAssemblies (0ms)
			InitializePlatformSupportModulesInManaged (7ms)
			BeforeProcessingInitializeOnLoad (169ms)
			ProcessInitializeOnLoadAttributes (166ms)
			ProcessInitializeOnLoadMethodAttributes (200ms)
Initializing Unity extensions:
[Licensing::Client] Successfully resolved entitlement details
[Licensing::Module] License group:
  Id: 16768056786696-UnityPersXXXX
  Product: Unity Personal
  Type: Assigned
  Expiration: Unlimited
========================================================================
Worker process is ready to serve import requests
Import Worker Mode flag is 0x00
Begin MonoManager ReloadAssembly
Refreshing native plugins compatible for Editor in 8.36 ms, found 4 plugins.
Native extension for WindowsStandalone target not found
Native extension for WebGL target not found
[Package Manager] Failed to launch server process. Reason: Unity was launched with the -noUpm command-line argument
[Package Manager] Unable to send message (not connected to server process).
[Package Manager] Cannot connect to Unity Package Manager local server
[Package Manager] Failed to launch server process. Reason: Unity was launched with the -noUpm command-line argument
[Package Manager] Unable to send message (not connected to server process).
[Package Manager] Cannot connect to Unity Package Manager local server
ScheduleIndexationOnStartup MainProcess:False IndexOnStartup:True
Mono: successfully reloaded assembly
- Finished resetting the current domain, in  1.211 seconds
Domain Reload Profiling: 3015ms
	BeginReloadAssembly (380ms)
		DisableScriptedObjects (7ms)
		CreateAndSetChildDomain (68ms)
	RebuildCommonClasses (15ms)
	RebuildNativeTypeToScriptingClass (36ms)
	initialDomainReloadingComplete (135ms)
	LoadAllAssembliesAndSetupDomain (1237ms)
		LoadAssemblies (731ms)
		AnalyzeDomain (511ms)
			TypeCache.Refresh (357ms)
				TypeCache.ScanAssembly (327ms)
			BuildScriptInfoCaches (142ms)
			ResolveRequiredComponents (9ms)
	FinalizeReload (1212ms)
		SetupLoadedEditorAssemblies (0ms)
			InitializePlatformSupportModulesInManaged (3ms)
			BeforeProcessingInitializeOnLoad (168ms)
			ProcessInitializeOnLoadAttributes (385ms)
			ProcessInitializeOnLoadMethodAttributes (155ms)
			AfterProcessingInitializeOnLoad (7ms)
		AwakeInstancesAfterBackupRestoration (3ms)
AcceleratorClientConnectionCallback - disconnected - :0
Launched and connected shader compiler UnityShaderCompiler.exe after 0.01 seconds
Refreshing native plugins compatible for Editor in 2.01 ms, found 4 plugins.
Unloading 22 Unused Serialized files (Serialized files now loaded: 0)
Curl error 3: URL rejected: Malformed input to a URL function
Unloading 6434 unused Assets / (6.7 MB). Loaded Objects now: 7272.
Memory consumption went from 317.6 MB to 310.9 MB.
Total: 16.290200 ms (FindLiveObjects: 1.274900 ms CreateObjectMapping: 2.978600 ms MarkObjects: 8.695700 ms  DeleteObjects: 3.337800 ms)

========================================================================
Received Import Request.
  Time of request: 2026-08-09T09:12:36.3463929Z
  Time since last request: 22374.25807310000164 seconds.
  importAddress: GUID: 9bfb0b924f68f5a478998bbadccd58b6 - Path: Assets/Assets - Importer: PreviewImporter
Importing 'GUID: 9bfb0b924f68f5a478998bbadccd58b6 - Path: Assets/Assets - Importer: PreviewImporter' with importer (PreviewImporter)
Imported 'GUID: 9bfb0b924f68f5a478998bbadccd58b6' -> (Import Result ID: '951831470ae932d5f08bfa714f03f5e7') in 0.010 seconds [static and dynamic dependencies]. Details - ImportResultOutputID=ecfc10aec6040c6becc857aae6779926 DependenciesID=f06e0f92cfcaebb873827b2828dbebf5 StaticDependenciesID=c568b6167108eb9267d52c14e4750af2 
Number of updated asset objects reloaded before import = 0
Number of asset objects unloaded after import = 0
========================================================================
Received Import Request.
  Time of request: 2026-08-09T09:12:37.3875454Z
  Time since last request: 1.0159937 seconds.
  importAddress: GUID: 56094faffc9e9ac4b9f7dc0248d883b2 - Path: Assets/Assets/Prototype 1 - Importer: PreviewImporter
Importing 'GUID: 56094faffc9e9ac4b9f7dc0248d883b2 - Path: Assets/Assets/Prototype 1 - Importer: PreviewImporter' with importer (PreviewImporter)
Imported 'GUID: 56094faffc9e9ac4b9f7dc0248d883b2' -> (Import Result ID: '4e1182c7460b0e3a772995c77050ebfa') in 0.003 seconds [static and dynamic dependencies]. Details - ImportResultOutputID=952e074eff10390ddb79b926fd67562e DependenciesID=b0dc712f9f26b32e3614b3786b53f9ae StaticDependenciesID=217317e716f64e096c14b43a9d479138 
Number of updated asset objects reloaded before import = 0
Number of asset objects unloaded after import = 0
========================================================================
Received Import Request.
  Time of request: 2026-08-09T09:12:38.3097098Z
  Time since last request: 0.9052422 seconds.
  importAddress: GUID: ec98f39fa54a6224f818e251f585a214 - Path: Assets/Assets/Prototype 1/Tutorial - Importer: PreviewImporter
Importing 'GUID: ec98f39fa54a6224f818e251f585a214 - Path: Assets/Assets/Prototype 1/Tutorial - Importer: PreviewImporter' with importer (PreviewImporter)
Imported 'GUID: ec98f39fa54a6224f818e251f585a214' -> (Import Result ID: '81c485099efdeb6b58fb2c66851f4ade') in 0.001 seconds [static and dynamic dependencies]. Details - ImportResultOutputID=d5c63436a307b5247bb642d5ca7a13c3 DependenciesID=96a4854066c1763f39158d1b34385b47 StaticDependenciesID=5e82a43290e293e3683b695ae45ec03e 
Number of updated asset objects reloaded before import = 0
Number of asset objects unloaded after import = 0
========================================================================
Received Import Request.
  Time of request: 2026-08-09T09:12:39.9501212Z
  Time since last request: 1.627364 seconds.
  importAddress: GUID: f81f429e00007ab4a8a9672751f5444d - Path: Assets/Assets/Prototype 1/Tutorial/Scenes - Importer: PreviewImporter
Importing 'GUID: f81f429e00007ab4a8a9672751f5444d - Path: Assets/Assets/Prototype 1/Tutorial/Scenes - Importer: PreviewImporter' with importer (PreviewImporter)
Imported 'GUID: f81f429e00007ab4a8a9672751f5444d' -> (Import Result ID: '62b05e0ce07b347a1c4b7486c36d75a3') in 0.001 seconds [static and dynamic dependencies]. Details - ImportResultOutputID=b30be28428246d2d0504faf0797fbc43 DependenciesID=da8e50bcabf74a47ccd815f5fb43581b StaticDependenciesID=ed59112220b5993f65390a0fd1140da4 
Number of updated asset objects reloaded before import = 0
Number of asset objects unloaded after import = 0
========================================================================
Received Import Request.
  Time of request: 2026-08-09T09:12:45.3545015Z
  Time since last request: 5.3920651 seconds.
  importAddress: GUID: 8626493e6a78a4c6890d0cbb95dce5f6 - Path: Assets/Assets/Prototype 1/Challenge 4 - Importer: PreviewImporter
Importing 'GUID: 8626493e6a78a4c6890d0cbb95dce5f6 - Path: Assets/Assets/Prototype 1/Challenge 4 - Importer: PreviewImporter' with importer (PreviewImporter)
Imported 'GUID: 8626493e6a78a4c6890d0cbb95dce5f6' -> (Import Result ID: '5c8ac061c5b4674f26864b21d5a290ec') in 0.001 seconds [static and dynamic dependencies]. Details - ImportResultOutputID=1a453c3823fc3f25bfc36b5f36041404 DependenciesID=5fefc4193eb3e8e74c92f5c15634d686 StaticDependenciesID=25bead90a1305afbf9bb760e760a8da4 
Number of updated asset objects reloaded before import = 0
Number of asset objects unloaded after import = 0
========================================================================
Received Import Request.
  Time of request: 2026-08-09T09:12:58.1052844Z
  Time since last request: 12.7362897 seconds.
  importAddress: GUID: 5091278179c5c3544b249a84698ec7c6 - Path: Assets/Assets/Prototype 2/Scene - Importer: PreviewImporter
Importing 'GUID: 5091278179c5c3544b249a84698ec7c6 - Path: Assets/Assets/Prototype 2/Scene - Importer: PreviewImporter' with importer (PreviewImporter)
Imported 'GUID: 5091278179c5c3544b249a84698ec7c6' -> (Import Result ID: '26da2a67ce663c71bcb2477a240f1566') in 0.001 seconds [static and dynamic dependencies]. Details - ImportResultOutputID=4cbb66cccbc9c397111b45ac1178e852 DependenciesID=c6fe157f860fc3cf134990b0d17dc092 StaticDependenciesID=acc748b13ebbacce65c03ddf46a5da7a 
Number of updated asset objects reloaded before import = 0
Number of asset objects unloaded after import = 0
========================================================================
Received Import Request.
  Time of request: 2026-08-09T09:12:59.0631504Z
  Time since last request: 0.9444414 seconds.
  importAddress: GUID: 5091278179c5c3544b249a84698ec7c6 - Path: Assets/Assets/Prototype 2/Scene - Importer: ScriptedImporter/UnityEditor.QuickSearchModule:UnityEditor.Search:ASIAI0B
Importing 'GUID: 5091278179c5c3544b249a84698ec7c6 - Path: Assets/Assets/Prototype 2/Scene - Importer: ScriptedImporter/UnityEditor.QuickSearchModule:UnityEditor.Search:ASIAI0B' with importer (ScriptedImporter : UnityEditor.QuickSearchModule:UnityEditor.Search:ASIAI0B)
Imported 'GUID: 5091278179c5c3544b249a84698ec7c6' -> (Import Result ID: '107422ef23f400ba736226e836a5bd7f') in 0.066 seconds [static and dynamic dependencies]. Details - ImportResultOutputID=8804e607345bfb9b61e602149fed5cac DependenciesID=de6db7bf71509a401c1d5f7dadc76a8e StaticDependenciesID=c2501894bcd28aba81502697eb966820 
Number of updated asset objects reloaded before import = 0
Number of asset objects unloaded after import = 1
========================================================================
Received Import Request.
  Time of request: 2026-08-09T09:13:15.3261753Z
  Time since last request: 16.1865788 seconds.
  importAddress: GUID: b90809d564cf84a4f9162b1a474ea6d5 - Path: Assets/Assets/Prototype 2/Scene/Tree game.unity - Importer: PreviewImporter
Importing 'GUID: b90809d564cf84a4f9162b1a474ea6d5 - Path: Assets/Assets/Prototype 2/Scene/Tree game.unity - Importer: PreviewImporter' with importer (PreviewImporter)
Imported 'GUID: b90809d564cf84a4f9162b1a474ea6d5' -> (Import Result ID: '69c086c2dc75deb1d66d0be8e18b765f') in 0.001 seconds [static and dynamic dependencies]. Details - ImportResultOutputID=00eac2102e6cc064dc0b3763e211475e DependenciesID=57572faac411ce0b358be1b7f6cafa69 StaticDependenciesID=0b7b6553f32006a822624043355797d7 
Number of updated asset objects reloaded before import = 0
Number of asset objects unloaded after import = 0
========================================================================
Received Import Request.
  Time of request: 2026-08-09T09:13:16.2886452Z
  Time since last request: 0.9484703 seconds.
  importAddress: GUID: b90809d564cf84a4f9162b1a474ea6d5 - Path: Assets/Assets/Prototype 2/Scene/Tree game.unity - Importer: ScriptedImporter/UnityEditor.QuickSearchModule:UnityEditor.Search:ASIAI0B
Importing 'GUID: b90809d564cf84a4f9162b1a474ea6d5 - Path: Assets/Assets/Prototype 2/Scene/Tree game.unity - Importer: ScriptedImporter/UnityEditor.QuickSearchModule:UnityEditor.Search:ASIAI0B' with importer (ScriptedImporter : UnityEditor.QuickSearchModule:UnityEditor.Search:ASIAI0B)
Imported 'GUID: b90809d564cf84a4f9162b1a474ea6d5' -> (Import Result ID: '89a2e5124fa2e4ed3fd4b8a1981510b6') in 0.021 seconds [static and dynamic dependencies]. Details - ImportResultOutputID=6472261d7f021a256ae1ef166a8594cc DependenciesID=5400f6e226d05a7bdb9ba19d0d765e5c StaticDependenciesID=fe3847f92f169a46d78df3e17d66c3d5 
Number of updated asset objects reloaded before import = 0
Number of asset objects unloaded after import = 1
========================================================================
Received Import Request.
  Time of request: 2026-08-09T10:24:16.2485461Z
  Time since last request: 4259.92351940000026 seconds.
  importAddress: GUID: 9496f86605483954a811def4f3ed5440 - Path: Assets/Assets/Prototype 2/Scripts - Importer: PreviewImporter
Importing 'GUID: 9496f86605483954a811def4f3ed5440 - Path: Assets/Assets/Prototype 2/Scripts - Importer: PreviewImporter' with importer (PreviewImporter)
Imported 'GUID: 9496f86605483954a811def4f3ed5440' -> (Import Result ID: '921c32c07117ed5fd486869f4b2ec2ff') in 0.001 seconds [static and dynamic dependencies]. Details - ImportResultOutputID=40ef283ea677e0423945cb4c8f3d7990 DependenciesID=8b3d5edb193aa490469c7d0dd2ce539c StaticDependenciesID=7e9b5761a91ea584c169c886366ff486 
Number of updated asset objects reloaded before import = 0
Number of asset objects unloaded after import = 0
========================================================================
Received Prepare
AcceleratorClientConnectionCallback - disconnected - :0
Unloading 22 Unused Serialized files (Serialized files now loaded: 0)
Unloading 6420 unused Assets / (5.9 MB). Loaded Objects now: 7275.
Memory consumption went from 317.3 MB to 311.4 MB.
Total: 18.316300 ms (FindLiveObjects: 1.268500 ms CreateObjectMapping: 2.722400 ms MarkObjects: 10.682800 ms  DeleteObjects: 3.641200 ms)

Prepare: number of updated asset objects reloaded= 0
========================================================================
Received Import Request.
  Time of request: 2026-08-09T10:24:29.5358327Z
  Time since last request: 13.2725551 seconds.
  importAddress: GUID: 8657db006c23606419ed8c1e3ca05b69 - Path: Assets/Assets/Prototype 2/Scripts/PlayerMovement.cs - Importer: PreviewImporter
Importing 'GUID: 8657db006c23606419ed8c1e3ca05b69 - Path: Assets/Assets/Prototype 2/Scripts/PlayerMovement.cs - Importer: PreviewImporter' with importer (PreviewImporter)
Imported 'GUID: 8657db006c23606419ed8c1e3ca05b69' -> (Import Result ID: '5acdd264e0eaeeef7a8138fbe611dceb') in 0.001 seconds [static and dynamic dependencies]. Details - ImportResultOutputID=f7735a9374e80c607d0a79123c30141c DependenciesID=8cc705c116bdd3b5473d32d0dcbbb01a StaticDependenciesID=9864c905a54450ec4567c1ca793a729d 
Number of updated asset objects reloaded before import = 0
Number of asset objects unloaded after import = 0
========================================================================
Received Import Request.
  Time of request: 2026-08-09T10:24:30.1780721Z
  Time since last request: 0.6281682 seconds.
  importAddress: GUID: 8657db006c23606419ed8c1e3ca05b69 - Path: Assets/Assets/Prototype 2/Scripts/PlayerMovement.cs - Importer: ScriptedImporter/UnityEditor.QuickSearchModule:UnityEditor.Search:ASIAI0B
Importing 'GUID: 8657db006c23606419ed8c1e3ca05b69 - Path: Assets/Assets/Prototype 2/Scripts/PlayerMovement.cs - Importer: ScriptedImporter/UnityEditor.QuickSearchModule:UnityEditor.Search:ASIAI0B' with importer (ScriptedImporter : UnityEditor.QuickSearchModule:UnityEditor.Search:ASIAI0B)
Imported 'GUID: 8657db006c23606419ed8c1e3ca05b69' -> (Import Result ID: 'b64a3cf2a71cb32c7eee2d65e6acba47') in 0.033 seconds [static and dynamic dependencies]. Details - ImportResultOutputID=a8c2e7a0f717e9810ed7beef408d52af DependenciesID=93b0d6c87219a2e3145596bce2f30115 StaticDependenciesID=16d584e60cadfba8cc992e12489b8e49 
Number of updated asset objects reloaded before import = 0
Number of asset objects unloaded after import = 0
========================================================================
Received Prepare
AcceleratorClientConnectionCallback - disconnected - :0
Refreshing native plugins compatible for Editor in 3.90 ms, found 4 plugins.
Unloading 22 Unused Serialized files (Serialized files now loaded: 0)
Unloading 6420 unused Assets / (5.3 MB). Loaded Objects now: 7275.
Memory consumption went from 317.4 MB to 312.1 MB.
Total: 23.534300 ms (FindLiveObjects: 2.199900 ms CreateObjectMapping: 5.212300 ms MarkObjects: 8.146100 ms  DeleteObjects: 7.973700 ms)

Prepare: number of updated asset objects reloaded= 0
========================================================================
Received Import Request.
  Time of request: 2026-08-09T10:24:55.3190093Z
  Time since last request: 25.0972128 seconds.
  importAddress: GUID: 8657db006c23606419ed8c1e3ca05b69 - Path: Assets/Assets/Prototype 2/Scripts/PlayerMovement.cs - Importer: PreviewImporter
Importing 'GUID: 8657db006c23606419ed8c1e3ca05b69 - Path: Assets/Assets/Prototype 2/Scripts/PlayerMovement.cs - Importer: PreviewImporter' with importer (PreviewImporter)
Imported 'GUID: 8657db006c23606419ed8c1e3ca05b69' -> (Import Result ID: 'fc320aad393dedb64dbfaeeb019459ce') in 0.001 seconds [static and dynamic dependencies]. Details - ImportResultOutputID=f7735a9374e80c607d0a79123c30141c DependenciesID=5aaddf6f2ce07ff2fe0b0eef94011cae StaticDependenciesID=8f2ae2b4de76e6300eaea0c015f4defd 
Number of updated asset objects reloaded before import = 0
Number of asset objects unloaded after import = 0
========================================================================
Received Import Request.
  Time of request: 2026-08-09T10:24:55.8983867Z
  Time since last request: 0.562844 seconds.
  importAddress: GUID: 8657db006c23606419ed8c1e3ca05b69 - Path: Assets/Assets/Prototype 2/Scripts/PlayerMovement.cs - Importer: ScriptedImporter/UnityEditor.QuickSearchModule:UnityEditor.Search:ASIAI0B
Importing 'GUID: 8657db006c23606419ed8c1e3ca05b69 - Path: Assets/Assets/Prototype 2/Scripts/PlayerMovement.cs - Importer: ScriptedImporter/UnityEditor.QuickSearchModule:UnityEditor.Search:ASIAI0B' with importer (ScriptedImporter : UnityEditor.QuickSearchModule:UnityEditor.Search:ASIAI0B)
Imported 'GUID: 8657db006c23606419ed8c1e3ca05b69' -> (Import Result ID: '8ded5a6169c8dd1cf2f21d2e257c91aa') in 0.006 seconds [static and dynamic dependencies]. Details - ImportResultOutputID=cd082d1b95500db869fe488fff172268 DependenciesID=27ee6b82fa662b638cb0328066a609d8 StaticDependenciesID=53ac3d62c0aa9175f2f65e27cba24a1c 
Number of updated asset objects reloaded before import = 0
Number of asset objects unloaded after import = 0
========================================================================
Received Prepare
AcceleratorClientConnectionCallback - disconnected - :0
[Licensing::Client] Successfully resolved entitlement details
Begin MonoManager ReloadAssembly
Refreshing native plugins compatible for Editor in 2.28 ms, found 4 plugins.
Native extension for WindowsStandalone target not found
Native extension for WebGL target not found
[Package Manager] Failed to launch server process. Reason: Unity was launched with the -noUpm command-line argument
[Package Manager] Unable to send message (not connected to server process).
[Package Manager] Cannot connect to Unity Package Manager local server
[Package Manager] Failed to launch server process. Reason: Unity was launched with the -noUpm command-line argument
[Package Manager] Unable to send message (not connected to server process).
[Package Manager] Cannot connect to Unity Package Manager local server
ScheduleIndexationOnStartup MainProcess:False IndexOnStartup:True
Mono: successfully reloaded assembly
- Finished resetting the current domain, in  0.987 seconds
Domain Reload Profiling: 2439ms
	BeginReloadAssembly (382ms)
		DisableScriptedObjects (13ms)
		CreateAndSetChildDomain (104ms)
	RebuildCommonClasses (11ms)
	RebuildNativeTypeToScriptingClass (23ms)
	initialDomainReloadingComplete (98ms)
	LoadAllAssembliesAndSetupDomain (937ms)
		LoadAssemblies (654ms)
		AnalyzeDomain (293ms)
			TypeCache.Refresh (20ms)
			BuildScriptInfoCaches (261ms)
			ResolveRequiredComponents (9ms)
	FinalizeReload (989ms)
		SetupLoadedEditorAssemblies (0ms)
			InitializePlatformSupportModulesInManaged (3ms)
			BeforeProcessingInitializeOnLoad (118ms)
			ProcessInitializeOnLoadAttributes (330ms)
			ProcessInitializeOnLoadMethodAttributes (141ms)
			AfterProcessingInitializeOnLoad (8ms)
		AwakeInstancesAfterBackupRestoration (18ms)
Unloading 22 Unused Serialized files (Serialized files now loaded: 0)
Unloading 6431 unused Assets / (6.3 MB). Loaded Objects now: 7320.
Memory consumption went from 326.5 MB to 320.2 MB.
Total: 11.421500 ms (FindLiveObjects: 0.819400 ms CreateObjectMapping: 2.393200 ms MarkObjects: 5.260600 ms  DeleteObjects: 2.947400 ms)

Prepare: number of updated asset objects reloaded= 0
========================================================================
Received Import Request.
  Time of request: 2026-08-09T10:25:11.4255881Z
  Time since last request: 15.5111433 seconds.
  importAddress: GUID: 8657db006c23606419ed8c1e3ca05b69 - Path: Assets/Assets/Prototype 2/Scripts/PlayerMovement.cs - Importer: PreviewImporter
Importing 'GUID: 8657db006c23606419ed8c1e3ca05b69 - Path: Assets/Assets/Prototype 2/Scripts/PlayerMovement.cs - Importer: PreviewImporter' with importer (PreviewImporter)
Imported 'GUID: 8657db006c23606419ed8c1e3ca05b69' -> (Import Result ID: '980451a23240c9676caeac8541e4c532') in 0.002 seconds [static and dynamic dependencies]. Details - ImportResultOutputID=f7735a9374e80c607d0a79123c30141c DependenciesID=58e547f1ac4eeaa422e18036f7ae0a2b StaticDependenciesID=8f2ae2b4de76e6300eaea0c015f4defd 
Number of updated asset objects reloaded before import = 0
Number of asset objects unloaded after import = 0
========================================================================
Received Prepare
AcceleratorClientConnectionCallback - disconnected - :0
Begin MonoManager ReloadAssembly
Native extension for WindowsStandalone target not found
Native extension for WebGL target not found
[Package Manager] Failed to launch server process. Reason: Unity was launched with the -noUpm command-line argument
[Package Manager] Unable to send message (not connected to server process).
[Package Manager] Cannot connect to Unity Package Manager local server
[Package Manager] Failed to launch server process. Reason: Unity was launched with the -noUpm command-line argument
[Package Manager] Unable to send message (not connected to server process).
[Package Manager] Cannot connect to Unity Package Manager local server
ScheduleIndexationOnStartup MainProcess:False IndexOnStartup:True
Mono: successfully reloaded assembly
- Finished resetting the current domain, in  0.910 seconds
Domain Reload Profiling: 1800ms
	BeginReloadAssembly (272ms)
		DisableScriptedObjects (8ms)
		CreateAndSetChildDomain (56ms)
	RebuildCommonClasses (10ms)
	RebuildNativeTypeToScriptingClass (21ms)
	initialDomainReloadingComplete (88ms)
	LoadAllAssembliesAndSetupDomain (497ms)
		LoadAssemblies (440ms)
		AnalyzeDomain (34ms)
			TypeCache.Refresh (16ms)
			ResolveRequiredComponents (12ms)
	FinalizeReload (911ms)
		SetupLoadedEditorAssemblies (0ms)
			InitializePlatformSupportModulesInManaged (3ms)
			BeforeProcessingInitializeOnLoad (110ms)
			ProcessInitializeOnLoadAttributes (362ms)
			ProcessInitializeOnLoadMethodAttributes (163ms)
			AfterProcessingInitializeOnLoad (9ms)
		AwakeInstancesAfterBackupRestoration (28ms)
Refreshing native plugins compatible for Editor in 2.27 ms, found 4 plugins.
Unloading 22 Unused Serialized files (Serialized files now loaded: 0)
Unloading 6431 unused Assets / (6.1 MB). Loaded Objects now: 7323.
Memory consumption went from 326.7 MB to 320.6 MB.
Total: 17.237400 ms (FindLiveObjects: 1.334000 ms CreateObjectMapping: 4.228800 ms MarkObjects: 7.529000 ms  DeleteObjects: 4.144100 ms)

Prepare: number of updated asset objects reloaded= 0
========================================================================
Received Prepare
AcceleratorClientConnectionCallback - disconnected - :0
Unloading 22 Unused Serialized files (Serialized files now loaded: 0)
Unloading 6421 unused Assets / (6.7 MB). Loaded Objects now: 7324.
Memory consumption went from 329.4 MB to 322.7 MB.
Total: 15.372200 ms (FindLiveObjects: 0.899400 ms CreateObjectMapping: 2.280300 ms MarkObjects: 7.927400 ms  DeleteObjects: 4.263500 ms)

Prepare: number of updated asset objects reloaded= 0
========================================================================
Received Import Request.
  Time of request: 2026-08-09T10:29:02.6886211Z
  Time since last request: 231.2491847 seconds.
  importAddress: GUID: 44fa5853e17ea2e42a3537578f453028 - Path: Assets/Assets/Prototype 2/Scripts/TreeGrowth.cs - Importer: PreviewImporter
Importing 'GUID: 44fa5853e17ea2e42a3537578f453028 - Path: Assets/Assets/Prototype 2/Scripts/TreeGrowth.cs - Importer: PreviewImporter' with importer (PreviewImporter)
Imported 'GUID: 44fa5853e17ea2e42a3537578f453028' -> (Import Result ID: '5da2a31ea3ae53d5bbe03f593b9275f2') in 0.004 seconds [static and dynamic dependencies]. Details - ImportResultOutputID=7569b16db7f1fecd27afb9922ea46501 DependenciesID=289b7390e9967d85538f1548a6666bc1 StaticDependenciesID=78ca81ddcfae0340243d42a43da88a21 
Number of updated asset objects reloaded before import = 0
Number of asset objects unloaded after import = 0
========================================================================
Received Import Request.
  Time of request: 2026-08-09T10:29:02.9668508Z
  Time since last request: 0.2587555 seconds.
  importAddress: GUID: 44fa5853e17ea2e42a3537578f453028 - Path: Assets/Assets/Prototype 2/Scripts/TreeGrowth.cs - Importer: ScriptedImporter/UnityEditor.QuickSearchModule:UnityEditor.Search:ASIAI0B
Importing 'GUID: 44fa5853e17ea2e42a3537578f453028 - Path: Assets/Assets/Prototype 2/Scripts/TreeGrowth.cs - Importer: ScriptedImporter/UnityEditor.QuickSearchModule:UnityEditor.Search:ASIAI0B' with importer (ScriptedImporter : UnityEditor.QuickSearchModule:UnityEditor.Search:ASIAI0B)
Imported 'GUID: 44fa5853e17ea2e42a3537578f453028' -> (Import Result ID: 'ca8c9d989533858f5a6dfeba088e9292') in 0.095 seconds [static and dynamic dependencies]. Details - ImportResultOutputID=51be87cfd9709f0669af2e06f3af73d0 DependenciesID=8ff2811c2c5242f5c24384afee473086 StaticDependenciesID=362f1a9a3a213c3ff73d364829965183 
Number of updated asset objects reloaded before import = 0
Number of asset objects unloaded after import = 0
========================================================================
Received Prepare
AcceleratorClientConnectionCallback - disconnected - :0
[Licensing::Client] Successfully resolved entitlement details
Begin MonoManager ReloadAssembly
Native extension for WindowsStandalone target not found
Native extension for WebGL target not found
[Package Manager] Failed to launch server process. Reason: Unity was launched with the -noUpm command-line argument
[Package Manager] Unable to send message (not connected to server process).
[Package Manager] Cannot connect to Unity Package Manager local server
[Package Manager] Failed to launch server process. Reason: Unity was launched with the -noUpm command-line argument
[Package Manager] Unable to send message (not connected to server process).
[Package Manager] Cannot connect to Unity Package Manager local server
ScheduleIndexationOnStartup MainProcess:False IndexOnStartup:True
Mono: successfully reloaded assembly
- Finished resetting the current domain, in  0.880 seconds
Domain Reload Profiling: 2054ms
	BeginReloadAssembly (269ms)
		DisableScriptedObjects (7ms)
		CreateAndSetChildDomain (56ms)
	RebuildCommonClasses (10ms)
	RebuildNativeTypeToScriptingClass (23ms)
	initialDomainReloadingComplete (83ms)
	LoadAllAssembliesAndSetupDomain (789ms)
		LoadAssemblies (469ms)
		AnalyzeDomain (294ms)
			TypeCache.Refresh (17ms)
			BuildScriptInfoCaches (264ms)
			ResolveRequiredComponents (9ms)
	FinalizeReload (881ms)
		SetupLoadedEditorAssemblies (0ms)
			BeforeProcessingInitializeOnLoad (114ms)
			ProcessInitializeOnLoadAttributes (323ms)
			ProcessInitializeOnLoadMethodAttributes (144ms)
			AfterProcessingInitializeOnLoad (8ms)
		AwakeInstancesAfterBackupRestoration (25ms)
Refreshing native plugins compatible for Editor in 2.85 ms, found 4 plugins.
Unloading 22 Unused Serialized files (Serialized files now loaded: 0)
Unloading 6432 unused Assets / (6.1 MB). Loaded Objects now: 7327.
Memory consumption went from 324.4 MB to 318.3 MB.
Total: 18.063800 ms (FindLiveObjects: 1.188900 ms CreateObjectMapping: 2.663700 ms MarkObjects: 8.223600 ms  DeleteObjects: 5.986000 ms)

Prepare: number of updated asset objects reloaded= 0
========================================================================
Received Import Request.
  Time of request: 2026-08-09T10:29:15.077335Z
  Time since last request: 12.0023981 seconds.
  importAddress: GUID: 44fa5853e17ea2e42a3537578f453028 - Path: Assets/Assets/Prototype 2/Scripts/TreeGrowth.cs - Importer: PreviewImporter
Importing 'GUID: 44fa5853e17ea2e42a3537578f453028 - Path: Assets/Assets/Prototype 2/Scripts/TreeGrowth.cs - Importer: PreviewImporter' with importer (PreviewImporter)
Imported 'GUID: 44fa5853e17ea2e42a3537578f453028' -> (Import Result ID: '5ecc0e685e6986a18d698c84d189f081') in 0.001 seconds [static and dynamic dependencies]. Details - ImportResultOutputID=7569b16db7f1fecd27afb9922ea46501 DependenciesID=60fb1e3957155146b3b9310594e53d0b StaticDependenciesID=78ca81ddcfae0340243d42a43da88a21 
Number of updated asset objects reloaded before import = 0
Number of asset objects unloaded after import = 0
========================================================================
Received Prepare
AcceleratorClientConnectionCallback - disconnected - :0
Refreshing native plugins compatible for Editor in 2.10 ms, found 4 plugins.
Unloading 22 Unused Serialized files (Serialized files now loaded: 0)
Unloading 6421 unused Assets / (5.9 MB). Loaded Objects now: 7327.
Memory consumption went from 327.1 MB to 321.3 MB.
Total: 19.153300 ms (FindLiveObjects: 1.301100 ms CreateObjectMapping: 3.540800 ms MarkObjects: 8.993100 ms  DeleteObjects: 5.316900 ms)

Prepare: number of updated asset objects reloaded= 0
========================================================================
Received Import Request.
  Time of request: 2026-08-09T10:29:21.7675694Z
  Time since last request: 6.676224 seconds.
  importAddress: GUID: 44fa5853e17ea2e42a3537578f453028 - Path: Assets/Assets/Prototype 2/Scripts/TreeGrowth.cs - Importer: PreviewImporter
Importing 'GUID: 44fa5853e17ea2e42a3537578f453028 - Path: Assets/Assets/Prototype 2/Scripts/TreeGrowth.cs - Importer: PreviewImporter' with importer (PreviewImporter)
Imported 'GUID: 44fa5853e17ea2e42a3537578f453028' -> (Import Result ID: '9bbe34a334d013ce6600b3f8219b771c') in 0.002 seconds [static and dynamic dependencies]. Details - ImportResultOutputID=7569b16db7f1fecd27afb9922ea46501 DependenciesID=3ce32d4d30f9758753eda2f42defbb46 StaticDependenciesID=55a1486ddffd4cacb800608c3ad923af 
Number of updated asset objects reloaded before import = 0
Number of asset objects unloaded after import = 0
========================================================================
Received Prepare
AcceleratorClientConnectionCallback - disconnected - :0
Refreshing native plugins compatible for Editor in 2.58 ms, found 4 plugins.
Unloading 22 Unused Serialized files (Serialized files now loaded: 0)
Unloading 6421 unused Assets / (6.5 MB). Loaded Objects now: 7327.
Memory consumption went from 327.1 MB to 320.6 MB.
Total: 17.331400 ms (FindLiveObjects: 1.154900 ms CreateObjectMapping: 3.780900 ms MarkObjects: 6.747200 ms  DeleteObjects: 5.647200 ms)

Prepare: number of updated asset objects reloaded= 0
========================================================================
Received Prepare
AcceleratorClientConnectionCallback - disconnected - :0
[Licensing::Client] Successfully resolved entitlement details
Begin MonoManager ReloadAssembly
Native extension for WindowsStandalone target not found
Native extension for WebGL target not found
[Package Manager] Failed to launch server process. Reason: Unity was launched with the -noUpm command-line argument
[Package Manager] Unable to send message (not connected to server process).
[Package Manager] Cannot connect to Unity Package Manager local server
[Package Manager] Failed to launch server process. Reason: Unity was launched with the -noUpm command-line argument
[Package Manager] Unable to send message (not connected to server process).
[Package Manager] Cannot connect to Unity Package Manager local server
ScheduleIndexationOnStartup MainProcess:False IndexOnStartup:True
Mono: successfully reloaded assembly
- Finished resetting the current domain, in  0.924 seconds
Domain Reload Profiling: 2113ms
	BeginReloadAssembly (296ms)
		DisableScriptedObjects (9ms)
		CreateAndSetChildDomain (62ms)
	RebuildCommonClasses (13ms)
	RebuildNativeTypeToScriptingClass (27ms)
	initialDomainReloadingComplete (89ms)
	LoadAllAssembliesAndSetupDomain (763ms)
		LoadAssemblies (462ms)
		AnalyzeDomain (284ms)
			TypeCache.Refresh (15ms)
			BuildScriptInfoCaches (258ms)
			ResolveRequiredComponents (9ms)
	FinalizeReload (925ms)
		SetupLoadedEditorAssemblies (0ms)
			InitializePlatformSupportModulesInManaged (3ms)
			BeforeProcessingInitializeOnLoad (107ms)
			ProcessInitializeOnLoadAttributes (385ms)
			ProcessInitializeOnLoadMethodAttributes (164ms)
			AfterProcessingInitializeOnLoad (8ms)
		AwakeInstancesAfterBackupRestoration (22ms)
Unloading 22 Unused Serialized files (Serialized files now loaded: 0)
Unloading 6432 unused Assets / (5.9 MB). Loaded Objects now: 7330.
Memory consumption went from 330.0 MB to 324.1 MB.
Total: 12.922900 ms (FindLiveObjects: 0.877300 ms CreateObjectMapping: 2.515400 ms MarkObjects: 5.768700 ms  DeleteObjects: 3.760100 ms)

Prepare: number of updated asset objects reloaded= 0
========================================================================
Received Prepare
AcceleratorClientConnectionCallback - disconnected - :0
Begin MonoManager ReloadAssembly
Native extension for WindowsStandalone target not found
Native extension for WebGL target not found
[Package Manager] Failed to launch server process. Reason: Unity was launched with the -noUpm command-line argument
[Package Manager] Unable to send message (not connected to server process).
[Package Manager] Cannot connect to Unity Package Manager local server
[Package Manager] Failed to launch server process. Reason: Unity was launched with the -noUpm command-line argument
[Package Manager] Unable to send message (not connected to server process).
[Package Manager] Cannot connect to Unity Package Manager local server
ScheduleIndexationOnStartup MainProcess:False IndexOnStartup:True
Mono: successfully reloaded assembly
- Finished resetting the current domain, in  1.004 seconds
Domain Reload Profiling: 1906ms
	BeginReloadAssembly (288ms)
		DisableScriptedObjects (8ms)
		CreateAndSetChildDomain (59ms)
	RebuildCommonClasses (10ms)
	RebuildNativeTypeToScriptingClass (21ms)
	initialDomainReloadingComplete (93ms)
	LoadAllAssembliesAndSetupDomain (488ms)
		LoadAssemblies (448ms)
		AnalyzeDomain (27ms)
			TypeCache.Refresh (13ms)
			ResolveRequiredComponents (10ms)
	FinalizeReload (1006ms)
		SetupLoadedEditorAssemblies (0ms)
			InitializePlatformSupportModulesInManaged (3ms)
			BeforeProcessingInitializeOnLoad (115ms)
			ProcessInitializeOnLoadAttributes (399ms)
			ProcessInitializeOnLoadMethodAttributes (175ms)
			AfterProcessingInitializeOnLoad (9ms)
		AwakeInstancesAfterBackupRestoration (29ms)
Refreshing native plugins compatible for Editor in 3.22 ms, found 4 plugins.
Unloading 22 Unused Serialized files (Serialized files now loaded: 0)
Unloading 6432 unused Assets / (6.5 MB). Loaded Objects now: 7333.
Memory consumption went from 333.3 MB to 326.7 MB.
Total: 19.433100 ms (FindLiveObjects: 1.153500 ms CreateObjectMapping: 3.028100 ms MarkObjects: 8.863800 ms  DeleteObjects: 6.385700 ms)

Prepare: number of updated asset objects reloaded= 0
========================================================================
Received Prepare
AcceleratorClientConnectionCallback - disconnected - :0
Begin MonoManager ReloadAssembly
Native extension for WindowsStandalone target not found
Native extension for WebGL target not found
[Package Manager] Failed to launch server process. Reason: Unity was launched with the -noUpm command-line argument
[Package Manager] Unable to send message (not connected to server process).
[Package Manager] Cannot connect to Unity Package Manager local server
[Package Manager] Failed to launch server process. Reason: Unity was launched with the -noUpm command-line argument
[Package Manager] Unable to send message (not connected to server process).
[Package Manager] Cannot connect to Unity Package Manager local server
ScheduleIndexationOnStartup MainProcess:False IndexOnStartup:True
Mono: successfully reloaded assembly
- Finished resetting the current domain, in  1.042 seconds
Domain Reload Profiling: 2000ms
	BeginReloadAssembly (277ms)
		DisableScriptedObjects (8ms)
		CreateAndSetChildDomain (54ms)
	RebuildCommonClasses (11ms)
	RebuildNativeTypeToScriptingClass (20ms)
	initialDomainReloadingComplete (83ms)
	LoadAllAssembliesAndSetupDomain (565ms)
		LoadAssemblies (450ms)
		AnalyzeDomain (74ms)
			TypeCache.Refresh (14ms)
			ResolveRequiredComponents (40ms)
	FinalizeReload (1044ms)
		SetupLoadedEditorAssemblies (0ms)
			InitializePlatformSupportModulesInManaged (4ms)
			BeforeProcessingInitializeOnLoad (133ms)
			ProcessInitializeOnLoadAttributes (423ms)
			ProcessInitializeOnLoadMethodAttributes (168ms)
			AfterProcessingInitializeOnLoad (11ms)
		AwakeInstancesAfterBackupRestoration (31ms)
Refreshing native plugins compatible for Editor in 2.17 ms, found 4 plugins.
Unloading 22 Unused Serialized files (Serialized files now loaded: 0)
Unloading 6432 unused Assets / (6.0 MB). Loaded Objects now: 7336.
Memory consumption went from 335.9 MB to 329.9 MB.
Total: 16.647200 ms (FindLiveObjects: 1.286700 ms CreateObjectMapping: 4.442400 ms MarkObjects: 6.647800 ms  DeleteObjects: 4.268900 ms)

Prepare: number of updated asset objects reloaded= 0
========================================================================
Received Import Request.
  Time of request: 2026-08-09T10:31:47.6784668Z
  Time since last request: 145.8942079 seconds.
  importAddress: GUID: 44fa5853e17ea2e42a3537578f453028 - Path: Assets/Assets/Prototype 2/Scripts/TreeGrowth.cs - Importer: ScriptedImporter/UnityEditor.QuickSearchModule:UnityEditor.Search:ASIAI0B
Importing 'GUID: 44fa5853e17ea2e42a3537578f453028 - Path: Assets/Assets/Prototype 2/Scripts/TreeGrowth.cs - Importer: ScriptedImporter/UnityEditor.QuickSearchModule:UnityEditor.Search:ASIAI0B' with importer (ScriptedImporter : UnityEditor.QuickSearchModule:UnityEditor.Search:ASIAI0B)
Imported 'GUID: 44fa5853e17ea2e42a3537578f453028' -> (Import Result ID: 'fed1adf72bfb31db6092749ecd0e11bf') in 0.097 seconds [static and dynamic dependencies]. Details - ImportResultOutputID=3ffbb522d14b2e48e56ffc1875288b17 DependenciesID=6ee1550f19f8a7dca6afe06d6bbabdb3 StaticDependenciesID=46e4405154733c1b8b595872fd7178d0 
Number of updated asset objects reloaded before import = 0
Number of asset objects unloaded after import = 0
========================================================================
Received Prepare
AcceleratorClientConnectionCallback - disconnected - :0
Refreshing native plugins compatible for Editor in 2.06 ms, found 4 plugins.
Unloading 22 Unused Serialized files (Serialized files now loaded: 0)
Unloading 6422 unused Assets / (6.0 MB). Loaded Objects now: 7337.
Memory consumption went from 336.3 MB to 330.4 MB.
Total: 14.408700 ms (FindLiveObjects: 1.087700 ms CreateObjectMapping: 2.343200 ms MarkObjects: 6.449800 ms  DeleteObjects: 4.525900 ms)

Prepare: number of updated asset objects reloaded= 0
========================================================================
Received Import Request.
  Time of request: 2026-08-09T10:31:49.5988145Z
  Time since last request: 1.8106762 seconds.
  importAddress: GUID: 9a132159c95afef4084a8ed9c7a907b1 - Path: Assets/Assets/Prototype 2/Scripts/PlayerInventory.cs - Importer: PreviewImporter
Importing 'GUID: 9a132159c95afef4084a8ed9c7a907b1 - Path: Assets/Assets/Prototype 2/Scripts/PlayerInventory.cs - Importer: PreviewImporter' with importer (PreviewImporter)
Imported 'GUID: 9a132159c95afef4084a8ed9c7a907b1' -> (Import Result ID: '7b0534c2110369063f2bbb7e43297327') in 0.005 seconds [static and dynamic dependencies]. Details - ImportResultOutputID=498b79194e5be05ca4f18985496c9c6a DependenciesID=1a6b6dbd70b811bedf4fd5299b40657f StaticDependenciesID=bbc28d830c4040f9f83f9a3f7878e743 
Number of updated asset objects reloaded before import = 0
Number of asset objects unloaded after import = 0
========================================================================
Received Import Request.
  Time of request: 2026-08-09T10:31:49.9291063Z
  Time since last request: 0.3121091 seconds.
  importAddress: GUID: 9a132159c95afef4084a8ed9c7a907b1 - Path: Assets/Assets/Prototype 2/Scripts/PlayerInventory.cs - Importer: ScriptedImporter/UnityEditor.QuickSearchModule:UnityEditor.Search:ASIAI0B
Importing 'GUID: 9a132159c95afef4084a8ed9c7a907b1 - Path: Assets/Assets/Prototype 2/Scripts/PlayerInventory.cs - Importer: ScriptedImporter/UnityEditor.QuickSearchModule:UnityEditor.Search:ASIAI0B' with importer (ScriptedImporter : UnityEditor.QuickSearchModule:UnityEditor.Search:ASIAI0B)
Imported 'GUID: 9a132159c95afef4084a8ed9c7a907b1' -> (Import Result ID: '2e2c3597e120dd5fa60bde03713431a9') in 0.009 seconds [static and dynamic dependencies]. Details - ImportResultOutputID=2d33d6815b9c1365e06b1dd4017dd113 DependenciesID=d592fbe3f62a9c115b1adc9ed36aa78e StaticDependenciesID=5d9f5f27912270a73a986438499ea796 
Number of updated asset objects reloaded before import = 0
Number of asset objects unloaded after import = 0
========================================================================
Received Prepare
AcceleratorClientConnectionCallback - disconnected - :0
[Licensing::Client] Successfully resolved entitlement details
Begin MonoManager ReloadAssembly
Native extension for WindowsStandalone target not found
Native extension for WebGL target not found
[Package Manager] Failed to launch server process. Reason: Unity was launched with the -noUpm command-line argument
[Package Manager] Unable to send message (not connected to server process).
[Package Manager] Cannot connect to Unity Package Manager local server
[Package Manager] Failed to launch server process. Reason: Unity was launched with the -noUpm command-line argument
[Package Manager] Unable to send message (not connected to server process).
[Package Manager] Cannot connect to Unity Package Manager local server
ScheduleIndexationOnStartup MainProcess:False IndexOnStartup:True
Mono: successfully reloaded assembly
- Finished resetting the current domain, in  0.883 seconds
Domain Reload Profiling: 2064ms
	BeginReloadAssembly (286ms)
		DisableScriptedObjects (8ms)
		CreateAndSetChildDomain (59ms)
	RebuildCommonClasses (11ms)
	RebuildNativeTypeToScriptingClass (22ms)
	initialDomainReloadingComplete (89ms)
	LoadAllAssembliesAndSetupDomain (772ms)
		LoadAssemblies (452ms)
		AnalyzeDomain (295ms)
			TypeCache.Refresh (14ms)
			BuildScriptInfoCaches (269ms)
			ResolveRequiredComponents (10ms)
	FinalizeReload (884ms)
		SetupLoadedEditorAssemblies (0ms)
			BeforeProcessingInitializeOnLoad (109ms)
			ProcessInitializeOnLoadAttributes (318ms)
			ProcessInitializeOnLoadMethodAttributes (164ms)
			AfterProcessingInitializeOnLoad (8ms)
		AwakeInstancesAfterBackupRestoration (26ms)
Refreshing native plugins compatible for Editor in 2.28 ms, found 4 plugins.
Unloading 22 Unused Serialized files (Serialized files now loaded: 0)
Unloading 6433 unused Assets / (5.7 MB). Loaded Objects now: 7340.
Memory consumption went from 328.3 MB to 322.6 MB.
Total: 14.905700 ms (FindLiveObjects: 1.070700 ms CreateObjectMapping: 3.003300 ms MarkObjects: 7.202000 ms  DeleteObjects: 3.628700 ms)

Prepare: number of updated asset objects reloaded= 0
========================================================================
Received Import Request.
  Time of request: 2026-08-09T10:32:09.6138867Z
  Time since last request: 19.6635739 seconds.
  importAddress: GUID: 9a132159c95afef4084a8ed9c7a907b1 - Path: Assets/Assets/Prototype 2/Scripts/PlayerInventory.cs - Importer: PreviewImporter
Importing 'GUID: 9a132159c95afef4084a8ed9c7a907b1 - Path: Assets/Assets/Prototype 2/Scripts/PlayerInventory.cs - Importer: PreviewImporter' with importer (PreviewImporter)
Imported 'GUID: 9a132159c95afef4084a8ed9c7a907b1' -> (Import Result ID: 'b478d4abde9d748bd86a5b81193ffadb') in 0.001 seconds [static and dynamic dependencies]. Details - ImportResultOutputID=498b79194e5be05ca4f18985496c9c6a DependenciesID=c4672079bef7be6537979091f7b0d606 StaticDependenciesID=bbc28d830c4040f9f83f9a3f7878e743 
Number of updated asset objects reloaded before import = 0
Number of asset objects unloaded after import = 0
========================================================================
Received Prepare
AcceleratorClientConnectionCallback - disconnected - :0
Refreshing native plugins compatible for Editor in 2.09 ms, found 4 plugins.
Unloading 22 Unused Serialized files (Serialized files now loaded: 0)
Unloading 6422 unused Assets / (5.8 MB). Loaded Objects now: 7340.
Memory consumption went from 331.0 MB to 325.3 MB.
Total: 14.682800 ms (FindLiveObjects: 1.555100 ms CreateObjectMapping: 3.157400 ms MarkObjects: 6.070900 ms  DeleteObjects: 3.898000 ms)

Prepare: number of updated asset objects reloaded= 0
========================================================================
Received Prepare
AcceleratorClientConnectionCallback - disconnected - :0
Begin MonoManager ReloadAssembly
Native extension for WindowsStandalone target not found
Native extension for WebGL target not found
[Package Manager] Failed to launch server process. Reason: Unity was launched with the -noUpm command-line argument
[Package Manager] Unable to send message (not connected to server process).
[Package Manager] Cannot connect to Unity Package Manager local server
[Package Manager] Failed to launch server process. Reason: Unity was launched with the -noUpm command-line argument
[Package Manager] Unable to send message (not connected to server process).
[Package Manager] Cannot connect to Unity Package Manager local server
ScheduleIndexationOnStartup MainProcess:False IndexOnStartup:True
Mono: successfully reloaded assembly
- Finished resetting the current domain, in  0.916 seconds
Domain Reload Profiling: 2042ms
	BeginReloadAssembly (289ms)
		DisableScriptedObjects (9ms)
		CreateAndSetChildDomain (58ms)
	RebuildCommonClasses (10ms)
	RebuildNativeTypeToScriptingClass (21ms)
	initialDomainReloadingComplete (82ms)
	LoadAllAssembliesAndSetupDomain (722ms)
		LoadAssemblies (431ms)
		AnalyzeDomain (276ms)
			TypeCache.Refresh (21ms)
			BuildScriptInfoCaches (244ms)
			ResolveRequiredComponents (9ms)
	FinalizeReload (918ms)
		SetupLoadedEditorAssemblies (0ms)
			BeforeProcessingInitializeOnLoad (120ms)
			ProcessInitializeOnLoadAttributes (352ms)
			ProcessInitializeOnLoadMethodAttributes (153ms)
			AfterProcessingInitializeOnLoad (10ms)
		AwakeInstancesAfterBackupRestoration (27ms)
Refreshing native plugins compatible for Editor in 2.09 ms, found 4 plugins.
Unloading 22 Unused Serialized files (Serialized files now loaded: 0)
Unloading 6433 unused Assets / (5.8 MB). Loaded Objects now: 7343.
Memory consumption went from 335.1 MB to 329.2 MB.
Total: 10.793100 ms (FindLiveObjects: 0.840400 ms CreateObjectMapping: 2.324800 ms MarkObjects: 4.877800 ms  DeleteObjects: 2.749400 ms)

Prepare: number of updated asset objects reloaded= 0
========================================================================
Received Import Request.
  Time of request: 2026-08-09T10:33:26.9557037Z
  Time since last request: 77.32795590000001 seconds.
  importAddress: GUID: 9a132159c95afef4084a8ed9c7a907b1 - Path: Assets/Assets/Prototype 2/Scripts/PlayerInventory.cs - Importer: ScriptedImporter/UnityEditor.QuickSearchModule:UnityEditor.Search:ASIAI0B
Importing 'GUID: 9a132159c95afef4084a8ed9c7a907b1 - Path: Assets/Assets/Prototype 2/Scripts/PlayerInventory.cs - Importer: ScriptedImporter/UnityEditor.QuickSearchModule:UnityEditor.Search:ASIAI0B' with importer (ScriptedImporter : UnityEditor.QuickSearchModule:UnityEditor.Search:ASIAI0B)
Imported 'GUID: 9a132159c95afef4084a8ed9c7a907b1' -> (Import Result ID: 'e2943ae3c2147aabe3d1be94d2130be5') in 0.086 seconds [static and dynamic dependencies]. Details - ImportResultOutputID=780a63493b66002b5687d52af5197cd8 DependenciesID=df9eca9267c702b5682e24314e8108ff StaticDependenciesID=a7338d97bf3e3a13951a8897d3255b62 
Number of updated asset objects reloaded before import = 0
Number of asset objects unloaded after import = 0
========================================================================
Received Prepare
AcceleratorClientConnectionCallback - disconnected - :0
Unloading 22 Unused Serialized files (Serialized files now loaded: 0)
Unloading 6423 unused Assets / (6.6 MB). Loaded Objects now: 7344.
Memory consumption went from 336.7 MB to 330.1 MB.
Total: 14.470500 ms (FindLiveObjects: 1.509700 ms CreateObjectMapping: 2.644700 ms MarkObjects: 6.111900 ms  DeleteObjects: 4.202700 ms)

Prepare: number of updated asset objects reloaded= 0
========================================================================
Received Import Request.
  Time of request: 2026-08-09T10:33:29.4501266Z
  Time since last request: 2.3960232 seconds.
  importAddress: GUID: a309f372450ffa1499b8b16ea9c33a3d - Path: Assets/Assets/Prototype 2/Scripts/WaterPickup.cs - Importer: PreviewImporter
Importing 'GUID: a309f372450ffa1499b8b16ea9c33a3d - Path: Assets/Assets/Prototype 2/Scripts/WaterPickup.cs - Importer: PreviewImporter' with importer (PreviewImporter)
Imported 'GUID: a309f372450ffa1499b8b16ea9c33a3d' -> (Import Result ID: '0778c6d5a42f1e95555de4091f3c4efd') in 0.003 seconds [static and dynamic dependencies]. Details - ImportResultOutputID=8392427df6d1538840e672b1d5237c1b DependenciesID=d3824ca503bf46d924114768922a9368 StaticDependenciesID=a9438fd8917d89bf5927b6600dac923a 
Number of updated asset objects reloaded before import = 0
Number of asset objects unloaded after import = 0
========================================================================
Received Import Request.
  Time of request: 2026-08-09T10:33:29.7648561Z
  Time since last request: 0.2988148 seconds.
  importAddress: GUID: a309f372450ffa1499b8b16ea9c33a3d - Path: Assets/Assets/Prototype 2/Scripts/WaterPickup.cs - Importer: ScriptedImporter/UnityEditor.QuickSearchModule:UnityEditor.Search:ASIAI0B
Importing 'GUID: a309f372450ffa1499b8b16ea9c33a3d - Path: Assets/Assets/Prototype 2/Scripts/WaterPickup.cs - Importer: ScriptedImporter/UnityEditor.QuickSearchModule:UnityEditor.Search:ASIAI0B' with importer (ScriptedImporter : UnityEditor.QuickSearchModule:UnityEditor.Search:ASIAI0B)
Imported 'GUID: a309f372450ffa1499b8b16ea9c33a3d' -> (Import Result ID: '868983c5089fb371d5b981097bb997fa') in 0.010 seconds [static and dynamic dependencies]. Details - ImportResultOutputID=8d877a1a52e9a263e022b3ed527e484f DependenciesID=a3397a12d9989a2642bc0b7c94a8111e StaticDependenciesID=4edc07dbf6e1f1b9f0ba41a999bc6a0b 
Number of updated asset objects reloaded before import = 0
Number of asset objects unloaded after import = 0
========================================================================
Received Prepare
AcceleratorClientConnectionCallback - disconnected - :0
[Licensing::Client] Successfully resolved entitlement details
Begin MonoManager ReloadAssembly
Native extension for WindowsStandalone target not found
Native extension for WebGL target not found
[Package Manager] Failed to launch server process. Reason: Unity was launched with the -noUpm command-line argument
[Package Manager] Unable to send message (not connected to server process).
[Package Manager] Cannot connect to Unity Package Manager local server
[Package Manager] Failed to launch server process. Reason: Unity was launched with the -noUpm command-line argument
[Package Manager] Unable to send message (not connected to server process).
[Package Manager] Cannot connect to Unity Package Manager local server
ScheduleIndexationOnStartup MainProcess:False IndexOnStartup:True
Mono: successfully reloaded assembly
- Finished resetting the current domain, in  0.911 seconds
Domain Reload Profiling: 2116ms
	BeginReloadAssembly (293ms)
		DisableScriptedObjects (12ms)
		CreateAndSetChildDomain (59ms)
	RebuildCommonClasses (12ms)
	RebuildNativeTypeToScriptingClass (23ms)
	initialDomainReloadingComplete (94ms)
	LoadAllAssembliesAndSetupDomain (781ms)
		LoadAssemblies (452ms)
		AnalyzeDomain (314ms)
			TypeCache.Refresh (20ms)
			BuildScriptInfoCaches (282ms)
			ResolveRequiredComponents (10ms)
	FinalizeReload (913ms)
		SetupLoadedEditorAssemblies (0ms)
			BeforeProcessingInitializeOnLoad (111ms)
			ProcessInitializeOnLoadAttributes (340ms)
			ProcessInitializeOnLoadMethodAttributes (140ms)
			AfterProcessingInitializeOnLoad (8ms)
		AwakeInstancesAfterBackupRestoration (21ms)
Unloading 22 Unused Serialized files (Serialized files now loaded: 0)
Unloading 6434 unused Assets / (5.9 MB). Loaded Objects now: 7347.
Memory consumption went from 332.1 MB to 326.2 MB.
Total: 13.898400 ms (FindLiveObjects: 0.863200 ms CreateObjectMapping: 2.317800 ms MarkObjects: 5.838400 ms  DeleteObjects: 4.877300 ms)

Prepare: number of updated asset objects reloaded= 0
========================================================================
Received Import Request.
  Time of request: 2026-08-09T10:33:38.7007421Z
  Time since last request: 8.9143092 seconds.
  importAddress: GUID: a309f372450ffa1499b8b16ea9c33a3d - Path: Assets/Assets/Prototype 2/Scripts/WaterPickup.cs - Importer: PreviewImporter
Importing 'GUID: a309f372450ffa1499b8b16ea9c33a3d - Path: Assets/Assets/Prototype 2/Scripts/WaterPickup.cs - Importer: PreviewImporter' with importer (PreviewImporter)
Imported 'GUID: a309f372450ffa1499b8b16ea9c33a3d' -> (Import Result ID: '147777138bcd473c36148c23b97514b9') in 0.001 seconds [static and dynamic dependencies]. Details - ImportResultOutputID=8392427df6d1538840e672b1d5237c1b DependenciesID=8276ade12505433a780d4442ef5b52b0 StaticDependenciesID=a9438fd8917d89bf5927b6600dac923a 
Number of updated asset objects reloaded before import = 0
Number of asset objects unloaded after import = 0
========================================================================
Received Prepare
AcceleratorClientConnectionCallback - disconnected - :0
Refreshing native plugins compatible for Editor in 2.47 ms, found 4 plugins.
Unloading 22 Unused Serialized files (Serialized files now loaded: 0)
Unloading 6423 unused Assets / (6.2 MB). Loaded Objects now: 7347.
Memory consumption went from 334.8 MB to 328.7 MB.
Total: 20.846500 ms (FindLiveObjects: 2.194400 ms CreateObjectMapping: 4.152300 ms MarkObjects: 7.645200 ms  DeleteObjects: 6.852800 ms)

Prepare: number of updated asset objects reloaded= 0
========================================================================
Received Prepare
AcceleratorClientConnectionCallback - disconnected - :0
Begin MonoManager ReloadAssembly
Refreshing native plugins compatible for Editor in 2.36 ms, found 4 plugins.
Native extension for WindowsStandalone target not found
Native extension for WebGL target not found
[Package Manager] Failed to launch server process. Reason: Unity was launched with the -noUpm command-line argument
[Package Manager] Unable to send message (not connected to server process).
[Package Manager] Cannot connect to Unity Package Manager local server
[Package Manager] Failed to launch server process. Reason: Unity was launched with the -noUpm command-line argument
[Package Manager] Unable to send message (not connected to server process).
[Package Manager] Cannot connect to Unity Package Manager local server
ScheduleIndexationOnStartup MainProcess:False IndexOnStartup:True
Mono: successfully reloaded assembly
- Finished resetting the current domain, in  0.842 seconds
Domain Reload Profiling: 2079ms
	BeginReloadAssembly (336ms)
		DisableScriptedObjects (9ms)
		CreateAndSetChildDomain (80ms)
	RebuildCommonClasses (12ms)
	RebuildNativeTypeToScriptingClass (22ms)
	initialDomainReloadingComplete (87ms)
	LoadAllAssembliesAndSetupDomain (779ms)
		LoadAssemblies (490ms)
		AnalyzeDomain (299ms)
			TypeCache.Refresh (21ms)
			BuildScriptInfoCaches (265ms)
			ResolveRequiredComponents (11ms)
	FinalizeReload (844ms)
		SetupLoadedEditorAssemblies (0ms)
			InitializePlatformSupportModulesInManaged (3ms)
			BeforeProcessingInitializeOnLoad (108ms)
			ProcessInitializeOnLoadAttributes (303ms)
			ProcessInitializeOnLoadMethodAttributes (133ms)
			AfterProcessingInitializeOnLoad (8ms)
		AwakeInstancesAfterBackupRestoration (22ms)
Unloading 22 Unused Serialized files (Serialized files now loaded: 0)
Unloading 6434 unused Assets / (6.0 MB). Loaded Objects now: 7350.
Memory consumption went from 338.1 MB to 332.1 MB.
Total: 13.275300 ms (FindLiveObjects: 0.944900 ms CreateObjectMapping: 2.474100 ms MarkObjects: 5.973700 ms  DeleteObjects: 3.881700 ms)

Prepare: number of updated asset objects reloaded= 0
========================================================================
Received Prepare
AcceleratorClientConnectionCallback - disconnected - :0
Begin MonoManager ReloadAssembly
Native extension for WindowsStandalone target not found
Native extension for WebGL target not found
[Package Manager] Failed to launch server process. Reason: Unity was launched with the -noUpm command-line argument
[Package Manager] Unable to send message (not connected to server process).
[Package Manager] Cannot connect to Unity Package Manager local server
[Package Manager] Failed to launch server process. Reason: Unity was launched with the -noUpm command-line argument
[Package Manager] Unable to send message (not connected to server process).
[Package Manager] Cannot connect to Unity Package Manager local server
ScheduleIndexationOnStartup MainProcess:False IndexOnStartup:True
Mono: successfully reloaded assembly
- Finished resetting the current domain, in  1.030 seconds
Domain Reload Profiling: 1918ms
	BeginReloadAssembly (276ms)
		DisableScriptedObjects (8ms)
		CreateAndSetChildDomain (55ms)
	RebuildCommonClasses (11ms)
	RebuildNativeTypeToScriptingClass (21ms)
	initialDomainReloadingComplete (88ms)
	LoadAllAssembliesAndSetupDomain (491ms)
		LoadAssemblies (440ms)
		AnalyzeDomain (28ms)
			TypeCache.Refresh (12ms)
			ResolveRequiredComponents (11ms)
	FinalizeReload (1031ms)
		SetupLoadedEditorAssemblies (0ms)
			InitializePlatformSupportModulesInManaged (3ms)
			BeforeProcessingInitializeOnLoad (153ms)
			ProcessInitializeOnLoadAttributes (403ms)
			ProcessInitializeOnLoadMethodAttributes (171ms)
			AfterProcessingInitializeOnLoad (9ms)
		AwakeInstancesAfterBackupRestoration (30ms)
Refreshing native plugins compatible for Editor in 2.89 ms, found 4 plugins.
Unloading 22 Unused Serialized files (Serialized files now loaded: 0)
Unloading 6434 unused Assets / (6.0 MB). Loaded Objects now: 7353.
Memory consumption went from 341.1 MB to 335.1 MB.
Total: 17.473200 ms (FindLiveObjects: 1.498000 ms CreateObjectMapping: 4.109100 ms MarkObjects: 6.394200 ms  DeleteObjects: 5.470400 ms)

Prepare: number of updated asset objects reloaded= 0
========================================================================
Received Prepare
AcceleratorClientConnectionCallback - disconnected - :0
[Licensing::Client] Successfully resolved entitlement details
Begin MonoManager ReloadAssembly
Native extension for WindowsStandalone target not found
Native extension for WebGL target not found
[Package Manager] Failed to launch server process. Reason: Unity was launched with the -noUpm command-line argument
[Package Manager] Unable to send message (not connected to server process).
[Package Manager] Cannot connect to Unity Package Manager local server
[Package Manager] Failed to launch server process. Reason: Unity was launched with the -noUpm command-line argument
[Package Manager] Unable to send message (not connected to server process).
[Package Manager] Cannot connect to Unity Package Manager local server
ScheduleIndexationOnStartup MainProcess:False IndexOnStartup:True
Mono: successfully reloaded assembly
- Finished resetting the current domain, in  0.983 seconds
Domain Reload Profiling: 1869ms
	BeginReloadAssembly (280ms)
		DisableScriptedObjects (11ms)
		CreateAndSetChildDomain (53ms)
	RebuildCommonClasses (11ms)
	RebuildNativeTypeToScriptingClass (20ms)
	initialDomainReloadingComplete (93ms)
	LoadAllAssembliesAndSetupDomain (481ms)
		LoadAssemblies (433ms)
		AnalyzeDomain (26ms)
			TypeCache.Refresh (11ms)
			ResolveRequiredComponents (10ms)
	FinalizeReload (985ms)
		SetupLoadedEditorAssemblies (0ms)
			InitializePlatformSupportModulesInManaged (4ms)
			BeforeProcessingInitializeOnLoad (116ms)
			ProcessInitializeOnLoadAttributes (401ms)
			ProcessInitializeOnLoadMethodAttributes (176ms)
			AfterProcessingInitializeOnLoad (10ms)
		AwakeInstancesAfterBackupRestoration (29ms)
Refreshing native plugins compatible for Editor in 2.14 ms, found 4 plugins.
Unloading 22 Unused Serialized files (Serialized files now loaded: 0)
Unloading 6434 unused Assets / (5.8 MB). Loaded Objects now: 7356.
Memory consumption went from 343.7 MB to 337.9 MB.
Total: 17.297600 ms (FindLiveObjects: 1.604100 ms CreateObjectMapping: 3.567800 ms MarkObjects: 7.548300 ms  DeleteObjects: 4.575500 ms)

Prepare: number of updated asset objects reloaded= 0
========================================================================
Received Prepare
AcceleratorClientConnectionCallback - disconnected - :0
Refreshing native plugins compatible for Editor in 2.06 ms, found 4 plugins.
Unloading 22 Unused Serialized files (Serialized files now loaded: 0)
Unloading 6423 unused Assets / (5.7 MB). Loaded Objects now: 7356.
Memory consumption went from 346.4 MB to 340.7 MB.
Total: 14.611400 ms (FindLiveObjects: 0.850500 ms CreateObjectMapping: 2.879300 ms MarkObjects: 7.259000 ms  DeleteObjects: 3.620700 ms)

Prepare: number of updated asset objects reloaded= 0
========================================================================
Received Prepare
AcceleratorClientConnectionCallback - disconnected - :0
[Licensing::Client] Successfully resolved entitlement details
Begin MonoManager ReloadAssembly
Refreshing native plugins compatible for Editor in 2.04 ms, found 4 plugins.
Native extension for WindowsStandalone target not found
Native extension for WebGL target not found
[Package Manager] Failed to launch server process. Reason: Unity was launched with the -noUpm command-line argument
[Package Manager] Unable to send message (not connected to server process).
[Package Manager] Cannot connect to Unity Package Manager local server
[Package Manager] Failed to launch server process. Reason: Unity was launched with the -noUpm command-line argument
[Package Manager] Unable to send message (not connected to server process).
[Package Manager] Cannot connect to Unity Package Manager local server
ScheduleIndexationOnStartup MainProcess:False IndexOnStartup:True
Mono: successfully reloaded assembly
- Finished resetting the current domain, in  1.004 seconds
Domain Reload Profiling: 2287ms
	BeginReloadAssembly (314ms)
		DisableScriptedObjects (7ms)
		CreateAndSetChildDomain (58ms)
	RebuildCommonClasses (15ms)
	RebuildNativeTypeToScriptingClass (27ms)
	initialDomainReloadingComplete (93ms)
	LoadAllAssembliesAndSetupDomain (833ms)
		LoadAssemblies (498ms)
		AnalyzeDomain (315ms)
			TypeCache.Refresh (15ms)
			BuildScriptInfoCaches (285ms)
			ResolveRequiredComponents (13ms)
	FinalizeReload (1005ms)
		SetupLoadedEditorAssemblies (0ms)
			InitializePlatformSupportModulesInManaged (4ms)
			BeforeProcessingInitializeOnLoad (140ms)
			ProcessInitializeOnLoadAttributes (365ms)
			ProcessInitializeOnLoadMethodAttributes (136ms)
			AfterProcessingInitializeOnLoad (8ms)
		AwakeInstancesAfterBackupRestoration (30ms)
Unloading 22 Unused Serialized files (Serialized files now loaded: 0)
Unloading 6434 unused Assets / (5.8 MB). Loaded Objects now: 7359.
Memory consumption went from 351.2 MB to 345.4 MB.
Total: 13.278600 ms (FindLiveObjects: 1.074200 ms CreateObjectMapping: 2.756000 ms MarkObjects: 5.563300 ms  DeleteObjects: 3.883900 ms)

Prepare: number of updated asset objects reloaded= 0
========================================================================
Received Prepare
AcceleratorClientConnectionCallback - disconnected - :0
Begin MonoManager ReloadAssembly
Refreshing native plugins compatible for Editor in 2.21 ms, found 4 plugins.
Native extension for WindowsStandalone target not found
Native extension for WebGL target not found
[Package Manager] Failed to launch server process. Reason: Unity was launched with the -noUpm command-line argument
[Package Manager] Unable to send message (not connected to server process).
[Package Manager] Cannot connect to Unity Package Manager local server
[Package Manager] Failed to launch server process. Reason: Unity was launched with the -noUpm command-line argument
[Package Manager] Unable to send message (not connected to server process).
[Package Manager] Cannot connect to Unity Package Manager local server
ScheduleIndexationOnStartup MainProcess:False IndexOnStartup:True
Mono: successfully reloaded assembly
- Finished resetting the current domain, in  0.948 seconds
Domain Reload Profiling: 1828ms
	BeginReloadAssembly (289ms)
		DisableScriptedObjects (11ms)
		CreateAndSetChildDomain (68ms)
	RebuildCommonClasses (11ms)
	RebuildNativeTypeToScriptingClass (21ms)
	initialDomainReloadingComplete (83ms)
	LoadAllAssembliesAndSetupDomain (474ms)
		LoadAssemblies (417ms)
		AnalyzeDomain (34ms)
			TypeCache.Refresh (14ms)
			ResolveRequiredComponents (12ms)
	FinalizeReload (949ms)
		SetupLoadedEditorAssemblies (0ms)
			InitializePlatformSupportModulesInManaged (3ms)
			BeforeProcessingInitializeOnLoad (118ms)
			ProcessInitializeOnLoadAttributes (380ms)
			ProcessInitializeOnLoadMethodAttributes (150ms)
			AfterProcessingInitializeOnLoad (8ms)
		AwakeInstancesAfterBackupRestoration (22ms)
Unloading 22 Unused Serialized files (Serialized files now loaded: 0)
Unloading 6434 unused Assets / (5.9 MB). Loaded Objects now: 7362.
Memory consumption went from 354.5 MB to 348.6 MB.
Total: 12.697300 ms (FindLiveObjects: 0.959800 ms CreateObjectMapping: 2.521900 ms MarkObjects: 5.410900 ms  DeleteObjects: 3.803600 ms)

Prepare: number of updated asset objects reloaded= 0
========================================================================
Received Prepare
AcceleratorClientConnectionCallback - disconnected - :0
Begin MonoManager ReloadAssembly
Refreshing native plugins compatible for Editor in 2.44 ms, found 4 plugins.
Native extension for WindowsStandalone target not found
Native extension for WebGL target not found
[Package Manager] Failed to launch server process. Reason: Unity was launched with the -noUpm command-line argument
[Package Manager] Unable to send message (not connected to server process).
[Package Manager] Cannot connect to Unity Package Manager local server
[Package Manager] Failed to launch server process. Reason: Unity was launched with the -noUpm command-line argument
[Package Manager] Unable to send message (not connected to server process).
[Package Manager] Cannot connect to Unity Package Manager local server
ScheduleIndexationOnStartup MainProcess:False IndexOnStartup:True
Mono: successfully reloaded assembly
- Finished resetting the current domain, in  1.036 seconds
Domain Reload Profiling: 1919ms
	BeginReloadAssembly (281ms)
		DisableScriptedObjects (7ms)
		CreateAndSetChildDomain (58ms)
	RebuildCommonClasses (11ms)
	RebuildNativeTypeToScriptingClass (21ms)
	initialDomainReloadingComplete (86ms)
	LoadAllAssembliesAndSetupDomain (482ms)
		LoadAssemblies (443ms)
		AnalyzeDomain (28ms)
			TypeCache.Refresh (13ms)
			ResolveRequiredComponents (10ms)
	FinalizeReload (1038ms)
		SetupLoadedEditorAssemblies (0ms)
			InitializePlatformSupportModulesInManaged (3ms)
			BeforeProcessingInitializeOnLoad (137ms)
			ProcessInitializeOnLoadAttributes (397ms)
			ProcessInitializeOnLoadMethodAttributes (172ms)
			AfterProcessingInitializeOnLoad (9ms)
		AwakeInstancesAfterBackupRestoration (32ms)
Refreshing native plugins compatible for Editor in 2.92 ms, found 4 plugins.
Unloading 22 Unused Serialized files (Serialized files now loaded: 0)
Unloading 6434 unused Assets / (6.6 MB). Loaded Objects now: 7365.
Memory consumption went from 357.1 MB to 350.5 MB.
Total: 17.307800 ms (FindLiveObjects: 1.092200 ms CreateObjectMapping: 3.189900 ms MarkObjects: 7.576100 ms  DeleteObjects: 5.447600 ms)

Prepare: number of updated asset objects reloaded= 0
========================================================================
Received Prepare
AcceleratorClientConnectionCallback - disconnected - :0
Unloading 22 Unused Serialized files (Serialized files now loaded: 0)
Unloading 6423 unused Assets / (5.9 MB). Loaded Objects now: 7365.
Memory consumption went from 359.9 MB to 354.0 MB.
Total: 15.211600 ms (FindLiveObjects: 1.254000 ms CreateObjectMapping: 3.120000 ms MarkObjects: 7.138300 ms  DeleteObjects: 3.698300 ms)

Prepare: number of updated asset objects reloaded= 0
========================================================================
Received Prepare
AcceleratorClientConnectionCallback - disconnected - :0
[Licensing::Client] Successfully resolved entitlement details
Begin MonoManager ReloadAssembly
Native extension for WindowsStandalone target not found
Native extension for WebGL target not found
[Package Manager] Failed to launch server process. Reason: Unity was launched with the -noUpm command-line argument
[Package Manager] Unable to send message (not connected to server process).
[Package Manager] Cannot connect to Unity Package Manager local server
[Package Manager] Failed to launch server process. Reason: Unity was launched with the -noUpm command-line argument
[Package Manager] Unable to send message (not connected to server process).
[Package Manager] Cannot connect to Unity Package Manager local server
ScheduleIndexationOnStartup MainProcess:False IndexOnStartup:True
Mono: successfully reloaded assembly
- Finished resetting the current domain, in  0.836 seconds
Domain Reload Profiling: 2008ms
	BeginReloadAssembly (289ms)
		DisableScriptedObjects (9ms)
		CreateAndSetChildDomain (65ms)
	RebuildCommonClasses (11ms)
	RebuildNativeTypeToScriptingClass (21ms)
	initialDomainReloadingComplete (77ms)
	LoadAllAssembliesAndSetupDomain (775ms)
		LoadAssemblies (457ms)
		AnalyzeDomain (300ms)
			TypeCache.Refresh (16ms)
			BuildScriptInfoCaches (272ms)
			ResolveRequiredComponents (10ms)
	FinalizeReload (837ms)
		SetupLoadedEditorAssemblies (0ms)
			InitializePlatformSupportModulesInManaged (3ms)
			BeforeProcessingInitializeOnLoad (120ms)
			ProcessInitializeOnLoadAttributes (316ms)
			ProcessInitializeOnLoadMethodAttributes (137ms)
			AfterProcessingInitializeOnLoad (8ms)
		AwakeInstancesAfterBackupRestoration (23ms)
Refreshing native plugins compatible for Editor in 2.15 ms, found 4 plugins.
Unloading 22 Unused Serialized files (Serialized files now loaded: 0)
Unloading 6434 unused Assets / (6.0 MB). Loaded Objects now: 7368.
Memory consumption went from 364.9 MB to 358.9 MB.
Total: 12.565800 ms (FindLiveObjects: 1.032000 ms CreateObjectMapping: 2.505400 ms MarkObjects: 5.083900 ms  DeleteObjects: 3.943400 ms)

Prepare: number of updated asset objects reloaded= 0
========================================================================
Received Prepare
AcceleratorClientConnectionCallback - disconnected - :0
Refreshing native plugins compatible for Editor in 2.01 ms, found 4 plugins.
Unloading 22 Unused Serialized files (Serialized files now loaded: 0)
Unloading 6423 unused Assets / (6.0 MB). Loaded Objects now: 7368.
Memory consumption went from 367.6 MB to 361.6 MB.
Total: 13.553400 ms (FindLiveObjects: 0.945000 ms CreateObjectMapping: 2.585200 ms MarkObjects: 6.233500 ms  DeleteObjects: 3.788000 ms)

Prepare: number of updated asset objects reloaded= 0
========================================================================
Received Prepare
AcceleratorClientConnectionCallback - disconnected - :0
Begin MonoManager ReloadAssembly
Native extension for WindowsStandalone target not found
Native extension for WebGL target not found
[Package Manager] Failed to launch server process. Reason: Unity was launched with the -noUpm command-line argument
[Package Manager] Unable to send message (not connected to server process).
[Package Manager] Cannot connect to Unity Package Manager local server
[Package Manager] Failed to launch server process. Reason: Unity was launched with the -noUpm command-line argument
[Package Manager] Unable to send message (not connected to server process).
[Package Manager] Cannot connect to Unity Package Manager local server
ScheduleIndexationOnStartup MainProcess:False IndexOnStartup:True
Mono: successfully reloaded assembly
- Finished resetting the current domain, in  0.847 seconds
Domain Reload Profiling: 2193ms
	BeginReloadAssembly (286ms)
		DisableScriptedObjects (8ms)
		CreateAndSetChildDomain (63ms)
	RebuildCommonClasses (11ms)
	RebuildNativeTypeToScriptingClass (23ms)
	initialDomainReloadingComplete (109ms)
	LoadAllAssembliesAndSetupDomain (915ms)
		LoadAssemblies (468ms)
		AnalyzeDomain (433ms)
			TypeCache.Refresh (18ms)
			BuildScriptInfoCaches (404ms)
			ResolveRequiredComponents (9ms)
	FinalizeReload (848ms)
		SetupLoadedEditorAssemblies (0ms)
			InitializePlatformSupportModulesInManaged (3ms)
			BeforeProcessingInitializeOnLoad (117ms)
			ProcessInitializeOnLoadAttributes (311ms)
			ProcessInitializeOnLoadMethodAttributes (140ms)
			AfterProcessingInitializeOnLoad (8ms)
		AwakeInstancesAfterBackupRestoration (27ms)
Unloading 22 Unused Serialized files (Serialized files now loaded: 0)
Unloading 6434 unused Assets / (5.7 MB). Loaded Objects now: 7371.
Memory consumption went from 370.9 MB to 365.2 MB.
Total: 12.033400 ms (FindLiveObjects: 1.370900 ms CreateObjectMapping: 2.605800 ms MarkObjects: 4.940100 ms  DeleteObjects: 3.115700 ms)

Prepare: number of updated asset objects reloaded= 0
========================================================================
Received Prepare
AcceleratorClientConnectionCallback - disconnected - :0
Begin MonoManager ReloadAssembly
Native extension for WindowsStandalone target not found
Native extension for WebGL target not found
[Package Manager] Failed to launch server process. Reason: Unity was launched with the -noUpm command-line argument
[Package Manager] Unable to send message (not connected to server process).
[Package Manager] Cannot connect to Unity Package Manager local server
[Package Manager] Failed to launch server process. Reason: Unity was launched with the -noUpm command-line argument
[Package Manager] Unable to send message (not connected to server process).
[Package Manager] Cannot connect to Unity Package Manager local server
ScheduleIndexationOnStartup MainProcess:False IndexOnStartup:True
Mono: successfully reloaded assembly
- Finished resetting the current domain, in  0.973 seconds
Domain Reload Profiling: 1843ms
	BeginReloadAssembly (283ms)
		DisableScriptedObjects (10ms)
		CreateAndSetChildDomain (67ms)
	RebuildCommonClasses (11ms)
	RebuildNativeTypeToScriptingClass (21ms)
	initialDomainReloadingComplete (80ms)
	LoadAllAssembliesAndSetupDomain (474ms)
		LoadAssemblies (424ms)
		AnalyzeDomain (28ms)
			TypeCache.Refresh (13ms)
			ResolveRequiredComponents (10ms)
	FinalizeReload (974ms)
		SetupLoadedEditorAssemblies (0ms)
			InitializePlatformSupportModulesInManaged (3ms)
			BeforeProcessingInitializeOnLoad (118ms)
			ProcessInitializeOnLoadAttributes (388ms)
			ProcessInitializeOnLoadMethodAttributes (173ms)
			AfterProcessingInitializeOnLoad (9ms)
		AwakeInstancesAfterBackupRestoration (30ms)
Refreshing native plugins compatible for Editor in 2.39 ms, found 4 plugins.
Unloading 22 Unused Serialized files (Serialized files now loaded: 0)
Unloading 6434 unused Assets / (6.0 MB). Loaded Objects now: 7374.
Memory consumption went from 374.2 MB to 368.2 MB.
Total: 16.419900 ms (FindLiveObjects: 1.196600 ms CreateObjectMapping: 3.315600 ms MarkObjects: 7.256400 ms  DeleteObjects: 4.649900 ms)

Prepare: number of updated asset objects reloaded= 0
========================================================================
Received Prepare
AcceleratorClientConnectionCallback - disconnected - :0
Unloading 22 Unused Serialized files (Serialized files now loaded: 0)
Unloading 6423 unused Assets / (5.8 MB). Loaded Objects now: 7374.
Memory consumption went from 376.9 MB to 371.1 MB.
Total: 14.555000 ms (FindLiveObjects: 0.861900 ms CreateObjectMapping: 2.355900 ms MarkObjects: 5.724900 ms  DeleteObjects: 5.611300 ms)

Prepare: number of updated asset objects reloaded= 0
========================================================================
Received Prepare
AcceleratorClientConnectionCallback - disconnected - :0
[Licensing::Client] Successfully resolved entitlement details
Begin MonoManager ReloadAssembly
Native extension for WindowsStandalone target not found
Native extension for WebGL target not found
[Package Manager] Failed to launch server process. Reason: Unity was launched with the -noUpm command-line argument
[Package Manager] Unable to send message (not connected to server process).
[Package Manager] Cannot connect to Unity Package Manager local server
[Package Manager] Failed to launch server process. Reason: Unity was launched with the -noUpm command-line argument
[Package Manager] Unable to send message (not connected to server process).
[Package Manager] Cannot connect to Unity Package Manager local server
ScheduleIndexationOnStartup MainProcess:False IndexOnStartup:True
Mono: successfully reloaded assembly
- Finished resetting the current domain, in  0.936 seconds
Domain Reload Profiling: 2075ms
	BeginReloadAssembly (300ms)
		DisableScriptedObjects (8ms)
		CreateAndSetChildDomain (64ms)
	RebuildCommonClasses (11ms)
	RebuildNativeTypeToScriptingClass (20ms)
	initialDomainReloadingComplete (89ms)
	LoadAllAssembliesAndSetupDomain (718ms)
		LoadAssemblies (440ms)
		AnalyzeDomain (277ms)
			TypeCache.Refresh (17ms)
			BuildScriptInfoCaches (248ms)
			ResolveRequiredComponents (9ms)
	FinalizeReload (937ms)
		SetupLoadedEditorAssemblies (0ms)
			InitializePlatformSupportModulesInManaged (3ms)
			BeforeProcessingInitializeOnLoad (129ms)
			ProcessInitializeOnLoadAttributes (402ms)
			ProcessInitializeOnLoadMethodAttributes (137ms)
			AfterProcessingInitializeOnLoad (8ms)
		AwakeInstancesAfterBackupRestoration (22ms)
Unloading 22 Unused Serialized files (Serialized files now loaded: 0)
Unloading 6434 unused Assets / (5.8 MB). Loaded Objects now: 7377.
Memory consumption went from 380.3 MB to 374.5 MB.
Total: 11.500900 ms (FindLiveObjects: 0.917600 ms CreateObjectMapping: 2.282600 ms MarkObjects: 5.200100 ms  DeleteObjects: 3.099700 ms)

Prepare: number of updated asset objects reloaded= 0
========================================================================
Received Prepare
AcceleratorClientConnectionCallback - disconnected - :0
Begin MonoManager ReloadAssembly
Native extension for WindowsStandalone target not found
Native extension for WebGL target not found
[Package Manager] Failed to launch server process. Reason: Unity was launched with the -noUpm command-line argument
[Package Manager] Unable to send message (not connected to server process).
[Package Manager] Cannot connect to Unity Package Manager local server
[Package Manager] Failed to launch server process. Reason: Unity was launched with the -noUpm command-line argument
[Package Manager] Unable to send message (not connected to server process).
[Package Manager] Cannot connect to Unity Package Manager local server
ScheduleIndexationOnStartup MainProcess:False IndexOnStartup:True
Mono: successfully reloaded assembly
- Finished resetting the current domain, in  1.029 seconds
Domain Reload Profiling: 1913ms
	BeginReloadAssembly (286ms)
		DisableScriptedObjects (9ms)
		CreateAndSetChildDomain (61ms)
	RebuildCommonClasses (10ms)
	RebuildNativeTypeToScriptingClass (21ms)
	initialDomainReloadingComplete (93ms)
	LoadAllAssembliesAndSetupDomain (471ms)
		LoadAssemblies (438ms)
		AnalyzeDomain (27ms)
			TypeCache.Refresh (11ms)
			ResolveRequiredComponents (11ms)
	FinalizeReload (1031ms)
		SetupLoadedEditorAssemblies (0ms)
			InitializePlatformSupportModulesInManaged (5ms)
			BeforeProcessingInitializeOnLoad (127ms)
			ProcessInitializeOnLoadAttributes (411ms)
			ProcessInitializeOnLoadMethodAttributes (184ms)
			AfterProcessingInitializeOnLoad (12ms)
		AwakeInstancesAfterBackupRestoration (30ms)
Refreshing native plugins compatible for Editor in 3.03 ms, found 4 plugins.
Unloading 22 Unused Serialized files (Serialized files now loaded: 0)
Unloading 6434 unused Assets / (5.8 MB). Loaded Objects now: 7380.
Memory consumption went from 383.3 MB to 377.5 MB.
Total: 18.295900 ms (FindLiveObjects: 1.353900 ms CreateObjectMapping: 4.683900 ms MarkObjects: 8.014000 ms  DeleteObjects: 4.242200 ms)

Prepare: number of updated asset objects reloaded= 0
========================================================================
Received Import Request.
  Time of request: 2026-08-09T10:46:49.8542242Z
  Time since last request: 791.14015959999995 seconds.
  importAddress: GUID: 9d29abee4b7c2944b8d61b037a13fd08 - Path: Assets/Assets/Prototype 2/Prefabs - Importer: PreviewImporter
Importing 'GUID: 9d29abee4b7c2944b8d61b037a13fd08 - Path: Assets/Assets/Prototype 2/Prefabs - Importer: PreviewImporter' with importer (PreviewImporter)
Imported 'GUID: 9d29abee4b7c2944b8d61b037a13fd08' -> (Import Result ID: '86662843a3504cbe4b0bd61b1236ee77') in 0.003 seconds [static and dynamic dependencies]. Details - ImportResultOutputID=8b90970dd52e2ee772f9624f46179661 DependenciesID=ee6e9b429279ca087bbb21256d5937dd StaticDependenciesID=3da61baf967f319953b9f354756c9a91 
Number of updated asset objects reloaded before import = 0
Number of asset objects unloaded after import = 0
========================================================================
Received Prepare
AcceleratorClientConnectionCallback - disconnected - :0
Unloading 22 Unused Serialized files (Serialized files now loaded: 0)
Unloading 22 unused Assets / (2.6 MB). Loaded Objects now: 7380.
Memory consumption went from 378.7 MB to 376.1 MB.
Total: 8.765900 ms (FindLiveObjects: 0.488500 ms CreateObjectMapping: 0.907300 ms MarkObjects: 6.847300 ms  DeleteObjects: 0.521800 ms)

Prepare: number of updated asset objects reloaded= 0
========================================================================
Received Import Request.
  Time of request: 2026-08-09T10:46:52.6425666Z
  Time since last request: 2.7725284 seconds.
  importAddress: GUID: e60ef66479f57fe499c6129d177a1c3c - Path: Assets/Assets/Prototype 2/Prefabs/Water.prefab - Importer: PreviewImporter
Importing 'GUID: e60ef66479f57fe499c6129d177a1c3c - Path: Assets/Assets/Prototype 2/Prefabs/Water.prefab - Importer: PreviewImporter' with importer (PreviewImporter)
Imported 'GUID: e60ef66479f57fe499c6129d177a1c3c' -> (Import Result ID: 'f14fe4b193b0492fa5ca07ee90ebe3e2') in 0.066 seconds [static and dynamic dependencies]. Details - ImportResultOutputID=e22f20c0b986642d928541dd13f13d85 DependenciesID=c84dd9420eefb0ad8039a10a8dcdbf6b StaticDependenciesID=28cee41b7d26ffdd3954b7fbfc6c2c6f 
Number of updated asset objects reloaded before import = 0
Number of asset objects unloaded after import = 8
========================================================================
Received Prepare
AcceleratorClientConnectionCallback - disconnected - :0
Unloading 22 Unused Serialized files (Serialized files now loaded: 0)
Unloading 6423 unused Assets / (5.8 MB). Loaded Objects now: 7381.
Memory consumption went from 342.7 MB to 336.9 MB.
Total: 14.241400 ms (FindLiveObjects: 0.901900 ms CreateObjectMapping: 3.055900 ms MarkObjects: 6.652200 ms  DeleteObjects: 3.630200 ms)

Prepare: number of updated asset objects reloaded= 0
========================================================================
Received Prepare
AcceleratorClientConnectionCallback - disconnected - :0
[Licensing::Client] Successfully resolved entitlement details
Begin MonoManager ReloadAssembly
Native extension for WindowsStandalone target not found
Native extension for WebGL target not found
[Package Manager] Failed to launch server process. Reason: Unity was launched with the -noUpm command-line argument
[Package Manager] Unable to send message (not connected to server process).
[Package Manager] Cannot connect to Unity Package Manager local server
[Package Manager] Failed to launch server process. Reason: Unity was launched with the -noUpm command-line argument
[Package Manager] Unable to send message (not connected to server process).
[Package Manager] Cannot connect to Unity Package Manager local server
ScheduleIndexationOnStartup MainProcess:False IndexOnStartup:True
Mono: successfully reloaded assembly
- Finished resetting the current domain, in  1.017 seconds
Domain Reload Profiling: 2264ms
	BeginReloadAssembly (273ms)
		DisableScriptedObjects (11ms)
		CreateAndSetChildDomain (60ms)
	RebuildCommonClasses (11ms)
	RebuildNativeTypeToScriptingClass (21ms)
	initialDomainReloadingComplete (87ms)
	LoadAllAssembliesAndSetupDomain (853ms)
		LoadAssemblies (454ms)
		AnalyzeDomain (366ms)
			TypeCache.Refresh (19ms)
			BuildScriptInfoCaches (336ms)
			ResolveRequiredComponents (9ms)
	FinalizeReload (1018ms)
		SetupLoadedEditorAssemblies (0ms)
			BeforeProcessingInitializeOnLoad (133ms)
			ProcessInitializeOnLoadAttributes (465ms)
			ProcessInitializeOnLoadMethodAttributes (142ms)
			AfterProcessingInitializeOnLoad (8ms)
		AwakeInstancesAfterBackupRestoration (32ms)
Refreshing native plugins compatible for Editor in 2.45 ms, found 4 plugins.
Unloading 22 Unused Serialized files (Serialized files now loaded: 0)
Unloading 6434 unused Assets / (5.8 MB). Loaded Objects now: 7384.
Memory consumption went from 346.1 MB to 340.3 MB.
Total: 12.045000 ms (FindLiveObjects: 0.962000 ms CreateObjectMapping: 2.445300 ms MarkObjects: 5.396200 ms  DeleteObjects: 3.240300 ms)

Prepare: number of updated asset objects reloaded= 0
========================================================================
Received Prepare
AcceleratorClientConnectionCallback - disconnected - :0
Unloading 22 Unused Serialized files (Serialized files now loaded: 0)
Unloading 6423 unused Assets / (5.7 MB). Loaded Objects now: 7384.
Memory consumption went from 348.8 MB to 343.1 MB.
Total: 11.742100 ms (FindLiveObjects: 0.936000 ms CreateObjectMapping: 2.330000 ms MarkObjects: 5.252000 ms  DeleteObjects: 3.223400 ms)

Prepare: number of updated asset objects reloaded= 0
========================================================================
Received Prepare
AcceleratorClientConnectionCallback - disconnected - :0
Begin MonoManager ReloadAssembly
Native extension for WindowsStandalone target not found
Native extension for WebGL target not found
[Package Manager] Failed to launch server process. Reason: Unity was launched with the -noUpm command-line argument
[Package Manager] Unable to send message (not connected to server process).
[Package Manager] Cannot connect to Unity Package Manager local server
[Package Manager] Failed to launch server process. Reason: Unity was launched with the -noUpm command-line argument
[Package Manager] Unable to send message (not connected to server process).
[Package Manager] Cannot connect to Unity Package Manager local server
ScheduleIndexationOnStartup MainProcess:False IndexOnStartup:True
Mono: successfully reloaded assembly
- Finished resetting the current domain, in  0.905 seconds
Domain Reload Profiling: 2170ms
	BeginReloadAssembly (375ms)
		DisableScriptedObjects (10ms)
		CreateAndSetChildDomain (133ms)
	RebuildCommonClasses (12ms)
	RebuildNativeTypeToScriptingClass (23ms)
	initialDomainReloadingComplete (84ms)
	LoadAllAssembliesAndSetupDomain (770ms)
		LoadAssemblies (439ms)
		AnalyzeDomain (305ms)
			TypeCache.Refresh (16ms)
			BuildScriptInfoCaches (277ms)
			ResolveRequiredComponents (10ms)
	FinalizeReload (906ms)
		SetupLoadedEditorAssemblies (0ms)
			InitializePlatformSupportModulesInManaged (3ms)
			BeforeProcessingInitializeOnLoad (117ms)
			ProcessInitializeOnLoadAttributes (328ms)
			ProcessInitializeOnLoadMethodAttributes (136ms)
			AfterProcessingInitializeOnLoad (8ms)
		AwakeInstancesAfterBackupRestoration (29ms)
Refreshing native plugins compatible for Editor in 2.16 ms, found 4 plugins.
Unloading 22 Unused Serialized files (Serialized files now loaded: 0)
Unloading 6434 unused Assets / (5.7 MB). Loaded Objects now: 7387.
Memory consumption went from 352.6 MB to 346.9 MB.
Total: 14.178300 ms (FindLiveObjects: 1.495300 ms CreateObjectMapping: 2.667000 ms MarkObjects: 6.259500 ms  DeleteObjects: 3.754800 ms)

Prepare: number of updated asset objects reloaded= 0
========================================================================
Received Prepare
AcceleratorClientConnectionCallback - disconnected - :0
Refreshing native plugins compatible for Editor in 2.21 ms, found 4 plugins.
Unloading 22 Unused Serialized files (Serialized files now loaded: 0)
Unloading 6423 unused Assets / (5.9 MB). Loaded Objects now: 7387.
Memory consumption went from 355.3 MB to 349.4 MB.
Total: 12.559400 ms (FindLiveObjects: 0.953100 ms CreateObjectMapping: 2.614100 ms MarkObjects: 4.975000 ms  DeleteObjects: 4.016400 ms)

Prepare: number of updated asset objects reloaded= 0
========================================================================
Received Prepare
AcceleratorClientConnectionCallback - disconnected - :0
Begin MonoManager ReloadAssembly
Refreshing native plugins compatible for Editor in 2.00 ms, found 4 plugins.
Native extension for WindowsStandalone target not found
Native extension for WebGL target not found
[Package Manager] Failed to launch server process. Reason: Unity was launched with the -noUpm command-line argument
[Package Manager] Unable to send message (not connected to server process).
[Package Manager] Cannot connect to Unity Package Manager local server
[Package Manager] Failed to launch server process. Reason: Unity was launched with the -noUpm command-line argument
[Package Manager] Unable to send message (not connected to server process).
[Package Manager] Cannot connect to Unity Package Manager local server
ScheduleIndexationOnStartup MainProcess:False IndexOnStartup:True
Mono: successfully reloaded assembly
- Finished resetting the current domain, in  0.865 seconds
Domain Reload Profiling: 2024ms
	BeginReloadAssembly (281ms)
		DisableScriptedObjects (8ms)
		CreateAndSetChildDomain (62ms)
	RebuildCommonClasses (11ms)
	RebuildNativeTypeToScriptingClass (21ms)
	initialDomainReloadingComplete (92ms)
	LoadAllAssembliesAndSetupDomain (753ms)
		LoadAssemblies (460ms)
		AnalyzeDomain (277ms)
			TypeCache.Refresh (17ms)
			BuildScriptInfoCaches (249ms)
			ResolveRequiredComponents (9ms)
	FinalizeReload (866ms)
		SetupLoadedEditorAssemblies (0ms)
			InitializePlatformSupportModulesInManaged (3ms)
			BeforeProcessingInitializeOnLoad (124ms)
			ProcessInitializeOnLoadAttributes (322ms)
			ProcessInitializeOnLoadMethodAttributes (139ms)
			AfterProcessingInitializeOnLoad (9ms)
		AwakeInstancesAfterBackupRestoration (26ms)
Unloading 22 Unused Serialized files (Serialized files now loaded: 0)
Unloading 6434 unused Assets / (5.8 MB). Loaded Objects now: 7390.
Memory consumption went from 359.1 MB to 353.3 MB.
Total: 13.922900 ms (FindLiveObjects: 1.286400 ms CreateObjectMapping: 3.077800 ms MarkObjects: 6.342600 ms  DeleteObjects: 3.215100 ms)

Prepare: number of updated asset objects reloaded= 0
========================================================================
Received Prepare
AcceleratorClientConnectionCallback - disconnected - :0
Unloading 22 Unused Serialized files (Serialized files now loaded: 0)
Unloading 6423 unused Assets / (5.7 MB). Loaded Objects now: 7390.
Memory consumption went from 361.8 MB to 356.1 MB.
Total: 11.723300 ms (FindLiveObjects: 1.063500 ms CreateObjectMapping: 2.430900 ms MarkObjects: 5.082600 ms  DeleteObjects: 3.145300 ms)

Prepare: number of updated asset objects reloaded= 0
========================================================================
Received Prepare
AcceleratorClientConnectionCallback - disconnected - :0
[Licensing::Client] Successfully resolved entitlement details
Begin MonoManager ReloadAssembly
Native extension for WindowsStandalone target not found
Native extension for WebGL target not found
[Package Manager] Failed to launch server process. Reason: Unity was launched with the -noUpm command-line argument
[Package Manager] Unable to send message (not connected to server process).
[Package Manager] Cannot connect to Unity Package Manager local server
[Package Manager] Failed to launch server process. Reason: Unity was launched with the -noUpm command-line argument
[Package Manager] Unable to send message (not connected to server process).
[Package Manager] Cannot connect to Unity Package Manager local server
ScheduleIndexationOnStartup MainProcess:False IndexOnStartup:True
Mono: successfully reloaded assembly
- Finished resetting the current domain, in  0.832 seconds
Domain Reload Profiling: 1929ms
	BeginReloadAssembly (273ms)
		DisableScriptedObjects (10ms)
		CreateAndSetChildDomain (62ms)
	RebuildCommonClasses (12ms)
	RebuildNativeTypeToScriptingClass (21ms)
	initialDomainReloadingComplete (84ms)
	LoadAllAssembliesAndSetupDomain (706ms)
		LoadAssemblies (416ms)
		AnalyzeDomain (280ms)
			TypeCache.Refresh (14ms)
			BuildScriptInfoCaches (256ms)
			ResolveRequiredComponents (9ms)
	FinalizeReload (833ms)
		SetupLoadedEditorAssemblies (0ms)
			InitializePlatformSupportModulesInManaged (3ms)
			BeforeProcessingInitializeOnLoad (110ms)
			ProcessInitializeOnLoadAttributes (316ms)
			ProcessInitializeOnLoadMethodAttributes (138ms)
			AfterProcessingInitializeOnLoad (8ms)
		AwakeInstancesAfterBackupRestoration (22ms)
Unloading 22 Unused Serialized files (Serialized files now loaded: 0)
Unloading 6434 unused Assets / (5.8 MB). Loaded Objects now: 7393.
Memory consumption went from 365.0 MB to 359.1 MB.
Total: 13.433200 ms (FindLiveObjects: 1.567300 ms CreateObjectMapping: 2.758500 ms MarkObjects: 5.808800 ms  DeleteObjects: 3.297500 ms)

Prepare: number of updated asset objects reloaded= 0
========================================================================
Received Prepare
AcceleratorClientConnectionCallback - disconnected - :0
Unloading 22 Unused Serialized files (Serialized files now loaded: 0)
Unloading 6423 unused Assets / (6.1 MB). Loaded Objects now: 7393.
Memory consumption went from 367.7 MB to 361.5 MB.
Total: 17.507300 ms (FindLiveObjects: 0.963500 ms CreateObjectMapping: 3.409300 ms MarkObjects: 6.731700 ms  DeleteObjects: 6.401400 ms)

Prepare: number of updated asset objects reloaded= 0
========================================================================
Received Prepare
AcceleratorClientConnectionCallback - disconnected - :0
Begin MonoManager ReloadAssembly
Native extension for WindowsStandalone target not found
Native extension for WebGL target not found
[Package Manager] Failed to launch server process. Reason: Unity was launched with the -noUpm command-line argument
[Package Manager] Unable to send message (not connected to server process).
[Package Manager] Cannot connect to Unity Package Manager local server
[Package Manager] Failed to launch server process. Reason: Unity was launched with the -noUpm command-line argument
[Package Manager] Unable to send message (not connected to server process).
[Package Manager] Cannot connect to Unity Package Manager local server
ScheduleIndexationOnStartup MainProcess:False IndexOnStartup:True
Mono: successfully reloaded assembly
- Finished resetting the current domain, in  0.853 seconds
Domain Reload Profiling: 2044ms
	BeginReloadAssembly (306ms)
		DisableScriptedObjects (9ms)
		CreateAndSetChildDomain (71ms)
	RebuildCommonClasses (11ms)
	RebuildNativeTypeToScriptingClass (22ms)
	initialDomainReloadingComplete (92ms)
	LoadAllAssembliesAndSetupDomain (761ms)
		LoadAssemblies (468ms)
		AnalyzeDomain (286ms)
			TypeCache.Refresh (16ms)
			BuildScriptInfoCaches (259ms)
			ResolveRequiredComponents (9ms)
	FinalizeReload (854ms)
		SetupLoadedEditorAssemblies (0ms)
			InitializePlatformSupportModulesInManaged (3ms)
			BeforeProcessingInitializeOnLoad (117ms)
			ProcessInitializeOnLoadAttributes (319ms)
			ProcessInitializeOnLoadMethodAttributes (134ms)
			AfterProcessingInitializeOnLoad (8ms)
		AwakeInstancesAfterBackupRestoration (21ms)
Unloading 22 Unused Serialized files (Serialized files now loaded: 0)
Unloading 6434 unused Assets / (5.6 MB). Loaded Objects now: 7396.
Memory consumption went from 371.1 MB to 365.5 MB.
Total: 11.151800 ms (FindLiveObjects: 0.916000 ms CreateObjectMapping: 2.689400 ms MarkObjects: 4.883100 ms  DeleteObjects: 2.662600 ms)

Prepare: number of updated asset objects reloaded= 0
========================================================================
Received Prepare
AcceleratorClientConnectionCallback - disconnected - :0
Refreshing native plugins compatible for Editor in 2.46 ms, found 4 plugins.
Unloading 22 Unused Serialized files (Serialized files now loaded: 0)
Unloading 6423 unused Assets / (6.0 MB). Loaded Objects now: 7396.
Memory consumption went from 373.8 MB to 367.8 MB.
Total: 16.583600 ms (FindLiveObjects: 1.299600 ms CreateObjectMapping: 3.268600 ms MarkObjects: 7.181300 ms  DeleteObjects: 4.832300 ms)

Prepare: number of updated asset objects reloaded= 0
========================================================================
Received Prepare
AcceleratorClientConnectionCallback - disconnected - :0
Begin MonoManager ReloadAssembly
Refreshing native plugins compatible for Editor in 2.10 ms, found 4 plugins.
Native extension for WindowsStandalone target not found
Native extension for WebGL target not found
[Package Manager] Failed to launch server process. Reason: Unity was launched with the -noUpm command-line argument
[Package Manager] Unable to send message (not connected to server process).
[Package Manager] Cannot connect to Unity Package Manager local server
[Package Manager] Failed to launch server process. Reason: Unity was launched with the -noUpm command-line argument
[Package Manager] Unable to send message (not connected to server process).
[Package Manager] Cannot connect to Unity Package Manager local server
ScheduleIndexationOnStartup MainProcess:False IndexOnStartup:True
Mono: successfully reloaded assembly
- Finished resetting the current domain, in  0.882 seconds
Domain Reload Profiling: 2041ms
	BeginReloadAssembly (280ms)
		DisableScriptedObjects (9ms)
		CreateAndSetChildDomain (61ms)
	RebuildCommonClasses (11ms)
	RebuildNativeTypeToScriptingClass (21ms)
	initialDomainReloadingComplete (90ms)
	LoadAllAssembliesAndSetupDomain (757ms)
		LoadAssemblies (453ms)
		AnalyzeDomain (283ms)
			TypeCache.Refresh (16ms)
			BuildScriptInfoCaches (255ms)
			ResolveRequiredComponents (9ms)
	FinalizeReload (883ms)
		SetupLoadedEditorAssemblies (0ms)
			InitializePlatformSupportModulesInManaged (3ms)
			BeforeProcessingInitializeOnLoad (123ms)
			ProcessInitializeOnLoadAttributes (320ms)
			ProcessInitializeOnLoadMethodAttributes (132ms)
			AfterProcessingInitializeOnLoad (8ms)
		AwakeInstancesAfterBackupRestoration (23ms)
Unloading 22 Unused Serialized files (Serialized files now loaded: 0)
Unloading 6434 unused Assets / (5.6 MB). Loaded Objects now: 7399.
Memory consumption went from 377.3 MB to 371.7 MB.
Total: 12.414100 ms (FindLiveObjects: 1.151700 ms CreateObjectMapping: 2.517100 ms MarkObjects: 5.454600 ms  DeleteObjects: 3.290000 ms)

Prepare: number of updated asset objects reloaded= 0
========================================================================
Received Prepare
AcceleratorClientConnectionCallback - disconnected - :0
Begin MonoManager ReloadAssembly
Native extension for WindowsStandalone target not found
Native extension for WebGL target not found
[Package Manager] Failed to launch server process. Reason: Unity was launched with the -noUpm command-line argument
[Package Manager] Unable to send message (not connected to server process).
[Package Manager] Cannot connect to Unity Package Manager local server
[Package Manager] Failed to launch server process. Reason: Unity was launched with the -noUpm command-line argument
[Package Manager] Unable to send message (not connected to server process).
[Package Manager] Cannot connect to Unity Package Manager local server
ScheduleIndexationOnStartup MainProcess:False IndexOnStartup:True
Mono: successfully reloaded assembly
- Finished resetting the current domain, in  1.010 seconds
Domain Reload Profiling: 1886ms
	BeginReloadAssembly (286ms)
		DisableScriptedObjects (12ms)
		CreateAndSetChildDomain (61ms)
	RebuildCommonClasses (12ms)
	RebuildNativeTypeToScriptingClass (21ms)
	initialDomainReloadingComplete (87ms)
	LoadAllAssembliesAndSetupDomain (468ms)
		LoadAssemblies (426ms)
		AnalyzeDomain (24ms)
			TypeCache.Refresh (9ms)
			ResolveRequiredComponents (9ms)
	FinalizeReload (1011ms)
		SetupLoadedEditorAssemblies (0ms)
			InitializePlatformSupportModulesInManaged (3ms)
			BeforeProcessingInitializeOnLoad (111ms)
			ProcessInitializeOnLoadAttributes (379ms)
			ProcessInitializeOnLoadMethodAttributes (170ms)
			AfterProcessingInitializeOnLoad (12ms)
		AwakeInstancesAfterBackupRestoration (31ms)
Refreshing native plugins compatible for Editor in 2.46 ms, found 4 plugins.
Unloading 22 Unused Serialized files (Serialized files now loaded: 0)
Unloading 6434 unused Assets / (6.3 MB). Loaded Objects now: 7402.
Memory consumption went from 379.9 MB to 373.6 MB.
Total: 22.814500 ms (FindLiveObjects: 1.387200 ms CreateObjectMapping: 4.585000 ms MarkObjects: 10.693800 ms  DeleteObjects: 6.146900 ms)

Prepare: number of updated asset objects reloaded= 0
========================================================================
Received Prepare
AcceleratorClientConnectionCallback - disconnected - :0
Refreshing native plugins compatible for Editor in 2.60 ms, found 4 plugins.
Unloading 22 Unused Serialized files (Serialized files now loaded: 0)
Unloading 6423 unused Assets / (6.7 MB). Loaded Objects now: 7402.
Memory consumption went from 382.6 MB to 376.0 MB.
Total: 18.765700 ms (FindLiveObjects: 1.938300 ms CreateObjectMapping: 5.065400 ms MarkObjects: 6.198100 ms  DeleteObjects: 5.562000 ms)

Prepare: number of updated asset objects reloaded= 0
========================================================================
Received Import Request.
  Time of request: 2026-08-09T10:52:30.8753844Z
  Time since last request: 338.1529749 seconds.
  importAddress: GUID: 082bb58de12a0d24197a2a668920518b - Path: Assets/Assets/Prototype 2/Prefabs/Water 1.prefab - Importer: PreviewImporter
Importing 'GUID: 082bb58de12a0d24197a2a668920518b - Path: Assets/Assets/Prototype 2/Prefabs/Water 1.prefab - Importer: PreviewImporter' with importer (PreviewImporter)
Imported 'GUID: 082bb58de12a0d24197a2a668920518b' -> (Import Result ID: 'c9ad30c30c7b38d7427c74e195207b9e') in 0.063 seconds [static and dynamic dependencies]. Details - ImportResultOutputID=f8efb60e9e4cb0b5a5029b726e2156ca DependenciesID=472f104fcf83eaec381215d56d022973 StaticDependenciesID=158d7b9e18fe231160f0f5a676299b92 
Number of updated asset objects reloaded before import = 0
Number of asset objects unloaded after import = 8
========================================================================
Received Import Request.
  Time of request: 2026-08-09T10:52:37.3484975Z
  Time since last request: 6.393057 seconds.
  importAddress: GUID: 082bb58de12a0d24197a2a668920518b - Path: Assets/Assets/Prototype 2/Prefabs/Sunlight.prefab - Importer: PreviewImporter
Importing 'GUID: 082bb58de12a0d24197a2a668920518b - Path: Assets/Assets/Prototype 2/Prefabs/Sunlight.prefab - Importer: PreviewImporter' with importer (PreviewImporter)
Imported 'GUID: 082bb58de12a0d24197a2a668920518b' -> (Import Result ID: '8fcb40a53ab08da88af5a99527682075') in 0.002 seconds [static and dynamic dependencies]. Details - ImportResultOutputID=f8efb60e9e4cb0b5a5029b726e2156ca DependenciesID=4868f49e190c3d83d61cefc1b5dfa606 StaticDependenciesID=748c9775144d0d1fcbbaab45a20ad02d 
Number of updated asset objects reloaded before import = 0
Number of asset objects unloaded after import = 8
========================================================================
Received Prepare
AcceleratorClientConnectionCallback - disconnected - :0
Unloading 22 Unused Serialized files (Serialized files now loaded: 0)
Unloading 22 unused Assets / (2.6 MB). Loaded Objects now: 7402.
Memory consumption went from 344.7 MB to 342.1 MB.
Total: 10.623100 ms (FindLiveObjects: 0.549700 ms CreateObjectMapping: 0.932200 ms MarkObjects: 8.173100 ms  DeleteObjects: 0.966700 ms)

Prepare: number of updated asset objects reloaded= 0
========================================================================
Received Import Request.
  Time of request: 2026-08-09T10:54:18.5391052Z
  Time since last request: 101.17501110000001 seconds.
  importAddress: GUID: 082bb58de12a0d24197a2a668920518b - Path: Assets/Assets/Prototype 2/Prefabs/Sunlight.prefab - Importer: PreviewImporter
Importing 'GUID: 082bb58de12a0d24197a2a668920518b - Path: Assets/Assets/Prototype 2/Prefabs/Sunlight.prefab - Importer: PreviewImporter' with importer (PreviewImporter)
Imported 'GUID: 082bb58de12a0d24197a2a668920518b' -> (Import Result ID: '5ce05052b4fb4d884653caf575e63925') in 0.003 seconds [static and dynamic dependencies]. Details - ImportResultOutputID=f8efb60e9e4cb0b5a5029b726e2156ca DependenciesID=db6ff6aaeacac62255317dcfa97306fb StaticDependenciesID=f23fd0dfbafcbeaea8527820f02ba8d1 
Number of updated asset objects reloaded before import = 0
Number of asset objects unloaded after import = 8
========================================================================
Received Import Request.
  Time of request: 2026-08-09T10:54:26.4999278Z
  Time since last request: 7.9448561 seconds.
  importAddress: GUID: 082bb58de12a0d24197a2a668920518b - Path: Assets/Assets/Prototype 2/Prefabs/Sunlight.prefab - Importer: PreviewImporter
Importing 'GUID: 082bb58de12a0d24197a2a668920518b - Path: Assets/Assets/Prototype 2/Prefabs/Sunlight.prefab - Importer: PreviewImporter' with importer (PreviewImporter)
Imported 'GUID: 082bb58de12a0d24197a2a668920518b' -> (Import Result ID: '1e41a113ebfbc86ed69c6e0c03d1edf6') in 0.002 seconds [static and dynamic dependencies]. Details - ImportResultOutputID=f8efb60e9e4cb0b5a5029b726e2156ca DependenciesID=06e984a5d6e8c9dd6bdb681895cb4a68 StaticDependenciesID=6e6de0fe69f42eacc72669c1250da9fc 
Number of updated asset objects reloaded before import = 0
Number of asset objects unloaded after import = 7
========================================================================
Received Import Request.
  Time of request: 2026-08-09T10:54:38.3027787Z
  Time since last request: 11.7879069 seconds.
  importAddress: GUID: 9a132159c95afef4084a8ed9c7a907b1 - Path: Assets/Assets/Prototype 2/Scripts/PlayerInventory.cs - Importer: ScriptedImporter/UnityEditor.QuickSearchModule:UnityEditor.Search:ASIAI0B
Importing 'GUID: 9a132159c95afef4084a8ed9c7a907b1 - Path: Assets/Assets/Prototype 2/Scripts/PlayerInventory.cs - Importer: ScriptedImporter/UnityEditor.QuickSearchModule:UnityEditor.Search:ASIAI0B' with importer (ScriptedImporter : UnityEditor.QuickSearchModule:UnityEditor.Search:ASIAI0B)
Imported 'GUID: 9a132159c95afef4084a8ed9c7a907b1' -> (Import Result ID: '5b4f830ce83b39208ffefcd746348f76') in 0.074 seconds [static and dynamic dependencies]. Details - ImportResultOutputID=17a06fcbf200742a60f0644269905ab6 DependenciesID=9c0359d989cacf79dac6d163f5b9b3c9 StaticDependenciesID=031d81e145889bed3e1227f30e909327 
Number of updated asset objects reloaded before import = 0
Number of asset objects unloaded after import = 0
========================================================================
Received Import Request.
  Time of request: 2026-08-09T10:54:38.3893307Z
  Time since last request: 0.0004014 seconds.
  importAddress: GUID: e60ef66479f57fe499c6129d177a1c3c - Path: Assets/Assets/Prototype 2/Prefabs/Water.prefab - Importer: ScriptedImporter/UnityEditor.QuickSearchModule:UnityEditor.Search:ASIAI0B
Importing 'GUID: e60ef66479f57fe499c6129d177a1c3c - Path: Assets/Assets/Prototype 2/Prefabs/Water.prefab - Importer: ScriptedImporter/UnityEditor.QuickSearchModule:UnityEditor.Search:ASIAI0B' with importer (ScriptedImporter : UnityEditor.QuickSearchModule:UnityEditor.Search:ASIAI0B)
Imported 'GUID: e60ef66479f57fe499c6129d177a1c3c' -> (Import Result ID: 'f601fa58817337458707ffb6b7517fb7') in 0.079 seconds [static and dynamic dependencies]. Details - ImportResultOutputID=747e836b687f482080f699eb870066e0 DependenciesID=b97f6ad6ce7dffcebbc7b6d948d59575 StaticDependenciesID=9fee084299c11740281756ca7363d012 
Number of updated asset objects reloaded before import = 0
Number of asset objects unloaded after import = 8
========================================================================
Received Prepare
AcceleratorClientConnectionCallback - disconnected - :0
Unloading 22 Unused Serialized files (Serialized files now loaded: 0)
Unloading 6424 unused Assets / (5.8 MB). Loaded Objects now: 7403.
Memory consumption went from 349.7 MB to 343.9 MB.
Total: 17.653900 ms (FindLiveObjects: 1.097000 ms CreateObjectMapping: 3.234400 ms MarkObjects: 6.839300 ms  DeleteObjects: 6.481800 ms)

Prepare: number of updated asset objects reloaded= 0
========================================================================
Received Import Request.
  Time of request: 2026-08-09T10:54:41.3601253Z
  Time since last request: 2.8754936 seconds.
  importAddress: GUID: fcff07028172900489f82726c53a98ae - Path: Assets/Assets/Prototype 2/Scripts/SunlightPickup.cs - Importer: ScriptedImporter/UnityEditor.QuickSearchModule:UnityEditor.Search:ASIAI0B
Importing 'GUID: fcff07028172900489f82726c53a98ae - Path: Assets/Assets/Prototype 2/Scripts/SunlightPickup.cs - Importer: ScriptedImporter/UnityEditor.QuickSearchModule:UnityEditor.Search:ASIAI0B' with importer (ScriptedImporter : UnityEditor.QuickSearchModule:UnityEditor.Search:ASIAI0B)
Imported 'GUID: fcff07028172900489f82726c53a98ae' -> (Import Result ID: '535ac25ae07cad49cf30567cc6d340a4') in 0.005 seconds [static and dynamic dependencies]. Details - ImportResultOutputID=d0fac77baf8aec95b2e8c608fb4b4b9e DependenciesID=5b0cd07c0d0dccbdf96c310320380b91 StaticDependenciesID=c945320d148fd1889a2bf9b3f3c74e39 
Number of updated asset objects reloaded before import = 0
Number of asset objects unloaded after import = 0
========================================================================
Received Prepare
AcceleratorClientConnectionCallback - disconnected - :0
Refreshing native plugins compatible for Editor in 2.10 ms, found 4 plugins.
Unloading 22 Unused Serialized files (Serialized files now loaded: 0)
Unloading 6424 unused Assets / (5.4 MB). Loaded Objects now: 7403.
Memory consumption went from 352.2 MB to 346.8 MB.
Total: 15.883600 ms (FindLiveObjects: 1.575800 ms CreateObjectMapping: 3.299500 ms MarkObjects: 7.540500 ms  DeleteObjects: 3.466500 ms)

Prepare: number of updated asset objects reloaded= 0
========================================================================
Received Import Request.
  Time of request: 2026-08-09T10:55:24.9153529Z
  Time since last request: 43.5381999 seconds.
  importAddress: GUID: fcff07028172900489f82726c53a98ae - Path: Assets/Assets/Prototype 2/Scripts/SunlightPickup.cs - Importer: ScriptedImporter/UnityEditor.QuickSearchModule:UnityEditor.Search:ASIAI0B
Importing 'GUID: fcff07028172900489f82726c53a98ae - Path: Assets/Assets/Prototype 2/Scripts/SunlightPickup.cs - Importer: ScriptedImporter/UnityEditor.QuickSearchModule:UnityEditor.Search:ASIAI0B' with importer (ScriptedImporter : UnityEditor.QuickSearchModule:UnityEditor.Search:ASIAI0B)
Imported 'GUID: fcff07028172900489f82726c53a98ae' -> (Import Result ID: 'ec387032a52d481d0486d5fc4d6a4493') in 0.008 seconds [static and dynamic dependencies]. Details - ImportResultOutputID=f342f4c3ab39736eb58f3756d0c8d13f DependenciesID=0ce864cc8d98b2e76f44cbd5f62b46b0 StaticDependenciesID=81cb923f97437f875ff87b79f740756d 
Number of updated asset objects reloaded before import = 0
Number of asset objects unloaded after import = 0
========================================================================
Received Prepare
AcceleratorClientConnectionCallback - disconnected - :0
Unloading 22 Unused Serialized files (Serialized files now loaded: 0)
Unloading 6424 unused Assets / (7.9 MB). Loaded Objects now: 7403.
Memory consumption went from 352.3 MB to 344.4 MB.
Total: 15.332900 ms (FindLiveObjects: 0.915400 ms CreateObjectMapping: 2.323100 ms MarkObjects: 6.715900 ms  DeleteObjects: 5.377400 ms)

Prepare: number of updated asset objects reloaded= 0
========================================================================
Received Import Request.
  Time of request: 2026-08-09T10:56:14.3405832Z
  Time since last request: 49.4057888 seconds.
  importAddress: GUID: 44fa5853e17ea2e42a3537578f453028 - Path: Assets/Assets/Prototype 2/Scripts/TreeGrowth.cs - Importer: ScriptedImporter/UnityEditor.QuickSearchModule:UnityEditor.Search:ASIAI0B
Importing 'GUID: 44fa5853e17ea2e42a3537578f453028 - Path: Assets/Assets/Prototype 2/Scripts/TreeGrowth.cs - Importer: ScriptedImporter/UnityEditor.QuickSearchModule:UnityEditor.Search:ASIAI0B' with importer (ScriptedImporter : UnityEditor.QuickSearchModule:UnityEditor.Search:ASIAI0B)
Imported 'GUID: 44fa5853e17ea2e42a3537578f453028' -> (Import Result ID: '53c1ad7dd4c6e31340184494235879bb') in 0.006 seconds [static and dynamic dependencies]. Details - ImportResultOutputID=ae301a1c78550a5a286ed8faa53e6e7a DependenciesID=5736bda8720cc859154ae5cdaa7c68e0 StaticDependenciesID=7172c703818b879392d1528e16fcc735 
Number of updated asset objects reloaded before import = 0
Number of asset objects unloaded after import = 0
========================================================================
Received Import Request.
  Time of request: 2026-08-09T10:56:35.1062398Z
  Time since last request: 20.7479942 seconds.
  importAddress: GUID: 44fa5853e17ea2e42a3537578f453028 - Path: Assets/Assets/Prototype 2/Scripts/TreeGrowth.cs - Importer: PreviewImporter
Importing 'GUID: 44fa5853e17ea2e42a3537578f453028 - Path: Assets/Assets/Prototype 2/Scripts/TreeGrowth.cs - Importer: PreviewImporter' with importer (PreviewImporter)
Imported 'GUID: 44fa5853e17ea2e42a3537578f453028' -> (Import Result ID: '0a9d0cf87d5230620cc06a2b55a0d8fa') in 0.002 seconds [static and dynamic dependencies]. Details - ImportResultOutputID=7569b16db7f1fecd27afb9922ea46501 DependenciesID=2f3e2eb579e11a8161e9326525632024 StaticDependenciesID=32471752b196d4e089f9480bb7eb9784 
Number of updated asset objects reloaded before import = 0
Number of asset objects unloaded after import = 0
========================================================================
Received Import Request.
  Time of request: 2026-08-09T10:56:41.2151023Z
  Time since last request: 6.0944679 seconds.
  importAddress: GUID: 9a132159c95afef4084a8ed9c7a907b1 - Path: Assets/Assets/Prototype 2/Scripts/PlayerInventory.cs - Importer: PreviewImporter
Importing 'GUID: 9a132159c95afef4084a8ed9c7a907b1 - Path: Assets/Assets/Prototype 2/Scripts/PlayerInventory.cs - Importer: PreviewImporter' with importer (PreviewImporter)
Imported 'GUID: 9a132159c95afef4084a8ed9c7a907b1' -> (Import Result ID: '3db137f47b9ee6025fbe21763b72b798') in 0.001 seconds [static and dynamic dependencies]. Details - ImportResultOutputID=498b79194e5be05ca4f18985496c9c6a DependenciesID=ab904c2e1c21ff61de81b420c69dcbcc StaticDependenciesID=f25e62d1e87427ab26964004ff60c866 
Number of updated asset objects reloaded before import = 0
Number of asset objects unloaded after import = 0
========================================================================
Received Prepare
AcceleratorClientConnectionCallback - disconnected - :0
Refreshing native plugins compatible for Editor in 2.36 ms, found 4 plugins.
Unloading 22 Unused Serialized files (Serialized files now loaded: 0)
Unloading 6423 unused Assets / (5.7 MB). Loaded Objects now: 7402.
Memory consumption went from 349.7 MB to 344.0 MB.
Total: 16.260600 ms (FindLiveObjects: 0.899800 ms CreateObjectMapping: 2.477100 ms MarkObjects: 7.607700 ms  DeleteObjects: 5.274400 ms)

Prepare: number of updated asset objects reloaded= 0
========================================================================
Received Prepare
AcceleratorClientConnectionCallback - disconnected - :0
Unloading 22 Unused Serialized files (Serialized files now loaded: 0)
Unloading 6424 unused Assets / (5.7 MB). Loaded Objects now: 7403.
Memory consumption went from 352.3 MB to 346.5 MB.
Total: 14.025200 ms (FindLiveObjects: 0.954700 ms CreateObjectMapping: 2.523400 ms MarkObjects: 6.917200 ms  DeleteObjects: 3.628900 ms)

Prepare: number of updated asset objects reloaded= 0
========================================================================
Received Prepare
AcceleratorClientConnectionCallback - disconnected - :0
Unloading 22 Unused Serialized files (Serialized files now loaded: 0)
Unloading 6425 unused Assets / (5.9 MB). Loaded Objects now: 7404.
Memory consumption went from 354.8 MB to 348.9 MB.
Total: 17.900800 ms (FindLiveObjects: 1.093300 ms CreateObjectMapping: 2.740700 ms MarkObjects: 9.098500 ms  DeleteObjects: 4.966900 ms)

Prepare: number of updated asset objects reloaded= 0
========================================================================
Received Import Request.
  Time of request: 2026-08-09T10:57:35.3628289Z
  Time since last request: 54.1355074 seconds.
  importAddress: GUID: b2e2047eb9729b04a8fd0aaa7ed5a8af - Path: Assets/Assets/Prototype 2/Scripts/SunPickup.cs - Importer: PreviewImporter
Importing 'GUID: b2e2047eb9729b04a8fd0aaa7ed5a8af - Path: Assets/Assets/Prototype 2/Scripts/SunPickup.cs - Importer: PreviewImporter' with importer (PreviewImporter)
Imported 'GUID: b2e2047eb9729b04a8fd0aaa7ed5a8af' -> (Import Result ID: 'b82365969a6ebf6f0f52cc014e300b35') in 0.001 seconds [static and dynamic dependencies]. Details - ImportResultOutputID=48e9a6658c413262a9c2d774eccdceda DependenciesID=270a447b0ac6775e6a6f30bf71ffc2a2 StaticDependenciesID=d0ec6ee0bdf103f142c0aac8836b2704 
Number of updated asset objects reloaded before import = 0
Number of asset objects unloaded after import = 0
========================================================================
Received Import Request.
  Time of request: 2026-08-09T10:57:35.8991572Z
  Time since last request: 0.5233631 seconds.
  importAddress: GUID: b2e2047eb9729b04a8fd0aaa7ed5a8af - Path: Assets/Assets/Prototype 2/Scripts/SunPickup.cs - Importer: ScriptedImporter/UnityEditor.QuickSearchModule:UnityEditor.Search:ASIAI0B
Importing 'GUID: b2e2047eb9729b04a8fd0aaa7ed5a8af - Path: Assets/Assets/Prototype 2/Scripts/SunPickup.cs - Importer: ScriptedImporter/UnityEditor.QuickSearchModule:UnityEditor.Search:ASIAI0B' with importer (ScriptedImporter : UnityEditor.QuickSearchModule:UnityEditor.Search:ASIAI0B)
Imported 'GUID: b2e2047eb9729b04a8fd0aaa7ed5a8af' -> (Import Result ID: 'f3d39ad87e114f30c9ae1014a4a66e96') in 0.012 seconds [static and dynamic dependencies]. Details - ImportResultOutputID=f173ced9f1036a483046ad51954015fc DependenciesID=8e7e5b17beb05a61c62cb43a09bf60ce StaticDependenciesID=4be63e42f3e3fce04a139ed095dee00d 
Number of updated asset objects reloaded before import = 0
Number of asset objects unloaded after import = 0
========================================================================
Received Prepare
AcceleratorClientConnectionCallback - disconnected - :0
Unloading 22 Unused Serialized files (Serialized files now loaded: 0)
Unloading 6424 unused Assets / (5.5 MB). Loaded Objects now: 7403.
Memory consumption went from 349.7 MB to 344.2 MB.
Total: 14.336700 ms (FindLiveObjects: 1.660300 ms CreateObjectMapping: 2.907600 ms MarkObjects: 6.725700 ms  DeleteObjects: 3.041400 ms)

Prepare: number of updated asset objects reloaded= 0
========================================================================
Received Prepare
AcceleratorClientConnectionCallback - disconnected - :0
Refreshing native plugins compatible for Editor in 2.01 ms, found 4 plugins.
Unloading 22 Unused Serialized files (Serialized files now loaded: 0)
Unloading 6423 unused Assets / (5.4 MB). Loaded Objects now: 7402.
Memory consumption went from 352.3 MB to 346.9 MB.
Total: 20.365200 ms (FindLiveObjects: 1.117000 ms CreateObjectMapping: 3.116800 ms MarkObjects: 12.054500 ms  DeleteObjects: 4.075500 ms)

Prepare: number of updated asset objects reloaded= 0
========================================================================
Received Import Request.
  Time of request: 2026-08-09T10:58:08.0393578Z
  Time since last request: 32.1124906 seconds.
  importAddress: GUID: b90809d564cf84a4f9162b1a474ea6d5 - Path: Assets/Assets/Prototype 2/Scene/Tree game.unity - Importer: ScriptedImporter/UnityEditor.QuickSearchModule:UnityEditor.Search:ASIAI0B
Importing 'GUID: b90809d564cf84a4f9162b1a474ea6d5 - Path: Assets/Assets/Prototype 2/Scene/Tree game.unity - Importer: ScriptedImporter/UnityEditor.QuickSearchModule:UnityEditor.Search:ASIAI0B' with importer (ScriptedImporter : UnityEditor.QuickSearchModule:UnityEditor.Search:ASIAI0B)
Imported 'GUID: b90809d564cf84a4f9162b1a474ea6d5' -> (Import Result ID: '9a153b362978795206830a6496f6c4c3') in 0.009 seconds [static and dynamic dependencies]. Details - ImportResultOutputID=79890275845b1b87cb5e9e2e0b2489c6 DependenciesID=5dbb0651c9f1a92dc9b4d8018f3bb61b StaticDependenciesID=7979f2987d96d443febdf5b62c869ef3 
Number of updated asset objects reloaded before import = 0
Number of asset objects unloaded after import = 1
========================================================================
Received Prepare
AcceleratorClientConnectionCallback - disconnected - :0
Unloading 22 Unused Serialized files (Serialized files now loaded: 0)
Unloading 6424 unused Assets / (5.8 MB). Loaded Objects now: 7403.
Memory consumption went from 354.8 MB to 349.0 MB.
Total: 15.525800 ms (FindLiveObjects: 0.893700 ms CreateObjectMapping: 3.619800 ms MarkObjects: 6.684200 ms  DeleteObjects: 4.327000 ms)

Prepare: number of updated asset objects reloaded= 0
========================================================================
Received Import Request.
  Time of request: 2026-08-09T10:58:28.1298669Z
  Time since last request: 20.0689621 seconds.
  importAddress: GUID: 4dde0702baa17054abf2001fbfcb7fe0 - Path: Assets/Assets/Prototype 2/Scripts/Sun.cs - Importer: PreviewImporter
Importing 'GUID: 4dde0702baa17054abf2001fbfcb7fe0 - Path: Assets/Assets/Prototype 2/Scripts/Sun.cs - Importer: PreviewImporter' with importer (PreviewImporter)
Imported 'GUID: 4dde0702baa17054abf2001fbfcb7fe0' -> (Import Result ID: '29367315cfc7c3deb006fc239eba494a') in 0.003 seconds [static and dynamic dependencies]. Details - ImportResultOutputID=d10ea8c8e493db4514b47cf7f664cba2 DependenciesID=9926a9f30dab98c8374f8a2a75cf5b76 StaticDependenciesID=8da4a21786246d508da798a4048ce1ab 
Number of updated asset objects reloaded before import = 0
Number of asset objects unloaded after import = 0
========================================================================
Received Import Request.
  Time of request: 2026-08-09T10:58:28.6738611Z
  Time since last request: 0.5267691 seconds.
  importAddress: GUID: 4dde0702baa17054abf2001fbfcb7fe0 - Path: Assets/Assets/Prototype 2/Scripts/Sun.cs - Importer: ScriptedImporter/UnityEditor.QuickSearchModule:UnityEditor.Search:ASIAI0B
Importing 'GUID: 4dde0702baa17054abf2001fbfcb7fe0 - Path: Assets/Assets/Prototype 2/Scripts/Sun.cs - Importer: ScriptedImporter/UnityEditor.QuickSearchModule:UnityEditor.Search:ASIAI0B' with importer (ScriptedImporter : UnityEditor.QuickSearchModule:UnityEditor.Search:ASIAI0B)
Imported 'GUID: 4dde0702baa17054abf2001fbfcb7fe0' -> (Import Result ID: '059c8640a8f971261f5aa1bfb6643c8c') in 0.009 seconds [static and dynamic dependencies]. Details - ImportResultOutputID=ca945cb805292a12ccd4f6325b6b3f3e DependenciesID=d54d72d868b83d457cd4dcf291fc5337 StaticDependenciesID=f9563329e605b460b8234fe22bed8b7b 
Number of updated asset objects reloaded before import = 0
Number of asset objects unloaded after import = 0
========================================================================
Received Prepare
AcceleratorClientConnectionCallback - disconnected - :0
Unloading 22 Unused Serialized files (Serialized files now loaded: 0)
Unloading 6423 unused Assets / (5.8 MB). Loaded Objects now: 7402.
Memory consumption went from 349.7 MB to 344.0 MB.
Total: 16.734200 ms (FindLiveObjects: 0.872300 ms CreateObjectMapping: 3.218100 ms MarkObjects: 8.492300 ms  DeleteObjects: 4.149000 ms)

Prepare: number of updated asset objects reloaded= 0
========================================================================
Received Prepare
AcceleratorClientConnectionCallback - disconnected - :0
Refreshing native plugins compatible for Editor in 2.11 ms, found 4 plugins.
Unloading 22 Unused Serialized files (Serialized files now loaded: 0)
Unloading 6424 unused Assets / (5.7 MB). Loaded Objects now: 7403.
Memory consumption went from 352.3 MB to 346.6 MB.
Total: 15.385200 ms (FindLiveObjects: 1.294500 ms CreateObjectMapping: 2.770000 ms MarkObjects: 8.071800 ms  DeleteObjects: 3.247700 ms)

Prepare: number of updated asset objects reloaded= 0
========================================================================
Received Prepare
AcceleratorClientConnectionCallback - disconnected - :0
Refreshing native plugins compatible for Editor in 2.24 ms, found 4 plugins.
Unloading 22 Unused Serialized files (Serialized files now loaded: 0)
Unloading 6424 unused Assets / (5.6 MB). Loaded Objects now: 7403.
Memory consumption went from 354.8 MB to 349.3 MB.
Total: 12.649500 ms (FindLiveObjects: 1.295600 ms CreateObjectMapping: 2.681800 ms MarkObjects: 5.567100 ms  DeleteObjects: 3.104300 ms)

Prepare: number of updated asset objects reloaded= 0
========================================================================
Received Prepare
AcceleratorClientConnectionCallback - disconnected - :0
Refreshing native plugins compatible for Editor in 2.10 ms, found 4 plugins.
Unloading 22 Unused Serialized files (Serialized files now loaded: 0)
Unloading 6424 unused Assets / (6.2 MB). Loaded Objects now: 7403.
Memory consumption went from 357.4 MB to 351.2 MB.
Total: 23.891300 ms (FindLiveObjects: 1.211600 ms CreateObjectMapping: 4.533100 ms MarkObjects: 10.050300 ms  DeleteObjects: 8.094700 ms)

Prepare: number of updated asset objects reloaded= 0
========================================================================
Received Prepare
AcceleratorClientConnectionCallback - disconnected - :0
[Licensing::Client] Successfully resolved entitlement details
Begin MonoManager ReloadAssembly
Native extension for WindowsStandalone target not found
Native extension for WebGL target not found
[Package Manager] Failed to launch server process. Reason: Unity was launched with the -noUpm command-line argument
[Package Manager] Unable to send message (not connected to server process).
[Package Manager] Cannot connect to Unity Package Manager local server
[Package Manager] Failed to launch server process. Reason: Unity was launched with the -noUpm command-line argument
[Package Manager] Unable to send message (not connected to server process).
[Package Manager] Cannot connect to Unity Package Manager local server
ScheduleIndexationOnStartup MainProcess:False IndexOnStartup:True
Mono: successfully reloaded assembly
- Finished resetting the current domain, in  0.870 seconds
Domain Reload Profiling: 2190ms
	BeginReloadAssembly (360ms)
		DisableScriptedObjects (10ms)
		CreateAndSetChildDomain (85ms)
	RebuildCommonClasses (14ms)
	RebuildNativeTypeToScriptingClass (27ms)
	initialDomainReloadingComplete (109ms)
	LoadAllAssembliesAndSetupDomain (809ms)
		LoadAssemblies (512ms)
		AnalyzeDomain (299ms)
			TypeCache.Refresh (16ms)
			BuildScriptInfoCaches (271ms)
			ResolveRequiredComponents (9ms)
	FinalizeReload (871ms)
		SetupLoadedEditorAssemblies (0ms)
			InitializePlatformSupportModulesInManaged (3ms)
			BeforeProcessingInitializeOnLoad (122ms)
			ProcessInitializeOnLoadAttributes (339ms)
			ProcessInitializeOnLoadMethodAttributes (143ms)
			AfterProcessingInitializeOnLoad (8ms)
		AwakeInstancesAfterBackupRestoration (22ms)
Refreshing native plugins compatible for Editor in 2.68 ms, found 4 plugins.
Unloading 22 Unused Serialized files (Serialized files now loaded: 0)
Unloading 6435 unused Assets / (6.1 MB). Loaded Objects now: 7406.
Memory consumption went from 360.7 MB to 354.6 MB.
Total: 13.474500 ms (FindLiveObjects: 1.141400 ms CreateObjectMapping: 2.640500 ms MarkObjects: 5.452700 ms  DeleteObjects: 4.238700 ms)

Prepare: number of updated asset objects reloaded= 0
========================================================================
Received Prepare
AcceleratorClientConnectionCallback - disconnected - :0
Refreshing native plugins compatible for Editor in 2.59 ms, found 4 plugins.
Unloading 22 Unused Serialized files (Serialized files now loaded: 0)
Unloading 6424 unused Assets / (6.4 MB). Loaded Objects now: 7406.
Memory consumption went from 363.4 MB to 357.0 MB.
Total: 18.889800 ms (FindLiveObjects: 1.022800 ms CreateObjectMapping: 3.560600 ms MarkObjects: 10.075600 ms  DeleteObjects: 4.229500 ms)

Prepare: number of updated asset objects reloaded= 0
========================================================================
Received Prepare
AcceleratorClientConnectionCallback - disconnected - :0
Refreshing native plugins compatible for Editor in 2.09 ms, found 4 plugins.
Unloading 22 Unused Serialized files (Serialized files now loaded: 0)
Unloading 6424 unused Assets / (6.3 MB). Loaded Objects now: 7406.
Memory consumption went from 366.0 MB to 359.7 MB.
Total: 22.655500 ms (FindLiveObjects: 1.116100 ms CreateObjectMapping: 2.971200 ms MarkObjects: 11.628700 ms  DeleteObjects: 6.937500 ms)

Prepare: number of updated asset objects reloaded= 0
========================================================================
Received Prepare
AcceleratorClientConnectionCallback - disconnected - :0
[Licensing::Client] Successfully resolved entitlement details
Begin MonoManager ReloadAssembly
Refreshing native plugins compatible for Editor in 2.01 ms, found 4 plugins.
Native extension for WindowsStandalone target not found
Native extension for WebGL target not found
[Package Manager] Failed to launch server process. Reason: Unity was launched with the -noUpm command-line argument
[Package Manager] Unable to send message (not connected to server process).
[Package Manager] Cannot connect to Unity Package Manager local server
[Package Manager] Failed to launch server process. Reason: Unity was launched with the -noUpm command-line argument
[Package Manager] Unable to send message (not connected to server process).
[Package Manager] Cannot connect to Unity Package Manager local server
ScheduleIndexationOnStartup MainProcess:False IndexOnStartup:True
Mono: successfully reloaded assembly
- Finished resetting the current domain, in  0.817 seconds
Domain Reload Profiling: 1994ms
	BeginReloadAssembly (288ms)
		DisableScriptedObjects (9ms)
		CreateAndSetChildDomain (70ms)
	RebuildCommonClasses (11ms)
	RebuildNativeTypeToScriptingClass (22ms)
	initialDomainReloadingComplete (92ms)
	LoadAllAssembliesAndSetupDomain (763ms)
		LoadAssemblies (455ms)
		AnalyzeDomain (290ms)
			TypeCache.Refresh (16ms)
			BuildScriptInfoCaches (264ms)
			ResolveRequiredComponents (9ms)
	FinalizeReload (818ms)
		SetupLoadedEditorAssemblies (0ms)
			InitializePlatformSupportModulesInManaged (3ms)
			BeforeProcessingInitializeOnLoad (110ms)
			ProcessInitializeOnLoadAttributes (308ms)
			ProcessInitializeOnLoadMethodAttributes (131ms)
			AfterProcessingInitializeOnLoad (8ms)
		AwakeInstancesAfterBackupRestoration (23ms)
Refreshing native plugins compatible for Editor in 2.08 ms, found 4 plugins.
Unloading 22 Unused Serialized files (Serialized files now loaded: 0)
Unloading 6435 unused Assets / (5.8 MB). Loaded Objects now: 7409.
Memory consumption went from 369.6 MB to 363.9 MB.
Total: 12.741700 ms (FindLiveObjects: 1.125500 ms CreateObjectMapping: 2.420600 ms MarkObjects: 5.209000 ms  DeleteObjects: 3.984900 ms)

Prepare: number of updated asset objects reloaded= 0
========================================================================
Received Prepare
AcceleratorClientConnectionCallback - disconnected - :0
Begin MonoManager ReloadAssembly
Refreshing native plugins compatible for Editor in 2.12 ms, found 4 plugins.
Native extension for WindowsStandalone target not found
Native extension for WebGL target not found
[Package Manager] Failed to launch server process. Reason: Unity was launched with the -noUpm command-line argument
[Package Manager] Unable to send message (not connected to server process).
[Package Manager] Cannot connect to Unity Package Manager local server
[Package Manager] Failed to launch server process. Reason: Unity was launched with the -noUpm command-line argument
[Package Manager] Unable to send message (not connected to server process).
[Package Manager] Cannot connect to Unity Package Manager local server
ScheduleIndexationOnStartup MainProcess:False IndexOnStartup:True
Mono: successfully reloaded assembly
- Finished resetting the current domain, in  0.983 seconds
Domain Reload Profiling: 1883ms
	BeginReloadAssembly (284ms)
		DisableScriptedObjects (8ms)
		CreateAndSetChildDomain (60ms)
	RebuildCommonClasses (15ms)
	RebuildNativeTypeToScriptingClass (28ms)
	initialDomainReloadingComplete (96ms)
	LoadAllAssembliesAndSetupDomain (475ms)
		LoadAssemblies (450ms)
		AnalyzeDomain (31ms)
			TypeCache.Refresh (15ms)
			ResolveRequiredComponents (11ms)
	FinalizeReload (985ms)
		SetupLoadedEditorAssemblies (0ms)
			InitializePlatformSupportModulesInManaged (4ms)
			BeforeProcessingInitializeOnLoad (126ms)
			ProcessInitializeOnLoadAttributes (363ms)
			ProcessInitializeOnLoadMethodAttributes (175ms)
			AfterProcessingInitializeOnLoad (10ms)
		AwakeInstancesAfterBackupRestoration (30ms)
Refreshing native plugins compatible for Editor in 3.02 ms, found 4 plugins.
Unloading 22 Unused Serialized files (Serialized files now loaded: 0)
Unloading 6435 unused Assets / (6.2 MB). Loaded Objects now: 7412.
Memory consumption went from 372.3 MB to 366.1 MB.
Total: 17.675500 ms (FindLiveObjects: 1.610200 ms CreateObjectMapping: 3.348600 ms MarkObjects: 6.795100 ms  DeleteObjects: 5.920300 ms)

Prepare: number of updated asset objects reloaded= 0
========================================================================
Received Prepare
AcceleratorClientConnectionCallback - disconnected - :0
Refreshing native plugins compatible for Editor in 2.01 ms, found 4 plugins.
Unloading 22 Unused Serialized files (Serialized files now loaded: 0)
Unloading 6424 unused Assets / (6.0 MB). Loaded Objects now: 7412.
Memory consumption went from 375.0 MB to 369.1 MB.
Total: 16.895700 ms (FindLiveObjects: 1.278700 ms CreateObjectMapping: 3.230000 ms MarkObjects: 7.867200 ms  DeleteObjects: 4.518000 ms)

Prepare: number of updated asset objects reloaded= 0
========================================================================
Received Prepare
AcceleratorClientConnectionCallback - disconnected - :0
[Licensing::Client] Successfully resolved entitlement details
Begin MonoManager ReloadAssembly
Native extension for WindowsStandalone target not found
Native extension for WebGL target not found
[Package Manager] Failed to launch server process. Reason: Unity was launched with the -noUpm command-line argument
[Package Manager] Unable to send message (not connected to server process).
[Package Manager] Cannot connect to Unity Package Manager local server
[Package Manager] Failed to launch server process. Reason: Unity was launched with the -noUpm command-line argument
[Package Manager] Unable to send message (not connected to server process).
[Package Manager] Cannot connect to Unity Package Manager local server
ScheduleIndexationOnStartup MainProcess:False IndexOnStartup:True
Mono: successfully reloaded assembly
- Finished resetting the current domain, in  1.060 seconds
Domain Reload Profiling: 2267ms
	BeginReloadAssembly (303ms)
		DisableScriptedObjects (8ms)
		CreateAndSetChildDomain (58ms)
	RebuildCommonClasses (12ms)
	RebuildNativeTypeToScriptingClass (23ms)
	initialDomainReloadingComplete (97ms)
	LoadAllAssembliesAndSetupDomain (770ms)
		LoadAssemblies (494ms)
		AnalyzeDomain (296ms)
			TypeCache.Refresh (20ms)
			BuildScriptInfoCaches (265ms)
			ResolveRequiredComponents (9ms)
	FinalizeReload (1061ms)
		SetupLoadedEditorAssemblies (0ms)
			InitializePlatformSupportModulesInManaged (3ms)
			BeforeProcessingInitializeOnLoad (125ms)
			ProcessInitializeOnLoadAttributes (389ms)
			ProcessInitializeOnLoadMethodAttributes (216ms)
			AfterProcessingInitializeOnLoad (8ms)
		AwakeInstancesAfterBackupRestoration (27ms)
Unloading 22 Unused Serialized files (Serialized files now loaded: 0)
Unloading 6435 unused Assets / (6.0 MB). Loaded Objects now: 7415.
Memory consumption went from 379.0 MB to 373.1 MB.
Total: 12.757400 ms (FindLiveObjects: 0.911700 ms CreateObjectMapping: 2.314900 ms MarkObjects: 5.998600 ms  DeleteObjects: 3.530800 ms)

Prepare: number of updated asset objects reloaded= 0
========================================================================
Received Prepare
AcceleratorClientConnectionCallback - disconnected - :0
Refreshing native plugins compatible for Editor in 2.28 ms, found 4 plugins.
Unloading 22 Unused Serialized files (Serialized files now loaded: 0)
Unloading 6424 unused Assets / (6.1 MB). Loaded Objects now: 7415.
Memory consumption went from 381.7 MB to 375.6 MB.
Total: 16.328200 ms (FindLiveObjects: 1.364700 ms CreateObjectMapping: 3.011300 ms MarkObjects: 7.580100 ms  DeleteObjects: 4.370700 ms)

Prepare: number of updated asset objects reloaded= 0
========================================================================
Received Prepare
AcceleratorClientConnectionCallback - disconnected - :0
Begin MonoManager ReloadAssembly
Native extension for WindowsStandalone target not found
Native extension for WebGL target not found
[Package Manager] Failed to launch server process. Reason: Unity was launched with the -noUpm command-line argument
[Package Manager] Unable to send message (not connected to server process).
[Package Manager] Cannot connect to Unity Package Manager local server
[Package Manager] Failed to launch server process. Reason: Unity was launched with the -noUpm command-line argument
[Package Manager] Unable to send message (not connected to server process).
[Package Manager] Cannot connect to Unity Package Manager local server
ScheduleIndexationOnStartup MainProcess:False IndexOnStartup:True
Mono: successfully reloaded assembly
- Finished resetting the current domain, in  0.945 seconds
Domain Reload Profiling: 2160ms
	BeginReloadAssembly (293ms)
		DisableScriptedObjects (8ms)
		CreateAndSetChildDomain (63ms)
	RebuildCommonClasses (14ms)
	RebuildNativeTypeToScriptingClass (24ms)
	initialDomainReloadingComplete (92ms)
	LoadAllAssembliesAndSetupDomain (792ms)
		LoadAssemblies (485ms)
		AnalyzeDomain (299ms)
			TypeCache.Refresh (17ms)
			BuildScriptInfoCaches (271ms)
			ResolveRequiredComponents (9ms)
	FinalizeReload (946ms)
		SetupLoadedEditorAssemblies (0ms)
			BeforeProcessingInitializeOnLoad (123ms)
			ProcessInitializeOnLoadAttributes (345ms)
			ProcessInitializeOnLoadMethodAttributes (181ms)
			AfterProcessingInitializeOnLoad (12ms)
		AwakeInstancesAfterBackupRestoration (33ms)
Refreshing native plugins compatible for Editor in 2.78 ms, found 4 plugins.
Unloading 22 Unused Serialized files (Serialized files now loaded: 0)
Unloading 6435 unused Assets / (5.9 MB). Loaded Objects now: 7418.
Memory consumption went from 385.5 MB to 379.7 MB.
Total: 12.555900 ms (FindLiveObjects: 0.984400 ms CreateObjectMapping: 2.427700 ms MarkObjects: 5.066000 ms  DeleteObjects: 4.076600 ms)

Prepare: number of updated asset objects reloaded= 0
========================================================================
Received Prepare
AcceleratorClientConnectionCallback - disconnected - :0
Unloading 22 Unused Serialized files (Serialized files now loaded: 0)
Unloading 6424 unused Assets / (5.8 MB). Loaded Objects now: 7418.
Memory consumption went from 388.2 MB to 382.4 MB.
Total: 14.360000 ms (FindLiveObjects: 0.933200 ms CreateObjectMapping: 3.313700 ms MarkObjects: 6.021800 ms  DeleteObjects: 4.090300 ms)

Prepare: number of updated asset objects reloaded= 0
========================================================================
Received Prepare
AcceleratorClientConnectionCallback - disconnected - :0
Begin MonoManager ReloadAssembly
Native extension for WindowsStandalone target not found
Native extension for WebGL target not found
[Package Manager] Failed to launch server process. Reason: Unity was launched with the -noUpm command-line argument
[Package Manager] Unable to send message (not connected to server process).
[Package Manager] Cannot connect to Unity Package Manager local server
[Package Manager] Failed to launch server process. Reason: Unity was launched with the -noUpm command-line argument
[Package Manager] Unable to send message (not connected to server process).
[Package Manager] Cannot connect to Unity Package Manager local server
ScheduleIndexationOnStartup MainProcess:False IndexOnStartup:True
Mono: successfully reloaded assembly
- Finished resetting the current domain, in  0.843 seconds
Domain Reload Profiling: 2153ms
	BeginReloadAssembly (313ms)
		DisableScriptedObjects (12ms)
		CreateAndSetChildDomain (64ms)
	RebuildCommonClasses (13ms)
	RebuildNativeTypeToScriptingClass (59ms)
	initialDomainReloadingComplete (116ms)
	LoadAllAssembliesAndSetupDomain (807ms)
		LoadAssemblies (508ms)
		AnalyzeDomain (307ms)
			TypeCache.Refresh (30ms)
			BuildScriptInfoCaches (266ms)
			ResolveRequiredComponents (9ms)
	FinalizeReload (844ms)
		SetupLoadedEditorAssemblies (0ms)
			InitializePlatformSupportModulesInManaged (3ms)
			BeforeProcessingInitializeOnLoad (118ms)
			ProcessInitializeOnLoadAttributes (318ms)
			ProcessInitializeOnLoadMethodAttributes (134ms)
			AfterProcessingInitializeOnLoad (8ms)
		AwakeInstancesAfterBackupRestoration (22ms)
Refreshing native plugins compatible for Editor in 2.03 ms, found 4 plugins.
Unloading 22 Unused Serialized files (Serialized files now loaded: 0)
Unloading 6435 unused Assets / (6.0 MB). Loaded Objects now: 7421.
Memory consumption went from 391.1 MB to 385.1 MB.
Total: 13.057600 ms (FindLiveObjects: 0.939500 ms CreateObjectMapping: 2.395200 ms MarkObjects: 5.484300 ms  DeleteObjects: 4.237900 ms)

Prepare: number of updated asset objects reloaded= 0
========================================================================
Received Prepare
AcceleratorClientConnectionCallback - disconnected - :0
Refreshing native plugins compatible for Editor in 2.09 ms, found 4 plugins.
Unloading 22 Unused Serialized files (Serialized files now loaded: 0)
Unloading 22 unused Assets / (2.6 MB). Loaded Objects now: 7421.
Memory consumption went from 389.1 MB to 386.5 MB.
Total: 13.558200 ms (FindLiveObjects: 0.608600 ms CreateObjectMapping: 1.544700 ms MarkObjects: 10.750800 ms  DeleteObjects: 0.652000 ms)

Prepare: number of updated asset objects reloaded= 0
========================================================================
Received Prepare
AcceleratorClientConnectionCallback - disconnected - :0
Refreshing native plugins compatible for Editor in 2.39 ms, found 4 plugins.
Unloading 22 Unused Serialized files (Serialized files now loaded: 0)
Unloading 6424 unused Assets / (5.7 MB). Loaded Objects now: 7421.
Memory consumption went from 396.4 MB to 390.7 MB.
Total: 12.850800 ms (FindLiveObjects: 1.093100 ms CreateObjectMapping: 2.411400 ms MarkObjects: 5.668000 ms  DeleteObjects: 3.677500 ms)

Prepare: number of updated asset objects reloaded= 0
========================================================================
Received Prepare
AcceleratorClientConnectionCallback - disconnected - :0
[Licensing::Client] Successfully resolved entitlement details
Begin MonoManager ReloadAssembly
Native extension for WindowsStandalone target not found
Native extension for WebGL target not found
[Package Manager] Failed to launch server process. Reason: Unity was launched with the -noUpm command-line argument
[Package Manager] Unable to send message (not connected to server process).
[Package Manager] Cannot connect to Unity Package Manager local server
[Package Manager] Failed to launch server process. Reason: Unity was launched with the -noUpm command-line argument
[Package Manager] Unable to send message (not connected to server process).
[Package Manager] Cannot connect to Unity Package Manager local server
ScheduleIndexationOnStartup MainProcess:False IndexOnStartup:True
Mono: successfully reloaded assembly
- Finished resetting the current domain, in  1.028 seconds
Domain Reload Profiling: 2459ms
	BeginReloadAssembly (403ms)
		DisableScriptedObjects (14ms)
		CreateAndSetChildDomain (128ms)
	RebuildCommonClasses (12ms)
	RebuildNativeTypeToScriptingClass (23ms)
	initialDomainReloadingComplete (101ms)
	LoadAllAssembliesAndSetupDomain (892ms)
		LoadAssemblies (537ms)
		AnalyzeDomain (366ms)
			TypeCache.Refresh (16ms)
			BuildScriptInfoCaches (336ms)
			ResolveRequiredComponents (11ms)
	FinalizeReload (1029ms)
		SetupLoadedEditorAssemblies (0ms)
			InitializePlatformSupportModulesInManaged (3ms)
			BeforeProcessingInitializeOnLoad (138ms)
			ProcessInitializeOnLoadAttributes (400ms)
			ProcessInitializeOnLoadMethodAttributes (152ms)
			AfterProcessingInitializeOnLoad (8ms)
		AwakeInstancesAfterBackupRestoration (26ms)
Refreshing native plugins compatible for Editor in 3.38 ms, found 4 plugins.
Unloading 22 Unused Serialized files (Serialized files now loaded: 0)
Unloading 6435 unused Assets / (6.0 MB). Loaded Objects now: 7424.
Memory consumption went from 399.4 MB to 393.5 MB.
Total: 18.673900 ms (FindLiveObjects: 1.661700 ms CreateObjectMapping: 5.006000 ms MarkObjects: 6.701900 ms  DeleteObjects: 5.302100 ms)

Prepare: number of updated asset objects reloaded= 0
========================================================================
Received Prepare
AcceleratorClientConnectionCallback - disconnected - :0
Refreshing native plugins compatible for Editor in 3.81 ms, found 4 plugins.
Unloading 22 Unused Serialized files (Serialized files now loaded: 0)
Unloading 6424 unused Assets / (6.1 MB). Loaded Objects now: 7424.
Memory consumption went from 402.2 MB to 396.1 MB.
Total: 17.657300 ms (FindLiveObjects: 1.567500 ms CreateObjectMapping: 4.397500 ms MarkObjects: 6.420400 ms  DeleteObjects: 5.270700 ms)

Prepare: number of updated asset objects reloaded= 0
========================================================================
Received Prepare
AcceleratorClientConnectionCallback - disconnected - :0
Begin MonoManager ReloadAssembly
Native extension for WindowsStandalone target not found
Native extension for WebGL target not found
[Package Manager] Failed to launch server process. Reason: Unity was launched with the -noUpm command-line argument
[Package Manager] Unable to send message (not connected to server process).
[Package Manager] Cannot connect to Unity Package Manager local server
[Package Manager] Failed to launch server process. Reason: Unity was launched with the -noUpm command-line argument
[Package Manager] Unable to send message (not connected to server process).
[Package Manager] Cannot connect to Unity Package Manager local server
ScheduleIndexationOnStartup MainProcess:False IndexOnStartup:True
Mono: successfully reloaded assembly
- Finished resetting the current domain, in  0.855 seconds
Domain Reload Profiling: 2074ms
	BeginReloadAssembly (315ms)
		DisableScriptedObjects (8ms)
		CreateAndSetChildDomain (73ms)
	RebuildCommonClasses (12ms)
	RebuildNativeTypeToScriptingClass (21ms)
	initialDomainReloadingComplete (85ms)
	LoadAllAssembliesAndSetupDomain (785ms)
		LoadAssemblies (445ms)
		AnalyzeDomain (353ms)
			TypeCache.Refresh (15ms)
			BuildScriptInfoCaches (326ms)
			ResolveRequiredComponents (9ms)
	FinalizeReload (856ms)
		SetupLoadedEditorAssemblies (0ms)
			InitializePlatformSupportModulesInManaged (4ms)
			BeforeProcessingInitializeOnLoad (110ms)
			ProcessInitializeOnLoadAttributes (328ms)
			ProcessInitializeOnLoadMethodAttributes (135ms)
			AfterProcessingInitializeOnLoad (8ms)
		AwakeInstancesAfterBackupRestoration (22ms)
Unloading 22 Unused Serialized files (Serialized files now loaded: 0)
Unloading 6435 unused Assets / (5.7 MB). Loaded Objects now: 7427.
Memory consumption went from 405.7 MB to 400.0 MB.
Total: 12.232400 ms (FindLiveObjects: 1.103800 ms CreateObjectMapping: 2.465300 ms MarkObjects: 5.368600 ms  DeleteObjects: 3.294000 ms)

Prepare: number of updated asset objects reloaded= 0
========================================================================
Received Prepare
AcceleratorClientConnectionCallback - disconnected - :0
Unloading 22 Unused Serialized files (Serialized files now loaded: 0)
Unloading 6424 unused Assets / (5.6 MB). Loaded Objects now: 7427.
Memory consumption went from 408.5 MB to 402.9 MB.
Total: 12.357300 ms (FindLiveObjects: 0.958100 ms CreateObjectMapping: 2.685700 ms MarkObjects: 5.780200 ms  DeleteObjects: 2.932200 ms)

Prepare: number of updated asset objects reloaded= 0
========================================================================
Received Prepare
AcceleratorClientConnectionCallback - disconnected - :0
Begin MonoManager ReloadAssembly
Native extension for WindowsStandalone target not found
Native extension for WebGL target not found
[Package Manager] Failed to launch server process. Reason: Unity was launched with the -noUpm command-line argument
[Package Manager] Unable to send message (not connected to server process).
[Package Manager] Cannot connect to Unity Package Manager local server
[Package Manager] Failed to launch server process. Reason: Unity was launched with the -noUpm command-line argument
[Package Manager] Unable to send message (not connected to server process).
[Package Manager] Cannot connect to Unity Package Manager local server
ScheduleIndexationOnStartup MainProcess:False IndexOnStartup:True
Mono: successfully reloaded assembly
- Finished resetting the current domain, in  0.925 seconds
Domain Reload Profiling: 2148ms
	BeginReloadAssembly (304ms)
		DisableScriptedObjects (9ms)
		CreateAndSetChildDomain (61ms)
	RebuildCommonClasses (30ms)
	RebuildNativeTypeToScriptingClass (33ms)
	initialDomainReloadingComplete (97ms)
	LoadAllAssembliesAndSetupDomain (759ms)
		LoadAssemblies (468ms)
		AnalyzeDomain (294ms)
			TypeCache.Refresh (15ms)
			BuildScriptInfoCaches (265ms)
			ResolveRequiredComponents (11ms)
	FinalizeReload (926ms)
		SetupLoadedEditorAssemblies (0ms)
			InitializePlatformSupportModulesInManaged (3ms)
			BeforeProcessingInitializeOnLoad (115ms)
			ProcessInitializeOnLoadAttributes (341ms)
			ProcessInitializeOnLoadMethodAttributes (145ms)
			AfterProcessingInitializeOnLoad (8ms)
		AwakeInstancesAfterBackupRestoration (28ms)
Unloading 22 Unused Serialized files (Serialized files now loaded: 0)
Unloading 6435 unused Assets / (5.6 MB). Loaded Objects now: 7430.
Memory consumption went from 411.5 MB to 405.9 MB.
Total: 12.761600 ms (FindLiveObjects: 1.354900 ms CreateObjectMapping: 3.197200 ms MarkObjects: 5.365000 ms  DeleteObjects: 2.843100 ms)

Prepare: number of updated asset objects reloaded= 0
========================================================================
Received Prepare
AcceleratorClientConnectionCallback - disconnected - :0
Begin MonoManager ReloadAssembly
Native extension for WindowsStandalone target not found
Native extension for WebGL target not found
[Package Manager] Failed to launch server process. Reason: Unity was launched with the -noUpm command-line argument
[Package Manager] Unable to send message (not connected to server process).
[Package Manager] Cannot connect to Unity Package Manager local server
[Package Manager] Failed to launch server process. Reason: Unity was launched with the -noUpm command-line argument
[Package Manager] Unable to send message (not connected to server process).
[Package Manager] Cannot connect to Unity Package Manager local server
ScheduleIndexationOnStartup MainProcess:False IndexOnStartup:True
Mono: successfully reloaded assembly
- Finished resetting the current domain, in  0.971 seconds
Domain Reload Profiling: 1925ms
	BeginReloadAssembly (361ms)
		DisableScriptedObjects (8ms)
		CreateAndSetChildDomain (116ms)
	RebuildCommonClasses (11ms)
	RebuildNativeTypeToScriptingClass (21ms)
	initialDomainReloadingComplete (85ms)
	LoadAllAssembliesAndSetupDomain (473ms)
		LoadAssemblies (467ms)
		AnalyzeDomain (28ms)
			TypeCache.Refresh (11ms)
			ResolveRequiredComponents (11ms)
	FinalizeReload (973ms)
		SetupLoadedEditorAssemblies (0ms)
			InitializePlatformSupportModulesInManaged (3ms)
			BeforeProcessingInitializeOnLoad (116ms)
			ProcessInitializeOnLoadAttributes (359ms)
			ProcessInitializeOnLoadMethodAttributes (195ms)
			AfterProcessingInitializeOnLoad (11ms)
		AwakeInstancesAfterBackupRestoration (31ms)
Refreshing native plugins compatible for Editor in 2.86 ms, found 4 plugins.
Unloading 22 Unused Serialized files (Serialized files now loaded: 0)
Unloading 6435 unused Assets / (6.5 MB). Loaded Objects now: 7433.
Memory consumption went from 414.1 MB to 407.6 MB.
Total: 19.032100 ms (FindLiveObjects: 1.231900 ms CreateObjectMapping: 3.825000 ms MarkObjects: 7.533400 ms  DeleteObjects: 6.440600 ms)

Prepare: number of updated asset objects reloaded= 0
========================================================================
Received Prepare
AcceleratorClientConnectionCallback - disconnected - :0
Unloading 22 Unused Serialized files (Serialized files now loaded: 0)
Unloading 22 unused Assets / (2.6 MB). Loaded Objects now: 7433.
Memory consumption went from 412.1 MB to 409.5 MB.
Total: 12.258200 ms (FindLiveObjects: 0.487400 ms CreateObjectMapping: 1.023400 ms MarkObjects: 10.160500 ms  DeleteObjects: 0.585900 ms)

Prepare: number of updated asset objects reloaded= 0
========================================================================
Received Import Request.
  Time of request: 2026-08-09T11:10:23.8247556Z
  Time since last request: 715.12998089999996 seconds.
  importAddress: GUID: 1302fc884673d6542a12f00da88c0cd2 - Path: Assets/Assets/Prototype 3 - Importer: PreviewImporter
Importing 'GUID: 1302fc884673d6542a12f00da88c0cd2 - Path: Assets/Assets/Prototype 3 - Importer: PreviewImporter' with importer (PreviewImporter)
Imported 'GUID: 1302fc884673d6542a12f00da88c0cd2' -> (Import Result ID: '48a5208a7d0b2f35569a6bbabec6932c') in 0.001 seconds [static and dynamic dependencies]. Details - ImportResultOutputID=94ecce4931cd018c471cd45ddf4b292c DependenciesID=384ce3ff9b912ef905005a24a6057da6 StaticDependenciesID=920140f37e56293cd46aa7b8b63ccf47 
Number of updated asset objects reloaded before import = 0
Number of asset objects unloaded after import = 0
========================================================================
Received Import Request.
  Time of request: 2026-08-09T11:10:27.6473612Z
  Time since last request: 3.808294 seconds.
  importAddress: GUID: 082bb58de12a0d24197a2a668920518b - Path: Assets/Assets/Prototype 2/Prefabs/Sunlight.prefab - Importer: ScriptedImporter/UnityEditor.QuickSearchModule:UnityEditor.Search:ASIAI0B
Importing 'GUID: 082bb58de12a0d24197a2a668920518b - Path: Assets/Assets/Prototype 2/Prefabs/Sunlight.prefab - Importer: ScriptedImporter/UnityEditor.QuickSearchModule:UnityEditor.Search:ASIAI0B' with importer (ScriptedImporter : UnityEditor.QuickSearchModule:UnityEditor.Search:ASIAI0B)
Imported 'GUID: 082bb58de12a0d24197a2a668920518b' -> (Import Result ID: 'd87b8fc5a93f636763fbd44eae54f3f3') in 0.235 seconds [static and dynamic dependencies]. Details - ImportResultOutputID=ed9e4f54c1b018071964a5fecab91c6d DependenciesID=ddfbdfb5f7b768bf693ceb84d96bab6c StaticDependenciesID=d3c5e0a7700dac3f61c2e256c9aee259 
Number of updated asset objects reloaded before import = 0
Number of asset objects unloaded after import = 8
========================================================================
Received Import Request.
  Time of request: 2026-08-09T11:10:30.1190866Z
  Time since last request: 2.2233019 seconds.
  importAddress: GUID: c2aae324e12e01b42985a95b1afba1ed - Path: Assets/Assets/Prototype 3/Scene - Importer: PreviewImporter
Importing 'GUID: c2aae324e12e01b42985a95b1afba1ed - Path: Assets/Assets/Prototype 3/Scene - Importer: PreviewImporter' with importer (PreviewImporter)
Imported 'GUID: c2aae324e12e01b42985a95b1afba1ed' -> (Import Result ID: '2a7a17903d8124f73aed05d07f4bbb48') in 0.001 seconds [static and dynamic dependencies]. Details - ImportResultOutputID=b69ff1da74887e7814ede0a69c1465d5 DependenciesID=24c00a0b7dd791a886d89704eeb7e867 StaticDependenciesID=dabd9afbb6d3ce88fe51abd67b196611 
Number of updated asset objects reloaded before import = 0
Number of asset objects unloaded after import = 0
========================================================================
Received Import Request.
  Time of request: 2026-08-09T11:10:31.0833319Z
  Time since last request: 0.9502463 seconds.
  importAddress: GUID: c2aae324e12e01b42985a95b1afba1ed - Path: Assets/Assets/Prototype 3/Scene - Importer: ScriptedImporter/UnityEditor.QuickSearchModule:UnityEditor.Search:ASIAI0B
Importing 'GUID: c2aae324e12e01b42985a95b1afba1ed - Path: Assets/Assets/Prototype 3/Scene - Importer: ScriptedImporter/UnityEditor.QuickSearchModule:UnityEditor.Search:ASIAI0B' with importer (ScriptedImporter : UnityEditor.QuickSearchModule:UnityEditor.Search:ASIAI0B)
Imported 'GUID: c2aae324e12e01b42985a95b1afba1ed' -> (Import Result ID: '4737b8c91d6fc18ababd9307f396f5b0') in 0.009 seconds [static and dynamic dependencies]. Details - ImportResultOutputID=133ced493f019e35c1042187d1039b9d DependenciesID=041b3c3f4d50621938ab83956d36a888 StaticDependenciesID=9b24a83809b08ad59dc6376f9095cc7d 
Number of updated asset objects reloaded before import = 0
Number of asset objects unloaded after import = 1
========================================================================
Received Import Request.
  Time of request: 2026-08-09T11:10:44.188232Z
  Time since last request: 13.0794219 seconds.
  importAddress: GUID: a7c3a74a36fe6d143aa9fb286f231733 - Path: Assets/Assets/Prototype 3/Scene/New SceneTemplate.scenetemplate - Importer: PreviewImporter
Importing 'GUID: a7c3a74a36fe6d143aa9fb286f231733 - Path: Assets/Assets/Prototype 3/Scene/New SceneTemplate.scenetemplate - Importer: PreviewImporter' with importer (PreviewImporter)
Imported 'GUID: a7c3a74a36fe6d143aa9fb286f231733' -> (Import Result ID: '00753a4b308268d7fdc84007ba0f9463') in 0.020 seconds [static and dynamic dependencies]. Details - ImportResultOutputID=5563f5a5ba7d5920a079f4bdbce6d5ea DependenciesID=fb834dea22c823cae565e041eb300dfd StaticDependenciesID=9629a610a2990248e28aa043c769f981 
Number of updated asset objects reloaded before import = 0
Number of asset objects unloaded after import = 1
========================================================================
Received Import Request.
  Time of request: 2026-08-09T11:10:58.479558Z
  Time since last request: 14.2571121 seconds.
  importAddress: GUID: db0cf9da036e36f489fd85fee2203dfa - Path: Assets/Assets/Prototype 3/Scene/TimeGame.unity - Importer: PreviewImporter
Importing 'GUID: db0cf9da036e36f489fd85fee2203dfa - Path: Assets/Assets/Prototype 3/Scene/TimeGame.unity - Importer: PreviewImporter' with importer (PreviewImporter)
Imported 'GUID: db0cf9da036e36f489fd85fee2203dfa' -> (Import Result ID: 'c4c79e281081baf037c82a107f72e84b') in 0.001 seconds [static and dynamic dependencies]. Details - ImportResultOutputID=2507a25d075afd6756b24f94ec8c07ea DependenciesID=83fc4e73ce2c8517d4cffd3fee86d2cf StaticDependenciesID=53c9f3d67c2047cad6685fa36ed3744e 
Number of updated asset objects reloaded before import = 0
Number of asset objects unloaded after import = 0
========================================================================
Received Import Request.
  Time of request: 2026-08-09T11:10:59.4486822Z
  Time since last request: 0.9558728 seconds.
  importAddress: GUID: db0cf9da036e36f489fd85fee2203dfa - Path: Assets/Assets/Prototype 3/Scene/TimeGame.unity - Importer: ScriptedImporter/UnityEditor.QuickSearchModule:UnityEditor.Search:ASIAI0B
Importing 'GUID: db0cf9da036e36f489fd85fee2203dfa - Path: Assets/Assets/Prototype 3/Scene/TimeGame.unity - Importer: ScriptedImporter/UnityEditor.QuickSearchModule:UnityEditor.Search:ASIAI0B' with importer (ScriptedImporter : UnityEditor.QuickSearchModule:UnityEditor.Search:ASIAI0B)
Imported 'GUID: db0cf9da036e36f489fd85fee2203dfa' -> (Import Result ID: '6d22d788100fb5d95e80592f6e31a4b9') in 0.006 seconds [static and dynamic dependencies]. Details - ImportResultOutputID=96824c14b360a0557926c617b1d9ec44 DependenciesID=5781487633e80990879f2a983a5c7d82 StaticDependenciesID=e5411c38bc934569c44b66e1c706f864 
Number of updated asset objects reloaded before import = 0
Number of asset objects unloaded after import = 1
Editor requested this worker to shutdown with reason: Editor is closing down
AcceleratorClientConnectionCallback - disconnected - :0
AssetImportWorker is now disconnected from the server
Process exiting
Exiting without the bug reporter. Application will terminate with return code 0