[Licensing::Module] Trying to connect to existing licensing client channel...
Built from '6000.5/staging' branch; Version is '6000.5.0f1 (88b47c5e7076) revision 8959100'; Using compiler version '194234433'; Build Type 'Release'
OS: 'Windows 11  (10.0.26220) Core' Language: 'en' Physical Memory: 16299 MB
BatchMode: 1, IsHumanControllingUs: 0, StartBugReporterOnCrash: 0, Is64bit: 1
System  architecture: x64
Process architecture: x64
Date: 2026-06-21T06:23:32Z
[Licensing::IpcConnector] Successfully connected to: "LicenseClient-tyler" at "2026-06-21T06:23:32.9476142Z"

COMMAND LINE ARGUMENTS:
C:\Program Files\Unity\Hub\Editor\6000.5.0f1\Editor\Unity.exe
-adb2
-batchMode
-noUpm
-name
AssetImportWorkerHW7
-projectPath
C:/Users/tyler/Documents/GitHub/Game-Dev-III/My project
-logFile
Logs/AssetImportWorkerHW7.log
-srvPort
65500
-parentPid
3256
-analyticsCloudUserId
16768056786696
-analyticsCloudProjectId
655af935-c563-4d7e-a444-bc081339ca92
-analyticsLocalProjectId
f1b9c14d5627bcc44b85b92b47ef70cd
-noDiagnosticSwitchPersistentStore
-job-worker-count
5
-background-job-worker-count
8
-asset-garbage-collectors
1
-force-d3d12
-name
AssetImport
Successfully changed project path to: C:/Users/tyler/Documents/GitHub/Game-Dev-III/My project
C:/Users/tyler/Documents/GitHub/Game-Dev-III/My project
[UnityMemory] Configuration Parameters - Can be set up in boot.config
    "memorysetup-temp-allocator-size-gi-baking-worker=262144"
    "memorysetup-temp-allocator-size-gi-baking-worker=262144"
    "memorysetup-temp-allocator-size-gi-baking-worker=262144"
    "memorysetup-temp-allocator-size-gi-baking-worker=262144"
    "memorysetup-temp-allocator-size-gi-baking-worker=262144"
    "memorysetup-temp-allocator-size-nav-mesh-worker=65536"
    "memorysetup-temp-allocator-size-audio-worker=65536"
    "memorysetup-temp-allocator-size-cloud-worker=32768"
    "memorysetup-temp-allocator-size-gfx=262144"
    "memorysetup-temp-allocator-size-preload-manager=33554432"
    "memorysetup-allocator-temp-initial-block-size-main=262144"
    "memorysetup-allocator-temp-initial-block-size-worker=262144"
    "memorysetup-temp-allocator-size-job-worker=262144"
    "memorysetup-temp-allocator-size-background-worker=32768"
    "memorysetup-bucket-allocator-granularity=16"
    "memorysetup-bucket-allocator-bucket-count=8"
    "memorysetup-bucket-allocator-block-size=33554432"
    "memorysetup-bucket-allocator-block-count=8"
    "memorysetup-main-allocator-block-size=16777216"
    "memorysetup-thread-allocator-block-size=16777216"
    "memorysetup-main-allocator-mimalloc-enabled=0"
    "memorysetup-gfx-main-allocator-block-size=16777216"
    "memorysetup-gfx-thread-allocator-block-size=16777216"
    "memorysetup-cache-allocator-block-size=4194304"
    "memorysetup-typetree-allocator-block-size=2097152"
    "memorysetup-profiler-bucket-allocator-granularity=16"
    "memorysetup-profiler-bucket-allocator-bucket-count=8"
    "memorysetup-profiler-bucket-allocator-block-size=33554432"
    "memorysetup-profiler-bucket-allocator-block-count=8"
    "memorysetup-profiler-allocator-block-size=16777216"
    "memorysetup-profiler-editor-allocator-block-size=1048576"
    "memorysetup-temp-allocator-size-main=16777216"
    "memorysetup-job-temp-allocator-block-size=2097152"
    "memorysetup-job-temp-allocator-block-size-background=1048576"
    "memorysetup-job-temp-allocator-reduction-small-platforms=262144"
Player connection [8660]  Target information:

Player connection [8660]  * "[IP] 172.20.10.4 [Port] 0 [Flags] 2 [Guid] 2202511677 [EditorId] 2202511677 [Version] 1048832 [Id] WindowsEditor(7,DESKTOP-ONOH9UU) [Debug] 1 [PackageName] WindowsEditor [ProjectName] Editor" 

Player connection [8660] Host joined multi-casting on [225.0.0.222:54997]...
Player connection [8660] Host joined alternative multi-casting on [225.0.0.222:34997]...
JobSystem: Creating JobQueue using job-worker-count value 5
Input System module state changed to: Initialized.
[Physics::Module] Initialized fallback backend.
[Physics::Module] Id: 0xdecafbad
Library Redirect Path: Library/
[Physics::Module] Selected backend.
[Physics::Module] Name: PhysX
[Physics::Module] Id: 0xf2b8ea05
[Physics::Module] SDK Version: 4.1.2
[Physics::Module] Integration Version: 1.0.0
[Physics::Module] Threading Mode: Multi-Threaded
Refreshing native plugins compatible for Editor in 8.98 ms, found 4 plugins.
Initialize engine version: 6000.5.0f1 (88b47c5e7076)
[Subsystems] Discovering subsystems at path C:/Program Files/Unity/Hub/Editor/6000.5.0f1/Editor/Data/Resources/UnitySubsystems
[Subsystems] Discovering subsystems at path C:/Users/tyler/Documents/GitHub/Game-Dev-III/My project/Assets
Forcing GfxDevice: Direct3D 12
GfxDevice: creating device client; kGfxThreadingModeNonThreaded
d3d12: failed to query info queue interface (0x80004002).
Direct3D:
    Version:         Direct3D 12 [level 12.1]
    Renderer:        NVIDIA GeForce GTX 1070 (ID=0x1b81)
    Vendor:          NVIDIA
    VRAM:            8067 MB
    App VRAM Budget: 7299 MB
    Driver:          32.0.15.8228
Initialize mono
Mono path[0] = 'C:/Program Files/Unity/Hub/Editor/6000.5.0f1/Editor/Data/Managed'
Mono path[1] = 'C:/Program Files/Unity/Hub/Editor/6000.5.0f1/Editor/Data/BCLExtensions/runtime/netstandard2.1'
Mono path[2] = 'C:/Program Files/Unity/Hub/Editor/6000.5.0f1/Editor/Data/MonoBleedingEdge/lib/mono/unityjit-win32'
Mono config path = 'C:/Program Files/Unity/Hub/Editor/6000.5.0f1/Editor/Data/MonoBleedingEdge/etc'
Using monoOptions --debugger-agent=transport=dt_socket,embedding=1,server=y,suspend=n,address=127.0.0.1:56668
CodeReloadManager initialized
Begin MonoManager ReloadAssembly
Registering precompiled unity dll's ...
Register platform support module: C:/Program Files/Unity/Hub/Editor/6000.5.0f1/Editor/Data/PlaybackEngines/WebGLSupport/UnityEditor.WebGL.Extensions.dll
Register platform support module: C:/Program Files/Unity/Hub/Editor/6000.5.0f1/Editor/Data/PlaybackEngines/WindowsStandaloneSupport/UnityEditor.WindowsStandalone.Extensions.dll
Registered in 0.003219 seconds.
[Licensing::Client] Error: HandshakeResponse reported an error:
	ResponseCode: 505
	ResponseStatus: Unsupported protocol version '1.18.1'.
[Licensing::Module] Error: Failed to handshake to channel: "LicenseClient-tyler"
[Licensing::IpcConnector] LicenseClient-tyler channel disconnected successfully.
[Licensing::IpcConnector] Successfully connected to: "LicenseClient-tyler-6000.5.0" at "2026-06-21T06:23:35.4225389Z"
[Licensing::Client] Code 10 while verifying Licensing Client signature (process Id: 3132, path: "C:/Program Files/Unity/Hub/Editor/6000.5.0f1/Editor/Data/Resources/Licensing/Client/Unity.Licensing.Client.exe")
[Licensing::Module] LicensingClient has failed validation; ignoring
[Licensing::Client] Handshaking with LicensingClient:
  Version:                 1.18.1+9fbee8e
  Session Id:              a78b9b763bbb44cdab4d3d7c2942fd98
  Correlation Id:          96b3fbc6361fbea4da6afb0858b9961b
  External correlation Id: 7876542548131645949
  Machine Id:              B5zBSgBVrNKhZO/DEt1/zZ3MoTs=
[Licensing::Module] Successfully connected to LicensingClient on channel: "LicenseClient-tyler-6000.5.0" (connect: 0.00s, validation: 0.00s, handshake: 0.01s)
[Licensing::IpcConnector] Successfully connected to: "LicenseClient-tyler-6000.5.0-notifications" at "2026-06-21T06:23:35.4356885Z"
[Licensing::Module] Licensing Background thread has ended after 2.49s
Native extension for WindowsStandalone target not found
Native extension for WebGL target not found
Package Manager log level set to [2]
[Package Manager] Failed to launch server process. Reason: Unity was launched with the -noUpm command-line argument
[Package Manager] Unable to send message (not connected to server process).
[Package Manager] Cannot connect to Unity Package Manager local server
ScheduleIndexationOnStartup MainProcess:False IndexOnStartup:True
Mono: successfully reloaded assembly
- Finished resetting the current domain, in  0.506 seconds
Domain Reload Profiling: 1330ms
	BeginReloadAssembly (197ms)
	RebuildCommonClasses (6ms)
	RebuildNativeTypeToScriptingClass (23ms)
	initialDomainReloadingComplete (123ms)
	LoadAllAssembliesAndSetupDomain (474ms)
		LoadAssemblies (193ms)
		AnalyzeDomain (371ms)
			TypeCache.Refresh (368ms)
				TypeCache.ScanAssembly (339ms)
	FinalizeReload (508ms)
		SetupLoadedEditorAssemblies (0ms)
			InitializePlatformSupportModulesInManaged (3ms)
			BeforeProcessingInitializeOnLoad (121ms)
			ProcessInitializeOnLoadAttributes (132ms)
			ProcessInitializeOnLoadMethodAttributes (132ms)
Initializing Unity extensions:
[Licensing::Client] Successfully resolved entitlement details
[Licensing::Module] License group:
  Id: 16768056786696-UnityPersXXXX
  Product: Unity Personal
  Type: Assigned
  Expiration: Unlimited
Curl error 3: URL rejected: Malformed input to a URL function
========================================================================
Worker process is ready to serve import requests
Import Worker Mode flag is 0x00
Begin MonoManager ReloadAssembly
Refreshing native plugins compatible for Editor in 5.97 ms, found 4 plugins.
Native extension for WindowsStandalone target not found
Native extension for WebGL target not found
[Package Manager] Failed to launch server process. Reason: Unity was launched with the -noUpm command-line argument
[Package Manager] Unable to send message (not connected to server process).
[Package Manager] Cannot connect to Unity Package Manager local server
Refreshing native plugins compatible for Editor in 2.16 ms, found 4 plugins.
[Package Manager] Failed to launch server process. Reason: Unity was launched with the -noUpm command-line argument
[Package Manager] Unable to send message (not connected to server process).
[Package Manager] Cannot connect to Unity Package Manager local server
ScheduleIndexationOnStartup MainProcess:False IndexOnStartup:True
Mono: successfully reloaded assembly
- Finished resetting the current domain, in  0.898 seconds
Domain Reload Profiling: 2169ms
	BeginReloadAssembly (235ms)
		DisableScriptedObjects (7ms)
		CreateAndSetChildDomain (47ms)
	RebuildCommonClasses (10ms)
	RebuildNativeTypeToScriptingClass (22ms)
	initialDomainReloadingComplete (79ms)
	LoadAllAssembliesAndSetupDomain (924ms)
		LoadAssemblies (493ms)
		AnalyzeDomain (389ms)
			TypeCache.Refresh (235ms)
				TypeCache.ScanAssembly (209ms)
			BuildScriptInfoCaches (138ms)
			ResolveRequiredComponents (13ms)
	FinalizeReload (899ms)
		SetupLoadedEditorAssemblies (0ms)
			InitializePlatformSupportModulesInManaged (3ms)
			BeforeProcessingInitializeOnLoad (109ms)
			ProcessInitializeOnLoadAttributes (333ms)
			ProcessInitializeOnLoadMethodAttributes (136ms)
			AfterProcessingInitializeOnLoad (9ms)
		AwakeInstancesAfterBackupRestoration (3ms)
AcceleratorClientConnectionCallback - disconnected - :0
Launched and connected shader compiler UnityShaderCompiler.exe after 0.02 seconds
Refreshing native plugins compatible for Editor in 2.13 ms, found 4 plugins.
Unloading 22 Unused Serialized files (Serialized files now loaded: 0)
Curl error 3: URL rejected: Malformed input to a URL function
Unloading 6430 unused Assets / (6.2 MB). Loaded Objects now: 7254.
Memory consumption went from 318.3 MB to 312.2 MB.
Total: 12.943900 ms (FindLiveObjects: 1.473600 ms CreateObjectMapping: 2.733600 ms MarkObjects: 5.051600 ms  DeleteObjects: 3.680700 ms)

========================================================================
Received Import Request.
  Time of request: 2026-06-21T06:25:05.1457599Z
  Time since last request: 10321.03571700000066 seconds.
  importAddress: GUID: 46746483a595e6642a87f7de49a1cf32 - Path: Assets/Assets/Prototype 1/Prefabs/Powerup.prefab - Importer: PreviewImporter
Importing 'GUID: 46746483a595e6642a87f7de49a1cf32 - Path: Assets/Assets/Prototype 1/Prefabs/Powerup.prefab - Importer: PreviewImporter' with importer (PreviewImporter)
Imported 'GUID: 46746483a595e6642a87f7de49a1cf32' -> (Import Result ID: '154dde17f018f974810571a4eee40f83') in 0.620 seconds [static and dynamic dependencies]. Details - ImportResultOutputID=5bcc8ee919e240753ce5d157d1bb00e8 DependenciesID=6d92cf864d252dcbab27e60da2decc3f StaticDependenciesID=fe4573d0344ed21c72d239923dd350e3 
Number of updated asset objects reloaded before import = 0
Number of asset objects unloaded after import = 12
========================================================================
Received Import Request.
  Time of request: 2026-06-21T06:25:13.342665Z
  Time since last request: 7.5363436 seconds.
  importAddress: GUID: 961be46ca9a355943ae3f65c47741bb0 - Path: Assets/Assets/Prototype 1/Course Library/Ground/Ground_Tile_Hex_FloatingIsland_01.prefab - Importer: PreviewImporter
Importing 'GUID: 961be46ca9a355943ae3f65c47741bb0 - Path: Assets/Assets/Prototype 1/Course Library/Ground/Ground_Tile_Hex_FloatingIsland_01.prefab - Importer: PreviewImporter' with importer (PreviewImporter)
Imported 'GUID: 961be46ca9a355943ae3f65c47741bb0' -> (Import Result ID: '3a80da73965f9bbc33753fffdb56d000') in 0.022 seconds [static and dynamic dependencies]. Details - ImportResultOutputID=45d731ed0ae85d275281934b9262fa3b DependenciesID=658ba1a1e08e4de150e2fb0e00cab4cc StaticDependenciesID=1d7bc827d46053d63bb63d8642788804 
Number of updated asset objects reloaded before import = 0
Number of asset objects unloaded after import = 11
========================================================================
Received Prepare
AcceleratorClientConnectionCallback - disconnected - :0
[Licensing::Client] Successfully resolved entitlement details
Begin MonoManager ReloadAssembly
Native extension for WindowsStandalone target not found
Native extension for WebGL target not found
[Package Manager] Failed to launch server process. Reason: Unity was launched with the -noUpm command-line argument
[Package Manager] Unable to send message (not connected to server process).
[Package Manager] Cannot connect to Unity Package Manager local server
[Package Manager] Failed to launch server process. Reason: Unity was launched with the -noUpm command-line argument
[Package Manager] Unable to send message (not connected to server process).
[Package Manager] Cannot connect to Unity Package Manager local server
ScheduleIndexationOnStartup MainProcess:False IndexOnStartup:True
Mono: successfully reloaded assembly
- Finished resetting the current domain, in  1.058 seconds
Domain Reload Profiling: 2333ms
	BeginReloadAssembly (340ms)
		DisableScriptedObjects (31ms)
		CreateAndSetChildDomain (86ms)
	RebuildCommonClasses (11ms)
	RebuildNativeTypeToScriptingClass (23ms)
	initialDomainReloadingComplete (89ms)
	LoadAllAssembliesAndSetupDomain (810ms)
		LoadAssemblies (513ms)
		AnalyzeDomain (288ms)
			TypeCache.Refresh (16ms)
			BuildScriptInfoCaches (261ms)
			ResolveRequiredComponents (9ms)
	FinalizeReload (1059ms)
		SetupLoadedEditorAssemblies (0ms)
			InitializePlatformSupportModulesInManaged (3ms)
			BeforeProcessingInitializeOnLoad (121ms)
			ProcessInitializeOnLoadAttributes (344ms)
			ProcessInitializeOnLoadMethodAttributes (182ms)
			AfterProcessingInitializeOnLoad (9ms)
		AwakeInstancesAfterBackupRestoration (26ms)
Refreshing native plugins compatible for Editor in 2.47 ms, found 4 plugins.
Unloading 23 Unused Serialized files (Serialized files now loaded: 0)
Unloading 6431 unused Assets / (6.5 MB). Loaded Objects now: 7335.
Memory consumption went from 331.6 MB to 325.1 MB.
Total: 18.132800 ms (FindLiveObjects: 2.108300 ms CreateObjectMapping: 3.524600 ms MarkObjects: 7.288400 ms  DeleteObjects: 5.208300 ms)

Prepare: number of updated asset objects reloaded= 0
========================================================================
Received Prepare
AcceleratorClientConnectionCallback - disconnected - :0
Refreshing native plugins compatible for Editor in 2.32 ms, found 4 plugins.
Unloading 23 Unused Serialized files (Serialized files now loaded: 0)
Unloading 23 unused Assets / (2.6 MB). Loaded Objects now: 7335.
Memory consumption went from 328.8 MB to 326.1 MB.
Total: 9.571900 ms (FindLiveObjects: 0.501700 ms CreateObjectMapping: 1.012300 ms MarkObjects: 6.776300 ms  DeleteObjects: 1.279300 ms)

Prepare: number of updated asset objects reloaded= 0
========================================================================
Received Import Request.
  Time of request: 2026-06-21T06:26:07.5023661Z
  Time since last request: 54.1229557 seconds.
  importAddress: GUID: c18b0566c0ca32548acca53d337698db - Path: Assets/Assets/Prototype 1/Course Library/Ground/Ground_Tile_Cube_FloatingIsland_01.prefab - Importer: PreviewImporter
Importing 'GUID: c18b0566c0ca32548acca53d337698db - Path: Assets/Assets/Prototype 1/Course Library/Ground/Ground_Tile_Cube_FloatingIsland_01.prefab - Importer: PreviewImporter' with importer (PreviewImporter)
Imported 'GUID: c18b0566c0ca32548acca53d337698db' -> (Import Result ID: '6bd57deccf13e35ad6a078d179dce0c7') in 0.548 seconds [static and dynamic dependencies]. Details - ImportResultOutputID=469f2b5d024bd8c0083ad6eddcd2b4f4 DependenciesID=95bcbd423c806b0f9c4dc337736c8625 StaticDependenciesID=6ea0e6a31a44fa23c04fa26efbb6d54f 
Number of updated asset objects reloaded before import = 0
Number of asset objects unloaded after import = 11
========================================================================
Received Prepare
AcceleratorClientConnectionCallback - disconnected - :0
Refreshing native plugins compatible for Editor in 2.18 ms, found 4 plugins.
Unloading 23 Unused Serialized files (Serialized files now loaded: 0)
Unloading 23 unused Assets / (2.6 MB). Loaded Objects now: 7446.
Memory consumption went from 339.4 MB to 336.8 MB.
Total: 9.678200 ms (FindLiveObjects: 0.671600 ms CreateObjectMapping: 1.050200 ms MarkObjects: 7.381300 ms  DeleteObjects: 0.572700 ms)

Prepare: number of updated asset objects reloaded= 0
========================================================================
Received Import Request.
  Time of request: 2026-06-21T06:27:01.6742743Z
  Time since last request: 53.6101465 seconds.
  importAddress: GUID: ae4ff49dfb4c229488b12d99e4b0e3fc - Path: Assets/Course Library/Source_Files/Materials/SumoBalls_Material.mat - Importer: ScriptedImporter/UnityEditor.QuickSearchModule:UnityEditor.Search:ASIAI0B
Importing 'GUID: ae4ff49dfb4c229488b12d99e4b0e3fc - Path: Assets/Course Library/Source_Files/Materials/SumoBalls_Material.mat - Importer: ScriptedImporter/UnityEditor.QuickSearchModule:UnityEditor.Search:ASIAI0B' with importer (ScriptedImporter : UnityEditor.QuickSearchModule:UnityEditor.Search:ASIAI0B)
Imported 'GUID: ae4ff49dfb4c229488b12d99e4b0e3fc' -> (Import Result ID: '79f2c0d357ab14e5692c8903ee12b4e7') in 0.089 seconds [static and dynamic dependencies]. Details - ImportResultOutputID=ae4c9ca8aad7c672f5d1b17523cabd56 DependenciesID=f000e5115be88889727e2b6c4334f80f StaticDependenciesID=0b3beccefdfbfafdd7aafd613276e2fa 
Number of updated asset objects reloaded before import = 0
Number of asset objects unloaded after import = 3
========================================================================
Received Import Request.
  Time of request: 2026-06-21T06:27:01.7872778Z
  Time since last request: 0.0090121 seconds.
  importAddress: GUID: bc6f15befefa03546a583706345f1d59 - Path: Assets/Course Library/Source_Files/Textures/SumoBalls.png - Importer: ScriptedImporter/UnityEditor.QuickSearchModule:UnityEditor.Search:ASIAI0B
Importing 'GUID: bc6f15befefa03546a583706345f1d59 - Path: Assets/Course Library/Source_Files/Textures/SumoBalls.png - Importer: ScriptedImporter/UnityEditor.QuickSearchModule:UnityEditor.Search:ASIAI0B' with importer (ScriptedImporter : UnityEditor.QuickSearchModule:UnityEditor.Search:ASIAI0B)
Imported 'GUID: bc6f15befefa03546a583706345f1d59' -> (Import Result ID: '3487f6170cc6aa9109d956a6a9a2b4fb') in 0.092 seconds [static and dynamic dependencies]. Details - ImportResultOutputID=e5ef57bf7a887e8dab39980540d117ed DependenciesID=6e53cb684cfb0f83f06f12fe5f2a5da4 StaticDependenciesID=94510b1c031762daffe96f2861713682 
Number of updated asset objects reloaded before import = 0
Number of asset objects unloaded after import = 1
========================================================================
Received Import Request.
  Time of request: 2026-06-21T06:27:01.8997971Z
  Time since last request: 0.0007782 seconds.
  importAddress: GUID: 30644821795ec44c0bb20048227e07d2 - Path: Assets/Challenge 4/_Source_Files/Materials - Importer: ScriptedImporter/UnityEditor.QuickSearchModule:UnityEditor.Search:ASIAI0B
Importing 'GUID: 30644821795ec44c0bb20048227e07d2 - Path: Assets/Challenge 4/_Source_Files/Materials - Importer: ScriptedImporter/UnityEditor.QuickSearchModule:UnityEditor.Search:ASIAI0B' with importer (ScriptedImporter : UnityEditor.QuickSearchModule:UnityEditor.Search:ASIAI0B)
Imported 'GUID: 30644821795ec44c0bb20048227e07d2' -> (Import Result ID: '26e0183bda42310cab628dab41cc0295') in 0.008 seconds [static and dynamic dependencies]. Details - ImportResultOutputID=31a8a8b69171517015757a73d5b95c9a DependenciesID=38e7767f52c9221bae47d8f211cf5024 StaticDependenciesID=7f77430335cf5da6f83d6c0a74aa02d8 
Number of updated asset objects reloaded before import = 0
Number of asset objects unloaded after import = 1
========================================================================
Received Import Request.
  Time of request: 2026-06-21T06:27:01.9316476Z
  Time since last request: 0.0008332 seconds.
  importAddress: GUID: f7cb281fa416b40738752776c7863b45 - Path: Assets/Course Library/Textures/Ground/Materials - Importer: ScriptedImporter/UnityEditor.QuickSearchModule:UnityEditor.Search:ASIAI0B
Importing 'GUID: f7cb281fa416b40738752776c7863b45 - Path: Assets/Course Library/Textures/Ground/Materials - Importer: ScriptedImporter/UnityEditor.QuickSearchModule:UnityEditor.Search:ASIAI0B' with importer (ScriptedImporter : UnityEditor.QuickSearchModule:UnityEditor.Search:ASIAI0B)
Imported 'GUID: f7cb281fa416b40738752776c7863b45' -> (Import Result ID: '77a12a2cabf5bd7fa6f480daa3093e2b') in 0.007 seconds [static and dynamic dependencies]. Details - ImportResultOutputID=d67654fcb7efac2d46acc81468f89d42 DependenciesID=37015c7f3b8ddda7bcf5533b2a4d293c StaticDependenciesID=1fca9ed36e6bfaba5b6a0bec05b533c7 
Number of updated asset objects reloaded before import = 0
Number of asset objects unloaded after import = 1
========================================================================
Received Import Request.
  Time of request: 2026-06-21T06:27:01.9617819Z
  Time since last request: 0.0005853 seconds.
  importAddress: GUID: 8878a37eb67ddac4ead51890a31d6a18 - Path: Assets/Assets/Prototype 1/Course Library/_Source_Files/FBX/SM_Tile_Hex_FloatingIsland_01.fbx - Importer: ScriptedImporter/UnityEditor.QuickSearchModule:UnityEditor.Search:ASIAI0B
Importing 'GUID: 8878a37eb67ddac4ead51890a31d6a18 - Path: Assets/Assets/Prototype 1/Course Library/_Source_Files/FBX/SM_Tile_Hex_FloatingIsland_01.fbx - Importer: ScriptedImporter/UnityEditor.QuickSearchModule:UnityEditor.Search:ASIAI0B' with importer (ScriptedImporter : UnityEditor.QuickSearchModule:UnityEditor.Search:ASIAI0B)
Imported 'GUID: 8878a37eb67ddac4ead51890a31d6a18' -> (Import Result ID: '87fe2e777312d292d309ee5a5c87966d') in 0.134 seconds [static and dynamic dependencies]. Details - ImportResultOutputID=141de10287819daec3f4fea45f920b0a DependenciesID=e875e8618bc04255254e091122516f39 StaticDependenciesID=d96dc8e327f2fe7b6ce084b52d6f0e0e 
Number of updated asset objects reloaded before import = 0
Number of asset objects unloaded after import = 7
========================================================================
Received Import Request.
  Time of request: 2026-06-21T06:27:02.1220707Z
  Time since last request: 0.0006287 seconds.
  importAddress: GUID: 0779dbb263c79eb42a856eeb83797719 - Path: Assets/Course Library/_Source_Files/FBX/SM_Item_Ball_Soccer_01.fbx - Importer: ScriptedImporter/UnityEditor.QuickSearchModule:UnityEditor.Search:ASIAI0B
Importing 'GUID: 0779dbb263c79eb42a856eeb83797719 - Path: Assets/Course Library/_Source_Files/FBX/SM_Item_Ball_Soccer_01.fbx - Importer: ScriptedImporter/UnityEditor.QuickSearchModule:UnityEditor.Search:ASIAI0B' with importer (ScriptedImporter : UnityEditor.QuickSearchModule:UnityEditor.Search:ASIAI0B)
Imported 'GUID: 0779dbb263c79eb42a856eeb83797719' -> (Import Result ID: '69d263036826de2885a00a890eb98d89') in 0.018 seconds [static and dynamic dependencies]. Details - ImportResultOutputID=e99c898dd38a336319e8fc7e93181be6 DependenciesID=4c026dcdc29e4b89221664b70c9c5d58 StaticDependenciesID=857f24cbc8c2cf26d8a4e218e3315fc4 
Number of updated asset objects reloaded before import = 0
Number of asset objects unloaded after import = 7
========================================================================
Received Import Request.
  Time of request: 2026-06-21T06:27:02.1674561Z
  Time since last request: 0.0022955 seconds.
  importAddress: GUID: ce940652f836a4e5285f6808f90eec2a - Path: Assets/Course Library/Source_Files/Textures - Importer: ScriptedImporter/UnityEditor.QuickSearchModule:UnityEditor.Search:ASIAI0B
Importing 'GUID: ce940652f836a4e5285f6808f90eec2a - Path: Assets/Course Library/Source_Files/Textures - Importer: ScriptedImporter/UnityEditor.QuickSearchModule:UnityEditor.Search:ASIAI0B' with importer (ScriptedImporter : UnityEditor.QuickSearchModule:UnityEditor.Search:ASIAI0B)
Imported 'GUID: ce940652f836a4e5285f6808f90eec2a' -> (Import Result ID: 'decd9568a05e3bd63f6c677bf65a06b7') in 0.006 seconds [static and dynamic dependencies]. Details - ImportResultOutputID=74700906e64528d183166283a436d9f3 DependenciesID=8ac7d07a28aa18477269f658a222ff87 StaticDependenciesID=fb8685c0561d8cede2029d8a94f19922 
Number of updated asset objects reloaded before import = 0
Number of asset objects unloaded after import = 1
========================================================================
Received Import Request.
  Time of request: 2026-06-21T06:27:02.1967709Z
  Time since last request: 0.0007882 seconds.
  importAddress: GUID: 6562db3a873684fa9b7da3aef8329d82 - Path: Assets/Challenge 4/Prefabs/Smoke_Particle.prefab - Importer: ScriptedImporter/UnityEditor.QuickSearchModule:UnityEditor.Search:ASIAI0B
Importing 'GUID: 6562db3a873684fa9b7da3aef8329d82 - Path: Assets/Challenge 4/Prefabs/Smoke_Particle.prefab - Importer: ScriptedImporter/UnityEditor.QuickSearchModule:UnityEditor.Search:ASIAI0B' with importer (ScriptedImporter : UnityEditor.QuickSearchModule:UnityEditor.Search:ASIAI0B)
Imported 'GUID: 6562db3a873684fa9b7da3aef8329d82' -> (Import Result ID: 'ba56da80b3f104ac26722f95c6e74588') in 0.106 seconds [static and dynamic dependencies]. Details - ImportResultOutputID=e423dee02f43c93fd47258c8c2ea639a DependenciesID=c61ad03c75558f6c075e30cf701a0f42 StaticDependenciesID=da7fcc5759d477bb4fc2c24223040e71 
Number of updated asset objects reloaded before import = 0
Number of asset objects unloaded after import = 6
========================================================================
Received Import Request.
  Time of request: 2026-06-21T06:27:02.3274832Z
  Time since last request: 0.000304 seconds.
  importAddress: GUID: 2719947ca4e9a4468bf0f5a8327acb09 - Path: Assets/Course Library/_Source_Files/FBX - Importer: ScriptedImporter/UnityEditor.QuickSearchModule:UnityEditor.Search:ASIAI0B
Importing 'GUID: 2719947ca4e9a4468bf0f5a8327acb09 - Path: Assets/Course Library/_Source_Files/FBX - Importer: ScriptedImporter/UnityEditor.QuickSearchModule:UnityEditor.Search:ASIAI0B' with importer (ScriptedImporter : UnityEditor.QuickSearchModule:UnityEditor.Search:ASIAI0B)
Imported 'GUID: 2719947ca4e9a4468bf0f5a8327acb09' -> (Import Result ID: '92317eb52bea5a9558b0cd330cf79d04') in 0.006 seconds [static and dynamic dependencies]. Details - ImportResultOutputID=a41357061fd59167b7b884ff1cae969c DependenciesID=c3aa018517188440f19ac667ee6db74d StaticDependenciesID=6e7ecabfd7a0b9d68d7ae2e854ea8021 
Number of updated asset objects reloaded before import = 0
Number of asset objects unloaded after import = 1
========================================================================
Received Import Request.
  Time of request: 2026-06-21T06:27:02.3557133Z
  Time since last request: 0.001004 seconds.
  importAddress: GUID: 0fefc3691333943a0a0c49aae6b7ec4e - Path: Assets/Course Library/Source_Files/Materials - Importer: ScriptedImporter/UnityEditor.QuickSearchModule:UnityEditor.Search:ASIAI0B
Importing 'GUID: 0fefc3691333943a0a0c49aae6b7ec4e - Path: Assets/Course Library/Source_Files/Materials - Importer: ScriptedImporter/UnityEditor.QuickSearchModule:UnityEditor.Search:ASIAI0B' with importer (ScriptedImporter : UnityEditor.QuickSearchModule:UnityEditor.Search:ASIAI0B)
Imported 'GUID: 0fefc3691333943a0a0c49aae6b7ec4e' -> (Import Result ID: '35796ded21b13d9845665b7f610b49f9') in 0.008 seconds [static and dynamic dependencies]. Details - ImportResultOutputID=a8ac3d570778e8cc900f7ddcfb7434bd DependenciesID=a4bd8ab6ed20e6f8b610c2e5377483c0 StaticDependenciesID=b7c40e3b966f965ff9d5f81c299a2b64 
Number of updated asset objects reloaded before import = 0
Number of asset objects unloaded after import = 1
========================================================================
Received Import Request.
  Time of request: 2026-06-21T06:27:02.3856619Z
  Time since last request: 0.0012178 seconds.
  importAddress: GUID: 448928cc965a748ab8998f99ee84d3a7 - Path: Assets/Challenge 4/Scripts/SpawnManagerX.cs - Importer: ScriptedImporter/UnityEditor.QuickSearchModule:UnityEditor.Search:ASIAI0B
Importing 'GUID: 448928cc965a748ab8998f99ee84d3a7 - Path: Assets/Challenge 4/Scripts/SpawnManagerX.cs - Importer: ScriptedImporter/UnityEditor.QuickSearchModule:UnityEditor.Search:ASIAI0B' with importer (ScriptedImporter : UnityEditor.QuickSearchModule:UnityEditor.Search:ASIAI0B)
Imported 'GUID: 448928cc965a748ab8998f99ee84d3a7' -> (Import Result ID: '8e1229480007fed74496c825e44c3cb8') in 0.008 seconds [static and dynamic dependencies]. Details - ImportResultOutputID=79bef3f1b7cce12e5b434204298a081d DependenciesID=c26378b08b178590dd1be595bcd47fc1 StaticDependenciesID=2c1db4265b5ea68f8a6762c50df02b45 
Number of updated asset objects reloaded before import = 0
Number of asset objects unloaded after import = 0
========================================================================
Received Import Request.
  Time of request: 2026-06-21T06:27:02.41773Z
  Time since last request: 0.0008634 seconds.
  importAddress: GUID: 84e0f993b25e045ddb0664bb7f1f8df0 - Path: Assets/Course Library/Textures/Ground - Importer: ScriptedImporter/UnityEditor.QuickSearchModule:UnityEditor.Search:ASIAI0B
Importing 'GUID: 84e0f993b25e045ddb0664bb7f1f8df0 - Path: Assets/Course Library/Textures/Ground - Importer: ScriptedImporter/UnityEditor.QuickSearchModule:UnityEditor.Search:ASIAI0B' with importer (ScriptedImporter : UnityEditor.QuickSearchModule:UnityEditor.Search:ASIAI0B)
Imported 'GUID: 84e0f993b25e045ddb0664bb7f1f8df0' -> (Import Result ID: '73ed797802843aa6297954ba45c50fcb') in 0.005 seconds [static and dynamic dependencies]. Details - ImportResultOutputID=20be269b4c03e46fbfd878760a56a42d DependenciesID=8a52cf74113971e509c39a41a29ce211 StaticDependenciesID=72a6bdf91d173e07aaa12b85ff5468e1 
Number of updated asset objects reloaded before import = 0
Number of asset objects unloaded after import = 1
========================================================================
Received Import Request.
  Time of request: 2026-06-21T06:27:02.447996Z
  Time since last request: 0.0015846 seconds.
  importAddress: GUID: a16b7b85a356b7d469067849a165dcff - Path: Assets/Assets/Prototype 1/Course Library/_Source_Files/Materials/PolygonMinis_Fantasy_01.mat - Importer: ScriptedImporter/UnityEditor.QuickSearchModule:UnityEditor.Search:ASIAI0B
Importing 'GUID: a16b7b85a356b7d469067849a165dcff - Path: Assets/Assets/Prototype 1/Course Library/_Source_Files/Materials/PolygonMinis_Fantasy_01.mat - Importer: ScriptedImporter/UnityEditor.QuickSearchModule:UnityEditor.Search:ASIAI0B' with importer (ScriptedImporter : UnityEditor.QuickSearchModule:UnityEditor.Search:ASIAI0B)
Imported 'GUID: a16b7b85a356b7d469067849a165dcff' -> (Import Result ID: '5fa72dff5094ea285c6509e8ec931fe4') in 0.009 seconds [static and dynamic dependencies]. Details - ImportResultOutputID=4e076d49274cd53c4756a8fc5414a42e DependenciesID=7e7f264bbf33db9c4afd1587197fd367 StaticDependenciesID=dbf5a3d111981d5fdaa6dc1064857eef 
Number of updated asset objects reloaded before import = 0
Number of asset objects unloaded after import = 3
========================================================================
Received Import Request.
  Time of request: 2026-06-21T06:27:02.4800738Z
  Time since last request: 0.000402 seconds.
  importAddress: GUID: fd927352e18474434a287ce4f334c55b - Path: Assets/Course Library/Textures - Importer: ScriptedImporter/UnityEditor.QuickSearchModule:UnityEditor.Search:ASIAI0B
Importing 'GUID: fd927352e18474434a287ce4f334c55b - Path: Assets/Course Library/Textures - Importer: ScriptedImporter/UnityEditor.QuickSearchModule:UnityEditor.Search:ASIAI0B' with importer (ScriptedImporter : UnityEditor.QuickSearchModule:UnityEditor.Search:ASIAI0B)
Imported 'GUID: fd927352e18474434a287ce4f334c55b' -> (Import Result ID: 'ba2c1e763a815e8ef8f2b0af22f35423') in 0.007 seconds [static and dynamic dependencies]. Details - ImportResultOutputID=64bf68bc68d54b215dcd872cf77a2c90 DependenciesID=56638db94033b6993a5f08398e9cb7e7 StaticDependenciesID=8f90f73c5031ae884960f39889dc159e 
Number of updated asset objects reloaded before import = 0
Number of asset objects unloaded after import = 1
========================================================================
Received Import Request.
  Time of request: 2026-06-21T06:27:02.5062206Z
  Time since last request: 0.0006129 seconds.
  importAddress: GUID: 92ab1dab656784821889a1e936be91a3 - Path: Assets/Course Library/Materials - Importer: ScriptedImporter/UnityEditor.QuickSearchModule:UnityEditor.Search:ASIAI0B
Importing 'GUID: 92ab1dab656784821889a1e936be91a3 - Path: Assets/Course Library/Materials - Importer: ScriptedImporter/UnityEditor.QuickSearchModule:UnityEditor.Search:ASIAI0B' with importer (ScriptedImporter : UnityEditor.QuickSearchModule:UnityEditor.Search:ASIAI0B)
Imported 'GUID: 92ab1dab656784821889a1e936be91a3' -> (Import Result ID: 'b0829be770729a10a6a8a88858b45823') in 0.005 seconds [static and dynamic dependencies]. Details - ImportResultOutputID=96eba8dbdfb0f25f74c38d809c6ba0ab DependenciesID=ccc934be27fcd0ab0766841c4cf547a6 StaticDependenciesID=8c2d7a1d854b81da0da54cf0c76c9ae8 
Number of updated asset objects reloaded before import = 0
Number of asset objects unloaded after import = 1
========================================================================
Received Import Request.
  Time of request: 2026-06-21T06:27:02.5323878Z
  Time since last request: 0.000961 seconds.
  importAddress: GUID: 125f31ba4cdefb2469a075f509877b02 - Path: Assets/Course Library/_Source_Files/Materials/UnlitVertexColour_Alpha.shader - Importer: ScriptedImporter/UnityEditor.QuickSearchModule:UnityEditor.Search:ASIAI0B
Importing 'GUID: 125f31ba4cdefb2469a075f509877b02 - Path: Assets/Course Library/_Source_Files/Materials/UnlitVertexColour_Alpha.shader - Importer: ScriptedImporter/UnityEditor.QuickSearchModule:UnityEditor.Search:ASIAI0B' with importer (ScriptedImporter : UnityEditor.QuickSearchModule:UnityEditor.Search:ASIAI0B)
Imported 'GUID: 125f31ba4cdefb2469a075f509877b02' -> (Import Result ID: 'f94cc07a5b6abae42386cb6fcc798c7c') in 0.013 seconds [static and dynamic dependencies]. Details - ImportResultOutputID=f39fd9e18eeaba20bb799418854561f8 DependenciesID=00deb19006672d27fc6eebad9b0cdc4d StaticDependenciesID=3c3bfd2a0361af5148f1251ed3ece1d6 
Number of updated asset objects reloaded before import = 0
Number of asset objects unloaded after import = 1
========================================================================
Received Import Request.
  Time of request: 2026-06-21T06:27:02.5639044Z
  Time since last request: 0.0007205 seconds.
  importAddress: GUID: b784b593def9f4183a7322876814112e - Path: Assets/Challenge 4/Scripts - Importer: ScriptedImporter/UnityEditor.QuickSearchModule:UnityEditor.Search:ASIAI0B
Importing 'GUID: b784b593def9f4183a7322876814112e - Path: Assets/Challenge 4/Scripts - Importer: ScriptedImporter/UnityEditor.QuickSearchModule:UnityEditor.Search:ASIAI0B' with importer (ScriptedImporter : UnityEditor.QuickSearchModule:UnityEditor.Search:ASIAI0B)
Imported 'GUID: b784b593def9f4183a7322876814112e' -> (Import Result ID: 'aee21379c9696dea4b06b7be48020811') in 0.006 seconds [static and dynamic dependencies]. Details - ImportResultOutputID=6e5a51996ec40825fe1000cf3bddd5d4 DependenciesID=72d9e5c5e018d59e5b46b2b12ec8bafb StaticDependenciesID=3f4910c853a1ee62005f17ee722223d2 
Number of updated asset objects reloaded before import = 0
Number of asset objects unloaded after import = 1
========================================================================
Received Import Request.
  Time of request: 2026-06-21T06:27:02.589641Z
  Time since last request: 0.0005943 seconds.
  importAddress: GUID: 33a04b0ac29b748b2976410da1397566 - Path: Assets/Challenge 4/_Source_Files/Materials/Blue.mat - Importer: ScriptedImporter/UnityEditor.QuickSearchModule:UnityEditor.Search:ASIAI0B
Importing 'GUID: 33a04b0ac29b748b2976410da1397566 - Path: Assets/Challenge 4/_Source_Files/Materials/Blue.mat - Importer: ScriptedImporter/UnityEditor.QuickSearchModule:UnityEditor.Search:ASIAI0B' with importer (ScriptedImporter : UnityEditor.QuickSearchModule:UnityEditor.Search:ASIAI0B)
Imported 'GUID: 33a04b0ac29b748b2976410da1397566' -> (Import Result ID: 'fed07a0abe2b2a156a2c86c5e2220af0') in 0.008 seconds [static and dynamic dependencies]. Details - ImportResultOutputID=0b2c8cb05ffad8abd4963a8699ae6543 DependenciesID=1d10e75b487d8f25093981f9f038750b StaticDependenciesID=d82df029dbcb8f15ed214fd5f517a1ab 
Number of updated asset objects reloaded before import = 0
Number of asset objects unloaded after import = 2
========================================================================
Received Import Request.
  Time of request: 2026-06-21T06:27:02.6185003Z
  Time since last request: 0.0016483 seconds.
  importAddress: GUID: e6e6f7a3c9f4839409af1eae15839382 - Path: Assets/Course Library/Materials/PolygonPrototype_Texture_Grid_Glass_01.mat - Importer: ScriptedImporter/UnityEditor.QuickSearchModule:UnityEditor.Search:ASIAI0B
Importing 'GUID: e6e6f7a3c9f4839409af1eae15839382 - Path: Assets/Course Library/Materials/PolygonPrototype_Texture_Grid_Glass_01.mat - Importer: ScriptedImporter/UnityEditor.QuickSearchModule:UnityEditor.Search:ASIAI0B' with importer (ScriptedImporter : UnityEditor.QuickSearchModule:UnityEditor.Search:ASIAI0B)
Imported 'GUID: e6e6f7a3c9f4839409af1eae15839382' -> (Import Result ID: 'd67b5c1c1916aa53d2a3d48d4ed04d72') in 0.013 seconds [static and dynamic dependencies]. Details - ImportResultOutputID=4a74dd758f008bf438a1ec8d4c16cbc6 DependenciesID=f9ab2d3bbe68472c1a3ff8f94d0a8169 StaticDependenciesID=ddcb2700998fdccf6ac2cd85ad812ecd 
Number of updated asset objects reloaded before import = 0
Number of asset objects unloaded after import = 3
========================================================================
Received Import Request.
  Time of request: 2026-06-21T06:27:02.6517511Z
  Time since last request: 0.0007635 seconds.
  importAddress: GUID: f7a265eea1d8740ecac1ba86d7890dab - Path: Assets/Course Library/Source_Files - Importer: ScriptedImporter/UnityEditor.QuickSearchModule:UnityEditor.Search:ASIAI0B
Importing 'GUID: f7a265eea1d8740ecac1ba86d7890dab - Path: Assets/Course Library/Source_Files - Importer: ScriptedImporter/UnityEditor.QuickSearchModule:UnityEditor.Search:ASIAI0B' with importer (ScriptedImporter : UnityEditor.QuickSearchModule:UnityEditor.Search:ASIAI0B)
Imported 'GUID: f7a265eea1d8740ecac1ba86d7890dab' -> (Import Result ID: 'ae3330213e44502a0e56f64591f21241') in 0.009 seconds [static and dynamic dependencies]. Details - ImportResultOutputID=11d7957fce0dd0378de4785014e05f4d DependenciesID=e72b882d304f21e8cd1b47213a178b6c StaticDependenciesID=799fc16d2161a99fd780198601299d55 
Number of updated asset objects reloaded before import = 0
Number of asset objects unloaded after import = 1
========================================================================
Received Import Request.
  Time of request: 2026-06-21T06:27:02.6888083Z
  Time since last request: 0.0038529 seconds.
  importAddress: GUID: 744266f074b3f4235a838c7c53aa326b - Path: Assets/Challenge 4/Scripts/RotateCameraX.cs - Importer: ScriptedImporter/UnityEditor.QuickSearchModule:UnityEditor.Search:ASIAI0B
Importing 'GUID: 744266f074b3f4235a838c7c53aa326b - Path: Assets/Challenge 4/Scripts/RotateCameraX.cs - Importer: ScriptedImporter/UnityEditor.QuickSearchModule:UnityEditor.Search:ASIAI0B' with importer (ScriptedImporter : UnityEditor.QuickSearchModule:UnityEditor.Search:ASIAI0B)
Imported 'GUID: 744266f074b3f4235a838c7c53aa326b' -> (Import Result ID: 'f6ad318c504347d310f6c4ba1234c8ff') in 0.007 seconds [static and dynamic dependencies]. Details - ImportResultOutputID=8a28a661029dbe394292380f1c74a0ee DependenciesID=6a696a52ef0e05e5a6dea55b15cff85a StaticDependenciesID=04dfb7562688776c6289bb90ac568759 
Number of updated asset objects reloaded before import = 0
Number of asset objects unloaded after import = 0
========================================================================
Received Import Request.
  Time of request: 2026-06-21T06:27:02.7164439Z
  Time since last request: 0.0011999 seconds.
  importAddress: GUID: a0cec58fc32f482418596ffdf7c0d693 - Path: Assets/Course Library/_Source_Files/Materials/FX_Base.mat - Importer: ScriptedImporter/UnityEditor.QuickSearchModule:UnityEditor.Search:ASIAI0B
Importing 'GUID: a0cec58fc32f482418596ffdf7c0d693 - Path: Assets/Course Library/_Source_Files/Materials/FX_Base.mat - Importer: ScriptedImporter/UnityEditor.QuickSearchModule:UnityEditor.Search:ASIAI0B' with importer (ScriptedImporter : UnityEditor.QuickSearchModule:UnityEditor.Search:ASIAI0B)
Imported 'GUID: a0cec58fc32f482418596ffdf7c0d693' -> (Import Result ID: '17043e2d95fd9c542127e60f310ed0ca') in 0.009 seconds [static and dynamic dependencies]. Details - ImportResultOutputID=da45c752381997ccae565222491bc6c4 DependenciesID=72604a7a78e6f3a78b37336bf3fe11d3 StaticDependenciesID=1b9746132b47e6810ae9a5b1f32fca85 
Number of updated asset objects reloaded before import = 0
Number of asset objects unloaded after import = 2
========================================================================
Received Import Request.
  Time of request: 2026-06-21T06:27:02.7486154Z
  Time since last request: 0.0007605 seconds.
  importAddress: GUID: 41680dad0f0243748b4e228f49a2e3c4 - Path: Assets/Assets/Prototype 1/Course Library/_Source_Files/Materials/PolygonPrototype_Texture_01.mat - Importer: ScriptedImporter/UnityEditor.QuickSearchModule:UnityEditor.Search:ASIAI0B
Importing 'GUID: 41680dad0f0243748b4e228f49a2e3c4 - Path: Assets/Assets/Prototype 1/Course Library/_Source_Files/Materials/PolygonPrototype_Texture_01.mat - Importer: ScriptedImporter/UnityEditor.QuickSearchModule:UnityEditor.Search:ASIAI0B' with importer (ScriptedImporter : UnityEditor.QuickSearchModule:UnityEditor.Search:ASIAI0B)
Imported 'GUID: 41680dad0f0243748b4e228f49a2e3c4' -> (Import Result ID: 'd3927de0dc38fbc220b84e46d4568bf2') in 0.014 seconds [static and dynamic dependencies]. Details - ImportResultOutputID=7708a16425000980f28c8c02de9da8a5 DependenciesID=0aac84d9e3e7d29b23280946909a421e StaticDependenciesID=f157e9df8f1425c23ecef388523fe91b 
Number of updated asset objects reloaded before import = 0
Number of asset objects unloaded after import = 3
========================================================================
Received Import Request.
  Time of request: 2026-06-21T06:27:02.7875407Z
  Time since last request: 0.0013153 seconds.
  importAddress: GUID: 7f0eef6b442524c0d8771fff6d8f1a91 - Path: Assets/Challenge 4/_Source_Files - Importer: ScriptedImporter/UnityEditor.QuickSearchModule:UnityEditor.Search:ASIAI0B
Importing 'GUID: 7f0eef6b442524c0d8771fff6d8f1a91 - Path: Assets/Challenge 4/_Source_Files - Importer: ScriptedImporter/UnityEditor.QuickSearchModule:UnityEditor.Search:ASIAI0B' with importer (ScriptedImporter : UnityEditor.QuickSearchModule:UnityEditor.Search:ASIAI0B)
Imported 'GUID: 7f0eef6b442524c0d8771fff6d8f1a91' -> (Import Result ID: 'b46a39e13ac707383a3c3488cb19314a') in 0.006 seconds [static and dynamic dependencies]. Details - ImportResultOutputID=d50f522d19806c826d41e88a1fe26974 DependenciesID=ba543a3a4217aa20b5cd8c0b7828b906 StaticDependenciesID=3adef008d1de9b6e050cfef4b241e4cb 
Number of updated asset objects reloaded before import = 0
Number of asset objects unloaded after import = 1
========================================================================
Received Import Request.
  Time of request: 2026-06-21T06:27:02.815291Z
  Time since last request: 0.0004846 seconds.
  importAddress: GUID: 9e06209d219644e1a8caa7a17a982e92 - Path: Assets/Challenge 4/_Source_Files/Materials/Grey.mat - Importer: ScriptedImporter/UnityEditor.QuickSearchModule:UnityEditor.Search:ASIAI0B
Importing 'GUID: 9e06209d219644e1a8caa7a17a982e92 - Path: Assets/Challenge 4/_Source_Files/Materials/Grey.mat - Importer: ScriptedImporter/UnityEditor.QuickSearchModule:UnityEditor.Search:ASIAI0B' with importer (ScriptedImporter : UnityEditor.QuickSearchModule:UnityEditor.Search:ASIAI0B)
Imported 'GUID: 9e06209d219644e1a8caa7a17a982e92' -> (Import Result ID: '6ea1360f792899c5cb0c0d03f6576318') in 0.007 seconds [static and dynamic dependencies]. Details - ImportResultOutputID=659db3c7203c0097bfc3e7eece642d6b DependenciesID=d1a4ea90dabe3faead3a7415760d1ea7 StaticDependenciesID=7a9734d7c4447f6e713570253d08baf7 
Number of updated asset objects reloaded before import = 0
Number of asset objects unloaded after import = 2
========================================================================
Received Prepare
AcceleratorClientConnectionCallback - disconnected - :0
Refreshing native plugins compatible for Editor in 2.46 ms, found 4 plugins.
Unloading 23 Unused Serialized files (Serialized files now loaded: 0)
Unloading 6420 unused Assets / (6.0 MB). Loaded Objects now: 7447.
Memory consumption went from 347.2 MB to 341.1 MB.
Total: 21.511700 ms (FindLiveObjects: 1.763300 ms CreateObjectMapping: 3.025700 ms MarkObjects: 11.194600 ms  DeleteObjects: 5.526700 ms)

Prepare: number of updated asset objects reloaded= 0
========================================================================
Received Import Request.
  Time of request: 2026-06-21T06:27:22.6071186Z
  Time since last request: 19.7617905 seconds.
  importAddress: GUID: 598d3ae9105024144af9f3a62beeadde - Path: Assets/Assets/Prototype 1/Tutorial/Course Library/Materials - Importer: ScriptedImporter/UnityEditor.QuickSearchModule:UnityEditor.Search:ASIAI0B
Importing 'GUID: 598d3ae9105024144af9f3a62beeadde - Path: Assets/Assets/Prototype 1/Tutorial/Course Library/Materials - Importer: ScriptedImporter/UnityEditor.QuickSearchModule:UnityEditor.Search:ASIAI0B' with importer (ScriptedImporter : UnityEditor.QuickSearchModule:UnityEditor.Search:ASIAI0B)
Imported 'GUID: 598d3ae9105024144af9f3a62beeadde' -> (Import Result ID: '86c67895904c4a2ff30be99a1e6f8df8') in 0.007 seconds [static and dynamic dependencies]. Details - ImportResultOutputID=ac045bedbb1016a33bd51beb8dc0f0b2 DependenciesID=ce48b4ed2007c6606d4dda344460cafe StaticDependenciesID=c6db1b9b07415f65e4dce2630a2dd6f2 
Number of updated asset objects reloaded before import = 0
Number of asset objects unloaded after import = 1
========================================================================
Received Import Request.
  Time of request: 2026-06-21T06:27:22.6446525Z
  Time since last request: 0.0107011 seconds.
  importAddress: GUID: efafaf37aee603d4c84285f594a32b00 - Path: Assets/Assets/Prototype 1/Tutorial/Course Library/Ground - Importer: ScriptedImporter/UnityEditor.QuickSearchModule:UnityEditor.Search:ASIAI0B
Importing 'GUID: efafaf37aee603d4c84285f594a32b00 - Path: Assets/Assets/Prototype 1/Tutorial/Course Library/Ground - Importer: ScriptedImporter/UnityEditor.QuickSearchModule:UnityEditor.Search:ASIAI0B' with importer (ScriptedImporter : UnityEditor.QuickSearchModule:UnityEditor.Search:ASIAI0B)
Imported 'GUID: efafaf37aee603d4c84285f594a32b00' -> (Import Result ID: '6deed0366d20a08db926eaa7e54310e4') in 0.011 seconds [static and dynamic dependencies]. Details - ImportResultOutputID=b3999a7570c3e8fc21f74af7e89d43f5 DependenciesID=1af57a50c706f623545e1a35c542ed7b StaticDependenciesID=297b01d08e27a2588a7ea0321766245b 
Number of updated asset objects reloaded before import = 0
Number of asset objects unloaded after import = 1
========================================================================
Received Import Request.
  Time of request: 2026-06-21T06:27:22.6817641Z
  Time since last request: 0.0007318 seconds.
  importAddress: GUID: f118de1f1c03ca2429afc8068f760de3 - Path: Assets/Assets/Prototype 1/Tutorial/Course Library/Powerup Indicators - Importer: ScriptedImporter/UnityEditor.QuickSearchModule:UnityEditor.Search:ASIAI0B
Importing 'GUID: f118de1f1c03ca2429afc8068f760de3 - Path: Assets/Assets/Prototype 1/Tutorial/Course Library/Powerup Indicators - Importer: ScriptedImporter/UnityEditor.QuickSearchModule:UnityEditor.Search:ASIAI0B' with importer (ScriptedImporter : UnityEditor.QuickSearchModule:UnityEditor.Search:ASIAI0B)
Imported 'GUID: f118de1f1c03ca2429afc8068f760de3' -> (Import Result ID: 'fc62bdade46157f5d20c27e244a96cb6') in 0.007 seconds [static and dynamic dependencies]. Details - ImportResultOutputID=b72d857814f69fb8722da33abf7ee138 DependenciesID=2134b5282999b3c2aeb3b2c8e6cb92b6 StaticDependenciesID=227a714ef66a83d50b10172b639135f6 
Number of updated asset objects reloaded before import = 0
Number of asset objects unloaded after import = 1
========================================================================
Received Import Request.
  Time of request: 2026-06-21T06:27:22.713783Z
  Time since last request: 0.0007621 seconds.
  importAddress: GUID: 8374f953160f8474da736dfbd18217e0 - Path: Assets/Assets/Prototype 1/Tutorial/Course Library/Textures - Importer: ScriptedImporter/UnityEditor.QuickSearchModule:UnityEditor.Search:ASIAI0B
Importing 'GUID: 8374f953160f8474da736dfbd18217e0 - Path: Assets/Assets/Prototype 1/Tutorial/Course Library/Textures - Importer: ScriptedImporter/UnityEditor.QuickSearchModule:UnityEditor.Search:ASIAI0B' with importer (ScriptedImporter : UnityEditor.QuickSearchModule:UnityEditor.Search:ASIAI0B)
Imported 'GUID: 8374f953160f8474da736dfbd18217e0' -> (Import Result ID: 'b840f885881fe6f32bb73f7abf72d9a3') in 0.009 seconds [static and dynamic dependencies]. Details - ImportResultOutputID=57afbd184d62f4f5476a7b3338d2a355 DependenciesID=c07a5e3931f53a6aa2e169a4d889a882 StaticDependenciesID=cb2a4db4e5257f1ddf8e94ea8a0fb743 
Number of updated asset objects reloaded before import = 0
Number of asset objects unloaded after import = 1
========================================================================
Received Import Request.
  Time of request: 2026-06-21T06:27:22.7495939Z
  Time since last request: 0.0009934 seconds.
  importAddress: GUID: c8e9a715daac24048a124a1f8e3487fa - Path: Assets/Assets/Prototype 1/Tutorial/Course Library/_Source_Files/FBX/SM_Icon_Gem_01.fbx - Importer: ScriptedImporter/UnityEditor.QuickSearchModule:UnityEditor.Search:ASIAI0B
Importing 'GUID: c8e9a715daac24048a124a1f8e3487fa - Path: Assets/Assets/Prototype 1/Tutorial/Course Library/_Source_Files/FBX/SM_Icon_Gem_01.fbx - Importer: ScriptedImporter/UnityEditor.QuickSearchModule:UnityEditor.Search:ASIAI0B' with importer (ScriptedImporter : UnityEditor.QuickSearchModule:UnityEditor.Search:ASIAI0B)
Imported 'GUID: c8e9a715daac24048a124a1f8e3487fa' -> (Import Result ID: 'b9c02c25001a806456c988cca917321f') in 0.028 seconds [static and dynamic dependencies]. Details - ImportResultOutputID=1fe21bc7e2f599d54366b184535bcf2c DependenciesID=a32f6bc95031c04bbb3c72d70cdb1651 StaticDependenciesID=aaaff73fbe03f74d60571d90811f7163 
Number of updated asset objects reloaded before import = 0
Number of asset objects unloaded after import = 7
========================================================================
Received Import Request.
  Time of request: 2026-06-21T06:27:22.803379Z
  Time since last request: 0.0010356 seconds.
  importAddress: GUID: 5b52054e701663240a465cc7d040c925 - Path: Assets/Assets/Prototype 1/Tutorial/Course Library/_Source_Files/Materials - Importer: ScriptedImporter/UnityEditor.QuickSearchModule:UnityEditor.Search:ASIAI0B
Importing 'GUID: 5b52054e701663240a465cc7d040c925 - Path: Assets/Assets/Prototype 1/Tutorial/Course Library/_Source_Files/Materials - Importer: ScriptedImporter/UnityEditor.QuickSearchModule:UnityEditor.Search:ASIAI0B' with importer (ScriptedImporter : UnityEditor.QuickSearchModule:UnityEditor.Search:ASIAI0B)
Imported 'GUID: 5b52054e701663240a465cc7d040c925' -> (Import Result ID: 'ad45293d2eeb48b526a3bf362fe17f83') in 0.007 seconds [static and dynamic dependencies]. Details - ImportResultOutputID=c7a86203455b319b68163ffe3bd83c1c DependenciesID=370840f9f8a211cd7f5f61448eb89c2a StaticDependenciesID=8f30974500ab6b3c3072bed5137ba6ae 
Number of updated asset objects reloaded before import = 0
Number of asset objects unloaded after import = 1
========================================================================
Received Import Request.
  Time of request: 2026-06-21T06:27:22.8403853Z
  Time since last request: 0.0052888 seconds.
  importAddress: GUID: 823dde28ac754a14380d87d04313647b - Path: Assets/Assets/Prototype 1/Tutorial/Course Library/_Source_Files/FBX/SI_GoldCupIcon.fbx - Importer: ScriptedImporter/UnityEditor.QuickSearchModule:UnityEditor.Search:ASIAI0B
Importing 'GUID: 823dde28ac754a14380d87d04313647b - Path: Assets/Assets/Prototype 1/Tutorial/Course Library/_Source_Files/FBX/SI_GoldCupIcon.fbx - Importer: ScriptedImporter/UnityEditor.QuickSearchModule:UnityEditor.Search:ASIAI0B' with importer (ScriptedImporter : UnityEditor.QuickSearchModule:UnityEditor.Search:ASIAI0B)
Imported 'GUID: 823dde28ac754a14380d87d04313647b' -> (Import Result ID: 'ccd4022c30ebe9154fe8c8cfcbf42090') in 0.023 seconds [static and dynamic dependencies]. Details - ImportResultOutputID=7a424ee2a55df458192d993b52cf5cc5 DependenciesID=9d9666781a092ce1dae2b80b4334b032 StaticDependenciesID=05d1b3d0a043c55b46997280ed092694 
Number of updated asset objects reloaded before import = 0
Number of asset objects unloaded after import = 7
========================================================================
Received Import Request.
  Time of request: 2026-06-21T06:27:22.889207Z
  Time since last request: 0.0006487 seconds.
  importAddress: GUID: c4d55442b11ad9444b999b180e9cab25 - Path: Assets/Assets/Prototype 1/Tutorial/Prototype 4 - Starter Files/Prototype 4 - Starter Files - Importer: ScriptedImporter/UnityEditor.QuickSearchModule:UnityEditor.Search:ASIAI0B
Importing 'GUID: c4d55442b11ad9444b999b180e9cab25 - Path: Assets/Assets/Prototype 1/Tutorial/Prototype 4 - Starter Files/Prototype 4 - Starter Files - Importer: ScriptedImporter/UnityEditor.QuickSearchModule:UnityEditor.Search:ASIAI0B' with importer (ScriptedImporter : UnityEditor.QuickSearchModule:UnityEditor.Search:ASIAI0B)
Imported 'GUID: c4d55442b11ad9444b999b180e9cab25' -> (Import Result ID: '3b0ccee730c28efcc623b1f30ddd3b6c') in 0.010 seconds [static and dynamic dependencies]. Details - ImportResultOutputID=338d2de0132e02315d874e649a3745ae DependenciesID=644a5830b68a0a6db9186f7ecbddd1e7 StaticDependenciesID=647583618b309874f4c59c16f2c29e00 
Number of updated asset objects reloaded before import = 0
Number of asset objects unloaded after import = 1
========================================================================
Received Import Request.
  Time of request: 2026-06-21T06:27:22.9291056Z
  Time since last request: 0.0037267 seconds.
  importAddress: GUID: e4e685e955ee3484387a599c4319d22b - Path: Assets/Assets/Prototype 1/Tutorial/Course Library/Materials/PolygonPrototype_Texture_Grid_07.mat - Importer: ScriptedImporter/UnityEditor.QuickSearchModule:UnityEditor.Search:ASIAI0B
Importing 'GUID: e4e685e955ee3484387a599c4319d22b - Path: Assets/Assets/Prototype 1/Tutorial/Course Library/Materials/PolygonPrototype_Texture_Grid_07.mat - Importer: ScriptedImporter/UnityEditor.QuickSearchModule:UnityEditor.Search:ASIAI0B' with importer (ScriptedImporter : UnityEditor.QuickSearchModule:UnityEditor.Search:ASIAI0B)
Imported 'GUID: e4e685e955ee3484387a599c4319d22b' -> (Import Result ID: 'ee699f72f86d9d63b0718e7df3c1e6d7') in 0.019 seconds [static and dynamic dependencies]. Details - ImportResultOutputID=911e8c30db5a803083acbc21dc21f972 DependenciesID=6d32fa8302f3a6ebf5c943031d17508b StaticDependenciesID=0a34fea550d71f14db207c9edba41eba 
Number of updated asset objects reloaded before import = 0
Number of asset objects unloaded after import = 3
========================================================================
Received Import Request.
  Time of request: 2026-06-21T06:27:22.9791936Z
  Time since last request: 0.0009921 seconds.
  importAddress: GUID: f422e7a7e563f38429548e0b5a070cc8 - Path: Assets/Assets/Prototype 1/Tutorial/Course Library/_Source_Files/Textures - Importer: ScriptedImporter/UnityEditor.QuickSearchModule:UnityEditor.Search:ASIAI0B
Importing 'GUID: f422e7a7e563f38429548e0b5a070cc8 - Path: Assets/Assets/Prototype 1/Tutorial/Course Library/_Source_Files/Textures - Importer: ScriptedImporter/UnityEditor.QuickSearchModule:UnityEditor.Search:ASIAI0B' with importer (ScriptedImporter : UnityEditor.QuickSearchModule:UnityEditor.Search:ASIAI0B)
Imported 'GUID: f422e7a7e563f38429548e0b5a070cc8' -> (Import Result ID: '29590faf952a2d6b944108251b54510d') in 0.009 seconds [static and dynamic dependencies]. Details - ImportResultOutputID=8bf37ac8258aabfb3f0c29d92ed55f07 DependenciesID=c89acdef28c8ea0597df89d08525ed93 StaticDependenciesID=ba5c8113a5762fbde28fce7387061572 
Number of updated asset objects reloaded before import = 0
Number of asset objects unloaded after import = 1
========================================================================
Received Import Request.
  Time of request: 2026-06-21T06:27:23.0242681Z
  Time since last request: 0.0050829 seconds.
  importAddress: GUID: 92849b9774aa06c469487b42bdb72198 - Path: Assets/Assets/Prototype 1/Tutorial/Prototype 4 - Starter Files/__MACOSX/Prototype 4 - Starter Files - Importer: ScriptedImporter/UnityEditor.QuickSearchModule:UnityEditor.Search:ASIAI0B
Importing 'GUID: 92849b9774aa06c469487b42bdb72198 - Path: Assets/Assets/Prototype 1/Tutorial/Prototype 4 - Starter Files/__MACOSX/Prototype 4 - Starter Files - Importer: ScriptedImporter/UnityEditor.QuickSearchModule:UnityEditor.Search:ASIAI0B' with importer (ScriptedImporter : UnityEditor.QuickSearchModule:UnityEditor.Search:ASIAI0B)
Imported 'GUID: 92849b9774aa06c469487b42bdb72198' -> (Import Result ID: '88024c0c32d40f691ef3bf548e02b2cd') in 0.009 seconds [static and dynamic dependencies]. Details - ImportResultOutputID=7c27814613fa4f03f55fa59dd2d0d1db DependenciesID=f525c06bbb3394ea8a4ed5a78da8fb50 StaticDependenciesID=4827eee5a3d0a1cd7735335d00183591 
Number of updated asset objects reloaded before import = 0
Number of asset objects unloaded after import = 1
========================================================================
Received Import Request.
  Time of request: 2026-06-21T06:27:23.0624561Z
  Time since last request: 0.0011432 seconds.
  importAddress: GUID: c18b0566c0ca32548acca53d337698db - Path: Assets/Assets/Prototype 1/Tutorial/Course Library/Ground/Ground_Tile_Cube_FloatingIsland_01.prefab - Importer: ScriptedImporter/UnityEditor.QuickSearchModule:UnityEditor.Search:ASIAI0B
Importing 'GUID: c18b0566c0ca32548acca53d337698db - Path: Assets/Assets/Prototype 1/Tutorial/Course Library/Ground/Ground_Tile_Cube_FloatingIsland_01.prefab - Importer: ScriptedImporter/UnityEditor.QuickSearchModule:UnityEditor.Search:ASIAI0B' with importer (ScriptedImporter : UnityEditor.QuickSearchModule:UnityEditor.Search:ASIAI0B)
Imported 'GUID: c18b0566c0ca32548acca53d337698db' -> (Import Result ID: '7c4e6419c91d605b4341625e33d1cf5a') in 0.020 seconds [static and dynamic dependencies]. Details - ImportResultOutputID=6e25b4efdd978030d340db5ce2829bba DependenciesID=bb3c17d81e62332628784329bec6d256 StaticDependenciesID=b96300e0f24d37d2f9c1d1e4829d3ec5 
Number of updated asset objects reloaded before import = 0
Number of asset objects unloaded after import = 8
========================================================================
Received Import Request.
  Time of request: 2026-06-21T06:27:23.1116375Z
  Time since last request: 0.0010796 seconds.
  importAddress: GUID: 7b51721fc7cba7a47b1cb71184a00c32 - Path: Assets/Assets/Prototype 1/Tutorial/Course Library/_Source_Files/FBX - Importer: ScriptedImporter/UnityEditor.QuickSearchModule:UnityEditor.Search:ASIAI0B
Importing 'GUID: 7b51721fc7cba7a47b1cb71184a00c32 - Path: Assets/Assets/Prototype 1/Tutorial/Course Library/_Source_Files/FBX - Importer: ScriptedImporter/UnityEditor.QuickSearchModule:UnityEditor.Search:ASIAI0B' with importer (ScriptedImporter : UnityEditor.QuickSearchModule:UnityEditor.Search:ASIAI0B)
Imported 'GUID: 7b51721fc7cba7a47b1cb71184a00c32' -> (Import Result ID: '0096e018d2f28fe6687e81bc7aadf88f') in 0.009 seconds [static and dynamic dependencies]. Details - ImportResultOutputID=1840ef1022a3bc24f556db40d7213e8c DependenciesID=294a6acf8b69945ef6fdb344b978dffa StaticDependenciesID=82d4e64102351e78023a5d772371b666 
Number of updated asset objects reloaded before import = 0
Number of asset objects unloaded after import = 1
========================================================================
Received Import Request.
  Time of request: 2026-06-21T06:27:23.1569137Z
  Time since last request: 0.0055292 seconds.
  importAddress: GUID: 216908185b0efac4ebd46ee924524b28 - Path: Assets/Assets/Prototype 1/Tutorial/Physics Materials - Importer: ScriptedImporter/UnityEditor.QuickSearchModule:UnityEditor.Search:ASIAI0B
Importing 'GUID: 216908185b0efac4ebd46ee924524b28 - Path: Assets/Assets/Prototype 1/Tutorial/Physics Materials - Importer: ScriptedImporter/UnityEditor.QuickSearchModule:UnityEditor.Search:ASIAI0B' with importer (ScriptedImporter : UnityEditor.QuickSearchModule:UnityEditor.Search:ASIAI0B)
Imported 'GUID: 216908185b0efac4ebd46ee924524b28' -> (Import Result ID: 'ba20ad8c5c884c2453c993512007c4d8') in 0.008 seconds [static and dynamic dependencies]. Details - ImportResultOutputID=020c2490afa5979fc922cacb712cf041 DependenciesID=48293dff58c9143447ce30c30a7ba486 StaticDependenciesID=78e74f6d6daeb8d854f1fa200e1c2873 
Number of updated asset objects reloaded before import = 0
Number of asset objects unloaded after import = 1
========================================================================
Received Import Request.
  Time of request: 2026-06-21T06:27:23.1998025Z
  Time since last request: 0.0057642 seconds.
  importAddress: GUID: e68f77e240a7f8643b5cc4253dc37516 - Path: Assets/Assets/Prototype 1/Tutorial/Course Library/_Source_Files/Materials/SimpleSky.mat - Importer: ScriptedImporter/UnityEditor.QuickSearchModule:UnityEditor.Search:ASIAI0B
Importing 'GUID: e68f77e240a7f8643b5cc4253dc37516 - Path: Assets/Assets/Prototype 1/Tutorial/Course Library/_Source_Files/Materials/SimpleSky.mat - Importer: ScriptedImporter/UnityEditor.QuickSearchModule:UnityEditor.Search:ASIAI0B' with importer (ScriptedImporter : UnityEditor.QuickSearchModule:UnityEditor.Search:ASIAI0B)
Imported 'GUID: e68f77e240a7f8643b5cc4253dc37516' -> (Import Result ID: 'ca086e4bf8f58d79448b379656fc65f1') in 0.015 seconds [static and dynamic dependencies]. Details - ImportResultOutputID=6c1d8d361b3ac5d1baa7ef633eb0f28b DependenciesID=1282e13b831c847bbf1ff7c9969cd0eb StaticDependenciesID=8deb2cdafd0ee6da7727343b469014f5 
Number of updated asset objects reloaded before import = 0
Number of asset objects unloaded after import = 2
========================================================================
Received Import Request.
  Time of request: 2026-06-21T06:27:23.2437681Z
  Time since last request: 0.0024562 seconds.
  importAddress: GUID: 1656aec7f2b3ffe45a91801f58b00253 - Path: Assets/Assets/Prototype 1/Tutorial/Course Library/Powerup Indicators/SelectionRing_03.prefab - Importer: ScriptedImporter/UnityEditor.QuickSearchModule:UnityEditor.Search:ASIAI0B
Importing 'GUID: 1656aec7f2b3ffe45a91801f58b00253 - Path: Assets/Assets/Prototype 1/Tutorial/Course Library/Powerup Indicators/SelectionRing_03.prefab - Importer: ScriptedImporter/UnityEditor.QuickSearchModule:UnityEditor.Search:ASIAI0B' with importer (ScriptedImporter : UnityEditor.QuickSearchModule:UnityEditor.Search:ASIAI0B)
Imported 'GUID: 1656aec7f2b3ffe45a91801f58b00253' -> (Import Result ID: '318cf69c9f76148ab46bd15197687744') in 0.023 seconds [static and dynamic dependencies]. Details - ImportResultOutputID=60bd4730b27c6714a312c09a520fe398 DependenciesID=d8866f8cbff5aa7deeb1984e1ab9db05 StaticDependenciesID=5469ba26acfaa6ffda1b57c9f67cb20a 
Number of updated asset objects reloaded before import = 0
Number of asset objects unloaded after import = 8
========================================================================
Received Import Request.
  Time of request: 2026-06-21T06:27:23.2958565Z
  Time since last request: 0.0004298 seconds.
  importAddress: GUID: 9b654102de6ae3749a41941671a2cbe7 - Path: Assets/Assets/Prototype 1/Tutorial/Course Library/_Source_Files/Textures/PolygonMinis_Texture_01_Purple.png - Importer: ScriptedImporter/UnityEditor.QuickSearchModule:UnityEditor.Search:ASIAI0B
Importing 'GUID: 9b654102de6ae3749a41941671a2cbe7 - Path: Assets/Assets/Prototype 1/Tutorial/Course Library/_Source_Files/Textures/PolygonMinis_Texture_01_Purple.png - Importer: ScriptedImporter/UnityEditor.QuickSearchModule:UnityEditor.Search:ASIAI0B' with importer (ScriptedImporter : UnityEditor.QuickSearchModule:UnityEditor.Search:ASIAI0B)
Imported 'GUID: 9b654102de6ae3749a41941671a2cbe7' -> (Import Result ID: 'b4c110c3cf4e23aeaf2f9fcb0c98ffc6') in 0.018 seconds [static and dynamic dependencies]. Details - ImportResultOutputID=cf5feaee2aec84b5f565b82e660edef8 DependenciesID=485821b586406e4a2b36d2d31df0d0a0 StaticDependenciesID=d8d28dc0f238e5b30fdd087ed438f7ac 
Number of updated asset objects reloaded before import = 0
Number of asset objects unloaded after import = 1
========================================================================
Received Import Request.
  Time of request: 2026-06-21T06:27:23.342283Z
  Time since last request: 0.0011566 seconds.
  importAddress: GUID: 46746483a595e6642a87f7de49a1cf32 - Path: Assets/Assets/Prototype 1/Tutorial/Prefabs/Powerup.prefab - Importer: ScriptedImporter/UnityEditor.QuickSearchModule:UnityEditor.Search:ASIAI0B
Importing 'GUID: 46746483a595e6642a87f7de49a1cf32 - Path: Assets/Assets/Prototype 1/Tutorial/Prefabs/Powerup.prefab - Importer: ScriptedImporter/UnityEditor.QuickSearchModule:UnityEditor.Search:ASIAI0B' with importer (ScriptedImporter : UnityEditor.QuickSearchModule:UnityEditor.Search:ASIAI0B)
Imported 'GUID: 46746483a595e6642a87f7de49a1cf32' -> (Import Result ID: '1007509b4597fdb70af33aaf841824c5') in 0.030 seconds [static and dynamic dependencies]. Details - ImportResultOutputID=167b42077b5825bf1e3e8a2a0b1af2c1 DependenciesID=df0b50431b727deb8e07cba4dbb04327 StaticDependenciesID=4952fd87f5bee80b3806057905346f90 
Number of updated asset objects reloaded before import = 0
Number of asset objects unloaded after import = 9
========================================================================
Received Import Request.
  Time of request: 2026-06-21T06:27:23.4128718Z
  Time since last request: 0.0116261 seconds.
  importAddress: GUID: 61b1d8e2447736e45aaa98541b340a35 - Path: Assets/Assets/Prototype 1/Tutorial/Prototype 4 - Starter Files - Importer: ScriptedImporter/UnityEditor.QuickSearchModule:UnityEditor.Search:ASIAI0B
Importing 'GUID: 61b1d8e2447736e45aaa98541b340a35 - Path: Assets/Assets/Prototype 1/Tutorial/Prototype 4 - Starter Files - Importer: ScriptedImporter/UnityEditor.QuickSearchModule:UnityEditor.Search:ASIAI0B' with importer (ScriptedImporter : UnityEditor.QuickSearchModule:UnityEditor.Search:ASIAI0B)
Imported 'GUID: 61b1d8e2447736e45aaa98541b340a35' -> (Import Result ID: '2ddf03ed80c3fd02c52ed09302832ed6') in 0.008 seconds [static and dynamic dependencies]. Details - ImportResultOutputID=fe8c6facd5c6d74beae536ad61487ebd DependenciesID=e2756231c40cebd2f7e45e67b9a95ecf StaticDependenciesID=fa4ffac94b270bced6be9d4dc147bc09 
Number of updated asset objects reloaded before import = 0
Number of asset objects unloaded after import = 1
========================================================================
Received Import Request.
  Time of request: 2026-06-21T06:27:23.4672548Z
  Time since last request: 0.019307 seconds.
  importAddress: GUID: a16b7b85a356b7d469067849a165dcff - Path: Assets/Assets/Prototype 1/Tutorial/Course Library/_Source_Files/Materials/PolygonMinis_Fantasy_01.mat - Importer: ScriptedImporter/UnityEditor.QuickSearchModule:UnityEditor.Search:ASIAI0B
Importing 'GUID: a16b7b85a356b7d469067849a165dcff - Path: Assets/Assets/Prototype 1/Tutorial/Course Library/_Source_Files/Materials/PolygonMinis_Fantasy_01.mat - Importer: ScriptedImporter/UnityEditor.QuickSearchModule:UnityEditor.Search:ASIAI0B' with importer (ScriptedImporter : UnityEditor.QuickSearchModule:UnityEditor.Search:ASIAI0B)
Imported 'GUID: a16b7b85a356b7d469067849a165dcff' -> (Import Result ID: '71ee77da3ddada165ffc5a885a4c5908') in 0.015 seconds [static and dynamic dependencies]. Details - ImportResultOutputID=0641287349f94e0291ffd5aa55680ba2 DependenciesID=8dea554acaa1d4a896138fded30e0345 StaticDependenciesID=dbf5a3d111981d5fdaa6dc1064857eef 
Number of updated asset objects reloaded before import = 0
Number of asset objects unloaded after import = 3
========================================================================
Received Import Request.
  Time of request: 2026-06-21T06:27:23.5079885Z
  Time since last request: 0.0012644 seconds.
  importAddress: GUID: f7ec8369cac1a7e4ab36747b35f91c24 - Path: Assets/Assets/Prototype 1/Tutorial/Course Library/_Source_Files/FBX/SM_Icon_Star_01.fbx - Importer: ScriptedImporter/UnityEditor.QuickSearchModule:UnityEditor.Search:ASIAI0B
Importing 'GUID: f7ec8369cac1a7e4ab36747b35f91c24 - Path: Assets/Assets/Prototype 1/Tutorial/Course Library/_Source_Files/FBX/SM_Icon_Star_01.fbx - Importer: ScriptedImporter/UnityEditor.QuickSearchModule:UnityEditor.Search:ASIAI0B' with importer (ScriptedImporter : UnityEditor.QuickSearchModule:UnityEditor.Search:ASIAI0B)
Imported 'GUID: f7ec8369cac1a7e4ab36747b35f91c24' -> (Import Result ID: '33ce0aad46e3200f6c75a3a2bfdb95f3') in 0.023 seconds [static and dynamic dependencies]. Details - ImportResultOutputID=2a01931bbe24c585818a248c4a278f12 DependenciesID=dddd6da3e7a6077c4cb9dd3e4dd84112 StaticDependenciesID=d251a6de1423685d05db3b2c0be68ea1 
Number of updated asset objects reloaded before import = 0
Number of asset objects unloaded after import = 7
========================================================================
Received Import Request.
  Time of request: 2026-06-21T06:27:23.5554809Z
  Time since last request: 0.0023644 seconds.
  importAddress: GUID: 9c0880e4cd8a8704e82b6940624b569a - Path: Assets/Assets/Prototype 1/Tutorial/Course Library/_Source_Files/Materials/SimpleIcons.mat - Importer: ScriptedImporter/UnityEditor.QuickSearchModule:UnityEditor.Search:ASIAI0B
Importing 'GUID: 9c0880e4cd8a8704e82b6940624b569a - Path: Assets/Assets/Prototype 1/Tutorial/Course Library/_Source_Files/Materials/SimpleIcons.mat - Importer: ScriptedImporter/UnityEditor.QuickSearchModule:UnityEditor.Search:ASIAI0B' with importer (ScriptedImporter : UnityEditor.QuickSearchModule:UnityEditor.Search:ASIAI0B)
Imported 'GUID: 9c0880e4cd8a8704e82b6940624b569a' -> (Import Result ID: '261c34590fd527dd5727ba902049cc53') in 0.016 seconds [static and dynamic dependencies]. Details - ImportResultOutputID=07f4d5427a40f8c3c7aea91fa07fa4ad DependenciesID=db32a4a79231b8a37c512865f2fe3c9c StaticDependenciesID=88958690b69fb434fec34ab5a1986dc7 
Number of updated asset objects reloaded before import = 0
Number of asset objects unloaded after import = 3
========================================================================
Received Import Request.
  Time of request: 2026-06-21T06:27:23.6050692Z
  Time since last request: 0.0064915 seconds.
  importAddress: GUID: a4b96ad7a65484fd4a83cb97540eee50 - Path: Assets/Assets/Prototype 1/Tutorial/Scenes/Testing Grounds.unity - Importer: ScriptedImporter/UnityEditor.QuickSearchModule:UnityEditor.Search:ASIAI0B
Importing 'GUID: a4b96ad7a65484fd4a83cb97540eee50 - Path: Assets/Assets/Prototype 1/Tutorial/Scenes/Testing Grounds.unity - Importer: ScriptedImporter/UnityEditor.QuickSearchModule:UnityEditor.Search:ASIAI0B' with importer (ScriptedImporter : UnityEditor.QuickSearchModule:UnityEditor.Search:ASIAI0B)
Imported 'GUID: a4b96ad7a65484fd4a83cb97540eee50' -> (Import Result ID: 'b839c245dcad09a17696332abe55bd94') in 0.014 seconds [static and dynamic dependencies]. Details - ImportResultOutputID=c1d5da2ae17e6a9059a1509eff286e33 DependenciesID=302b5575b8197f3e02aa13b4d19b1c3c StaticDependenciesID=8b8b0a8f0cc60b01589d5cf26feb3af1 
Number of updated asset objects reloaded before import = 0
Number of asset objects unloaded after import = 1
========================================================================
Received Import Request.
  Time of request: 2026-06-21T06:27:23.6459769Z
  Time since last request: 0.0032756 seconds.
  importAddress: GUID: 3fd5555088952419ebf0eb82e9096fa5 - Path: Assets/Assets/Prototype 1/Tutorial/Course Library/_Source_Files/Materials/FX_Mist.prefab - Importer: ScriptedImporter/UnityEditor.QuickSearchModule:UnityEditor.Search:ASIAI0B
Importing 'GUID: 3fd5555088952419ebf0eb82e9096fa5 - Path: Assets/Assets/Prototype 1/Tutorial/Course Library/_Source_Files/Materials/FX_Mist.prefab - Importer: ScriptedImporter/UnityEditor.QuickSearchModule:UnityEditor.Search:ASIAI0B' with importer (ScriptedImporter : UnityEditor.QuickSearchModule:UnityEditor.Search:ASIAI0B)
Imported 'GUID: 3fd5555088952419ebf0eb82e9096fa5' -> (Import Result ID: '2b53ccae3fbe9a7fd8924e337dcef519') in 0.069 seconds [static and dynamic dependencies]. Details - ImportResultOutputID=0d644e71a38fb50535e3550adca88776 DependenciesID=62251aed857951a68f005eee3fe39116 StaticDependenciesID=984b26fe64deafd2c81a2f0a4bf9e231 
Number of updated asset objects reloaded before import = 0
Number of asset objects unloaded after import = 6
========================================================================
Received Import Request.
  Time of request: 2026-06-21T06:27:23.7424856Z
  Time since last request: 0.0008362 seconds.
  importAddress: GUID: 0a11fcdc511c6724095926c167391bd6 - Path: Assets/Assets/Prototype 1/Tutorial/Course Library/_Source_Files - Importer: ScriptedImporter/UnityEditor.QuickSearchModule:UnityEditor.Search:ASIAI0B
Importing 'GUID: 0a11fcdc511c6724095926c167391bd6 - Path: Assets/Assets/Prototype 1/Tutorial/Course Library/_Source_Files - Importer: ScriptedImporter/UnityEditor.QuickSearchModule:UnityEditor.Search:ASIAI0B' with importer (ScriptedImporter : UnityEditor.QuickSearchModule:UnityEditor.Search:ASIAI0B)
Imported 'GUID: 0a11fcdc511c6724095926c167391bd6' -> (Import Result ID: 'db872415b017f48c9f3673ff944f6588') in 0.007 seconds [static and dynamic dependencies]. Details - ImportResultOutputID=f3c513fa67dc4f9dda2c332804f86444 DependenciesID=a90e47381eccbadcfd2fcdf556dbcdfe StaticDependenciesID=b5cf6ceaec0784a6f9514d52eec26108 
Number of updated asset objects reloaded before import = 0
Number of asset objects unloaded after import = 1
========================================================================
Received Import Request.
  Time of request: 2026-06-21T06:27:23.7772923Z
  Time since last request: 0.0007109 seconds.
  importAddress: GUID: 33cc9a0febf9f2843a09bca056745a07 - Path: Assets/Assets/Prototype 1/Tutorial/Prefabs - Importer: ScriptedImporter/UnityEditor.QuickSearchModule:UnityEditor.Search:ASIAI0B
Importing 'GUID: 33cc9a0febf9f2843a09bca056745a07 - Path: Assets/Assets/Prototype 1/Tutorial/Prefabs - Importer: ScriptedImporter/UnityEditor.QuickSearchModule:UnityEditor.Search:ASIAI0B' with importer (ScriptedImporter : UnityEditor.QuickSearchModule:UnityEditor.Search:ASIAI0B)
Imported 'GUID: 33cc9a0febf9f2843a09bca056745a07' -> (Import Result ID: '4b47f572c3e90b53e474a55666071b37') in 0.007 seconds [static and dynamic dependencies]. Details - ImportResultOutputID=8a23199ec072edf6bfbc9865d509a098 DependenciesID=48bc3dc229d8822f4e36fdac0178a93d StaticDependenciesID=16700c24619a73ea618f1ae01033c91c 
Number of updated asset objects reloaded before import = 0
Number of asset objects unloaded after import = 1
========================================================================
Received Import Request.
  Time of request: 2026-06-21T06:27:23.8088015Z
  Time since last request: 0.0020962 seconds.
  importAddress: GUID: 7b2e43c7f0b75f54789417d03a4eb3cb - Path: Assets/Assets/Prototype 1/Tutorial/Course Library/_Source_Files/FBX/SI_MultiplierIcon.fbx - Importer: ScriptedImporter/UnityEditor.QuickSearchModule:UnityEditor.Search:ASIAI0B
Importing 'GUID: 7b2e43c7f0b75f54789417d03a4eb3cb - Path: Assets/Assets/Prototype 1/Tutorial/Course Library/_Source_Files/FBX/SI_MultiplierIcon.fbx - Importer: ScriptedImporter/UnityEditor.QuickSearchModule:UnityEditor.Search:ASIAI0B' with importer (ScriptedImporter : UnityEditor.QuickSearchModule:UnityEditor.Search:ASIAI0B)
Imported 'GUID: 7b2e43c7f0b75f54789417d03a4eb3cb' -> (Import Result ID: 'e74aade240f1941c132305c2f24ffe04') in 0.020 seconds [static and dynamic dependencies]. Details - ImportResultOutputID=1223b06b6c48a048ab48aefd1060b7de DependenciesID=d290cca18f247d10819915cf596b9a62 StaticDependenciesID=91ba1ef0b778657b14d9e69fef68b515 
Number of updated asset objects reloaded before import = 0
Number of asset objects unloaded after import = 7
========================================================================
Received Import Request.
  Time of request: 2026-06-21T06:27:23.8549638Z
  Time since last request: 0.0041201 seconds.
  importAddress: GUID: 164fecffc3f077d4c82dbf367a6267a5 - Path: Assets/Assets/Prototype 1/Tutorial/Course Library/Pickups - Importer: ScriptedImporter/UnityEditor.QuickSearchModule:UnityEditor.Search:ASIAI0B
Importing 'GUID: 164fecffc3f077d4c82dbf367a6267a5 - Path: Assets/Assets/Prototype 1/Tutorial/Course Library/Pickups - Importer: ScriptedImporter/UnityEditor.QuickSearchModule:UnityEditor.Search:ASIAI0B' with importer (ScriptedImporter : UnityEditor.QuickSearchModule:UnityEditor.Search:ASIAI0B)
Imported 'GUID: 164fecffc3f077d4c82dbf367a6267a5' -> (Import Result ID: '84af68d4c58c64e796e006759805eb82') in 0.008 seconds [static and dynamic dependencies]. Details - ImportResultOutputID=e5929623c5bf098dcba9bcac7f69f2ca DependenciesID=aa8ab94732ed38fe40c149465a81f3af StaticDependenciesID=951be9f337c002c89d7ca4eb181d5aa7 
Number of updated asset objects reloaded before import = 0
Number of asset objects unloaded after import = 1
========================================================================
Received Import Request.
  Time of request: 2026-06-21T06:27:23.889947Z
  Time since last request: 0.0015269 seconds.
  importAddress: GUID: 923deea38dc6a8843b15db7638919c1e - Path: Assets/Assets/Prototype 1/Tutorial/Course Library/Powerup Indicators/SelectionRing_02.prefab - Importer: ScriptedImporter/UnityEditor.QuickSearchModule:UnityEditor.Search:ASIAI0B
Importing 'GUID: 923deea38dc6a8843b15db7638919c1e - Path: Assets/Assets/Prototype 1/Tutorial/Course Library/Powerup Indicators/SelectionRing_02.prefab - Importer: ScriptedImporter/UnityEditor.QuickSearchModule:UnityEditor.Search:ASIAI0B' with importer (ScriptedImporter : UnityEditor.QuickSearchModule:UnityEditor.Search:ASIAI0B)
Imported 'GUID: 923deea38dc6a8843b15db7638919c1e' -> (Import Result ID: '5ad619ccacacfdfdf3b5013dd3700b00') in 0.017 seconds [static and dynamic dependencies]. Details - ImportResultOutputID=e3342d2c9b87bb630648e9b3ba7785b2 DependenciesID=6a6783e3e4619582ecb9058875bd6c8b StaticDependenciesID=235a162c71793e4a9582e76de9558700 
Number of updated asset objects reloaded before import = 0
Number of asset objects unloaded after import = 8
========================================================================
Received Import Request.
  Time of request: 2026-06-21T06:27:23.9323622Z
  Time since last request: 0.0002688 seconds.
  importAddress: GUID: 11a653b9169986c4f9436a3002fb4516 - Path: Assets/Assets/Prototype 1/Tutorial/Course Library/Powerup Indicators/SelectionRing_06.prefab - Importer: ScriptedImporter/UnityEditor.QuickSearchModule:UnityEditor.Search:ASIAI0B
Importing 'GUID: 11a653b9169986c4f9436a3002fb4516 - Path: Assets/Assets/Prototype 1/Tutorial/Course Library/Powerup Indicators/SelectionRing_06.prefab - Importer: ScriptedImporter/UnityEditor.QuickSearchModule:UnityEditor.Search:ASIAI0B' with importer (ScriptedImporter : UnityEditor.QuickSearchModule:UnityEditor.Search:ASIAI0B)
Imported 'GUID: 11a653b9169986c4f9436a3002fb4516' -> (Import Result ID: '712436dfe737f0aebba675d6a53d0f95') in 0.026 seconds [static and dynamic dependencies]. Details - ImportResultOutputID=08972fd7c87e1faa35842c63d8ec03a6 DependenciesID=a7530132870f42101dfacaa9a8ed073f StaticDependenciesID=ad1dd90b8b72328716ac6ff53dd754b6 
Number of updated asset objects reloaded before import = 0
Number of asset objects unloaded after import = 8
========================================================================
Received Import Request.
  Time of request: 2026-06-21T06:27:23.9907625Z
  Time since last request: 0.0029076 seconds.
  importAddress: GUID: 363a8f737719f4d2eafb35f885f3706f - Path: Assets/Assets/Prototype 1/Tutorial/Course Library/Sky/SkyDome.prefab - Importer: ScriptedImporter/UnityEditor.QuickSearchModule:UnityEditor.Search:ASIAI0B
Importing 'GUID: 363a8f737719f4d2eafb35f885f3706f - Path: Assets/Assets/Prototype 1/Tutorial/Course Library/Sky/SkyDome.prefab - Importer: ScriptedImporter/UnityEditor.QuickSearchModule:UnityEditor.Search:ASIAI0B' with importer (ScriptedImporter : UnityEditor.QuickSearchModule:UnityEditor.Search:ASIAI0B)
Imported 'GUID: 363a8f737719f4d2eafb35f885f3706f' -> (Import Result ID: 'cfceaa53e06d8babcb7d58f8254e74a0') in 0.018 seconds [static and dynamic dependencies]. Details - ImportResultOutputID=52efe05b39d7adad6065e1020150b3dd DependenciesID=d539da1befbe4bd95476597a4c58ccc7 StaticDependenciesID=52fd9dc5fd18020b554c4a3b5ab77f70 
Number of updated asset objects reloaded before import = 0
Number of asset objects unloaded after import = 27
========================================================================
Received Import Request.
  Time of request: 2026-06-21T06:27:24.0319464Z
  Time since last request: 0.0013144 seconds.
  importAddress: GUID: 86507321c175292409cc422c5e33d711 - Path: Assets/Assets/Prototype 1/Tutorial/Course Library/Textures/PolygonPrototype_Texture_Grid_03.png - Importer: ScriptedImporter/UnityEditor.QuickSearchModule:UnityEditor.Search:ASIAI0B
Importing 'GUID: 86507321c175292409cc422c5e33d711 - Path: Assets/Assets/Prototype 1/Tutorial/Course Library/Textures/PolygonPrototype_Texture_Grid_03.png - Importer: ScriptedImporter/UnityEditor.QuickSearchModule:UnityEditor.Search:ASIAI0B' with importer (ScriptedImporter : UnityEditor.QuickSearchModule:UnityEditor.Search:ASIAI0B)
Imported 'GUID: 86507321c175292409cc422c5e33d711' -> (Import Result ID: '23211c2e96ceead590666d4c5d7442ae') in 0.020 seconds [static and dynamic dependencies]. Details - ImportResultOutputID=fc180c028ab515317d726d882c4f9bbb DependenciesID=9f9f0959c8f615c9e230f096ddde8e7c StaticDependenciesID=1b8cb6e274213603af50ea74a0dbc481 
Number of updated asset objects reloaded before import = 0
Number of asset objects unloaded after import = 1
========================================================================
Received Import Request.
  Time of request: 2026-06-21T06:27:24.0778106Z
  Time since last request: 0.0017706 seconds.
  importAddress: GUID: 2b1600b8b48e3ac4c87e5d81a4153ab7 - Path: Assets/Assets/Prototype 1/Tutorial/Course Library/_Source_Files/FBX/SM_Icon_Balloon_01.fbx - Importer: ScriptedImporter/UnityEditor.QuickSearchModule:UnityEditor.Search:ASIAI0B
Importing 'GUID: 2b1600b8b48e3ac4c87e5d81a4153ab7 - Path: Assets/Assets/Prototype 1/Tutorial/Course Library/_Source_Files/FBX/SM_Icon_Balloon_01.fbx - Importer: ScriptedImporter/UnityEditor.QuickSearchModule:UnityEditor.Search:ASIAI0B' with importer (ScriptedImporter : UnityEditor.QuickSearchModule:UnityEditor.Search:ASIAI0B)
Imported 'GUID: 2b1600b8b48e3ac4c87e5d81a4153ab7' -> (Import Result ID: 'adbaf6e6dd46293f5f559fd02a717862') in 0.020 seconds [static and dynamic dependencies]. Details - ImportResultOutputID=51484af1ad92fa3437e43ba50d4c1467 DependenciesID=cc92e850b99af7eae20009e09aeece13 StaticDependenciesID=9111a9c80a5ba232ff52c1d9b453f414 
Number of updated asset objects reloaded before import = 0
Number of asset objects unloaded after import = 7
========================================================================
Received Import Request.
  Time of request: 2026-06-21T06:27:24.1235486Z
  Time since last request: 0.0010249 seconds.
  importAddress: GUID: a3e27da209db9ad4791ea84693b85b59 - Path: Assets/Assets/Prototype 1/Tutorial/Physics Materials/Bouncy.physicMaterial - Importer: ScriptedImporter/UnityEditor.QuickSearchModule:UnityEditor.Search:ASIAI0B
Importing 'GUID: a3e27da209db9ad4791ea84693b85b59 - Path: Assets/Assets/Prototype 1/Tutorial/Physics Materials/Bouncy.physicMaterial - Importer: ScriptedImporter/UnityEditor.QuickSearchModule:UnityEditor.Search:ASIAI0B' with importer (ScriptedImporter : UnityEditor.QuickSearchModule:UnityEditor.Search:ASIAI0B)
Imported 'GUID: a3e27da209db9ad4791ea84693b85b59' -> (Import Result ID: '8506406e439028ae337a8257ed4ac0c6') in 0.010 seconds [static and dynamic dependencies]. Details - ImportResultOutputID=e90df9edfa51e22a1956310a4feca3a1 DependenciesID=88e7bf1550cfd99f48715e666accb31a StaticDependenciesID=41518c8ace52da5dc25b93eafa0fff30 
Number of updated asset objects reloaded before import = 0
Number of asset objects unloaded after import = 1
========================================================================
Received Import Request.
  Time of request: 2026-06-21T06:27:24.1590118Z
  Time since last request: 0.0007443 seconds.
  importAddress: GUID: 3e3e7739c37f6df4a9ac958352bdd251 - Path: Assets/Assets/Prototype 1/Tutorial/Course Library/_Source_Files/Textures/SimpleIcons_Texture.png - Importer: ScriptedImporter/UnityEditor.QuickSearchModule:UnityEditor.Search:ASIAI0B
Importing 'GUID: 3e3e7739c37f6df4a9ac958352bdd251 - Path: Assets/Assets/Prototype 1/Tutorial/Course Library/_Source_Files/Textures/SimpleIcons_Texture.png - Importer: ScriptedImporter/UnityEditor.QuickSearchModule:UnityEditor.Search:ASIAI0B' with importer (ScriptedImporter : UnityEditor.QuickSearchModule:UnityEditor.Search:ASIAI0B)
Imported 'GUID: 3e3e7739c37f6df4a9ac958352bdd251' -> (Import Result ID: 'bb1463def29f609a6eddce2bf7246e74') in 0.018 seconds [static and dynamic dependencies]. Details - ImportResultOutputID=7b972111022cf0558ec5bdea609a7ac6 DependenciesID=784e6053c6c3a5ee43b0f04fa268101c StaticDependenciesID=fc0aa0c380a1f37f3440ad7498ddffa2 
Number of updated asset objects reloaded before import = 0
Number of asset objects unloaded after import = 1
========================================================================
Received Import Request.
  Time of request: 2026-06-21T06:27:24.2023707Z
  Time since last request: 0.0008617 seconds.
  importAddress: GUID: 86cb957541c7c8542a6306ffb82e6833 - Path: Assets/Assets/Prototype 1/Tutorial/Course Library/_Source_Files/Textures/PolygonPrototype_Texture_01.png - Importer: ScriptedImporter/UnityEditor.QuickSearchModule:UnityEditor.Search:ASIAI0B
Importing 'GUID: 86cb957541c7c8542a6306ffb82e6833 - Path: Assets/Assets/Prototype 1/Tutorial/Course Library/_Source_Files/Textures/PolygonPrototype_Texture_01.png - Importer: ScriptedImporter/UnityEditor.QuickSearchModule:UnityEditor.Search:ASIAI0B' with importer (ScriptedImporter : UnityEditor.QuickSearchModule:UnityEditor.Search:ASIAI0B)
Imported 'GUID: 86cb957541c7c8542a6306ffb82e6833' -> (Import Result ID: '8422cfc47d1b7514b0c16b14183bc24a') in 0.027 seconds [static and dynamic dependencies]. Details - ImportResultOutputID=913a6b0051945751d06c4d7c9478199d DependenciesID=70db59c125d2ec66048a881c320be537 StaticDependenciesID=7b918800066c0166f71ecd0d8b087294 
Number of updated asset objects reloaded before import = 0
Number of asset objects unloaded after import = 1
========================================================================
Received Import Request.
  Time of request: 2026-06-21T06:27:24.2547663Z
  Time since last request: 0.0006645 seconds.
  importAddress: GUID: 10a492cb0e85ae145b9cc221cc7928fa - Path: Assets/Assets/Prototype 1/Tutorial/Course Library - Importer: ScriptedImporter/UnityEditor.QuickSearchModule:UnityEditor.Search:ASIAI0B
Importing 'GUID: 10a492cb0e85ae145b9cc221cc7928fa - Path: Assets/Assets/Prototype 1/Tutorial/Course Library - Importer: ScriptedImporter/UnityEditor.QuickSearchModule:UnityEditor.Search:ASIAI0B' with importer (ScriptedImporter : UnityEditor.QuickSearchModule:UnityEditor.Search:ASIAI0B)
Imported 'GUID: 10a492cb0e85ae145b9cc221cc7928fa' -> (Import Result ID: '0ee94bcdd25f7761fae24b42946fbec4') in 0.006 seconds [static and dynamic dependencies]. Details - ImportResultOutputID=cf0b7ba7054a69c61ad414a75607302c DependenciesID=8ec18a469bc05be7a572ecec677ca149 StaticDependenciesID=05c6b11f3f50a9fa75e1a72b9f43b098 
Number of updated asset objects reloaded before import = 0
Number of asset objects unloaded after import = 1
========================================================================
Received Import Request.
  Time of request: 2026-06-21T06:27:24.3306669Z
  Time since last request: 0.045856 seconds.
  importAddress: GUID: 1432e62c10501d147a873c128326f711 - Path: Assets/Assets/Prototype 1/Tutorial/Course Library/Textures/PolygonPrototype_Texture_Grid_Glass_01.png - Importer: ScriptedImporter/UnityEditor.QuickSearchModule:UnityEditor.Search:ASIAI0B
Importing 'GUID: 1432e62c10501d147a873c128326f711 - Path: Assets/Assets/Prototype 1/Tutorial/Course Library/Textures/PolygonPrototype_Texture_Grid_Glass_01.png - Importer: ScriptedImporter/UnityEditor.QuickSearchModule:UnityEditor.Search:ASIAI0B' with importer (ScriptedImporter : UnityEditor.QuickSearchModule:UnityEditor.Search:ASIAI0B)
Imported 'GUID: 1432e62c10501d147a873c128326f711' -> (Import Result ID: '4a16ccec64850f86925b85671f2a1242') in 0.015 seconds [static and dynamic dependencies]. Details - ImportResultOutputID=192915920c369c5cb2ae3e5c29a6d07a DependenciesID=66dd0feffc616aece35a1172a21e398c StaticDependenciesID=06166e5d403e67aa9e5396563f44bc06 
Number of updated asset objects reloaded before import = 0
Number of asset objects unloaded after import = 1
========================================================================
Received Import Request.
  Time of request: 2026-06-21T06:27:24.365851Z
  Time since last request: 0.0006195 seconds.
  importAddress: GUID: f20d096cd65070b4a89b6957463d432d - Path: Assets/Assets/Prototype 1/Tutorial/Course Library/Pickups/GoldCupIcon.prefab - Importer: ScriptedImporter/UnityEditor.QuickSearchModule:UnityEditor.Search:ASIAI0B
Importing 'GUID: f20d096cd65070b4a89b6957463d432d - Path: Assets/Assets/Prototype 1/Tutorial/Course Library/Pickups/GoldCupIcon.prefab - Importer: ScriptedImporter/UnityEditor.QuickSearchModule:UnityEditor.Search:ASIAI0B' with importer (ScriptedImporter : UnityEditor.QuickSearchModule:UnityEditor.Search:ASIAI0B)
Imported 'GUID: f20d096cd65070b4a89b6957463d432d' -> (Import Result ID: 'ad4a2c0f8bed057649ec6bdcd5d8e1dd') in 0.014 seconds [static and dynamic dependencies]. Details - ImportResultOutputID=a6d5b5b1fdf1749e7682bd8399bc9988 DependenciesID=a916de4f82d46e7dc5b0bb3936b61b58 StaticDependenciesID=86e82b6f86bbcc5a1863d1c1245ffb69 
Number of updated asset objects reloaded before import = 0
Number of asset objects unloaded after import = 8
========================================================================
Received Import Request.
  Time of request: 2026-06-21T06:27:24.4051392Z
  Time since last request: 0.0010755 seconds.
  importAddress: GUID: 31e6dd0b1a83d2545a63dfc9ef21c42f - Path: Assets/Assets/Prototype 1/Tutorial/Course Library/_Source_Files/FBX/SI_FireIcon.fbx - Importer: ScriptedImporter/UnityEditor.QuickSearchModule:UnityEditor.Search:ASIAI0B
Importing 'GUID: 31e6dd0b1a83d2545a63dfc9ef21c42f - Path: Assets/Assets/Prototype 1/Tutorial/Course Library/_Source_Files/FBX/SI_FireIcon.fbx - Importer: ScriptedImporter/UnityEditor.QuickSearchModule:UnityEditor.Search:ASIAI0B' with importer (ScriptedImporter : UnityEditor.QuickSearchModule:UnityEditor.Search:ASIAI0B)
Imported 'GUID: 31e6dd0b1a83d2545a63dfc9ef21c42f' -> (Import Result ID: '8bfa3cb674fc907c3d9527a735f695ef') in 0.019 seconds [static and dynamic dependencies]. Details - ImportResultOutputID=f16065dc4557ff5d29075e5f6951f252 DependenciesID=f611de4158cc22b3c9baf065886633cd StaticDependenciesID=502a647aede9d9e2b4d941ce70320243 
Number of updated asset objects reloaded before import = 0
Number of asset objects unloaded after import = 7
========================================================================
Received Import Request.
  Time of request: 2026-06-21T06:27:24.4500591Z
  Time since last request: 0.0021125 seconds.
  importAddress: GUID: 8878a37eb67ddac4ead51890a31d6a18 - Path: Assets/Assets/Prototype 1/Tutorial/Course Library/_Source_Files/FBX/SM_Tile_Hex_FloatingIsland_01.fbx - Importer: ScriptedImporter/UnityEditor.QuickSearchModule:UnityEditor.Search:ASIAI0B
Importing 'GUID: 8878a37eb67ddac4ead51890a31d6a18 - Path: Assets/Assets/Prototype 1/Tutorial/Course Library/_Source_Files/FBX/SM_Tile_Hex_FloatingIsland_01.fbx - Importer: ScriptedImporter/UnityEditor.QuickSearchModule:UnityEditor.Search:ASIAI0B' with importer (ScriptedImporter : UnityEditor.QuickSearchModule:UnityEditor.Search:ASIAI0B)
Imported 'GUID: 8878a37eb67ddac4ead51890a31d6a18' -> (Import Result ID: '3362c924e9cba30abf660be207295008') in 0.018 seconds [static and dynamic dependencies]. Details - ImportResultOutputID=0c1523d6c7c474e7aa112aa61a6331f4 DependenciesID=11fe30f25a3a5972e81f4e15e94ec119 StaticDependenciesID=d96dc8e327f2fe7b6ce084b52d6f0e0e 
Number of updated asset objects reloaded before import = 0
Number of asset objects unloaded after import = 7
========================================================================
Received Import Request.
  Time of request: 2026-06-21T06:27:24.4907437Z
  Time since last request: 0.0008707 seconds.
  importAddress: GUID: 6b38ffdcc39b96042a822bb3f490eefd - Path: Assets/Assets/Prototype 1/Tutorial/Course Library/Textures/PolygonPrototype_Texture_Grid_02.png - Importer: ScriptedImporter/UnityEditor.QuickSearchModule:UnityEditor.Search:ASIAI0B
Importing 'GUID: 6b38ffdcc39b96042a822bb3f490eefd - Path: Assets/Assets/Prototype 1/Tutorial/Course Library/Textures/PolygonPrototype_Texture_Grid_02.png - Importer: ScriptedImporter/UnityEditor.QuickSearchModule:UnityEditor.Search:ASIAI0B' with importer (ScriptedImporter : UnityEditor.QuickSearchModule:UnityEditor.Search:ASIAI0B)
Imported 'GUID: 6b38ffdcc39b96042a822bb3f490eefd' -> (Import Result ID: '9bab3db9e988115a2c8c1ae991185d23') in 0.039 seconds [static and dynamic dependencies]. Details - ImportResultOutputID=ae7ddc1a9635b8977f2a485acebfc90d DependenciesID=2f3d05e4113678d7b4eb20ddc9880b6d StaticDependenciesID=0035c07059099ddf4bc40ef5a506369d 
Number of updated asset objects reloaded before import = 0
Number of asset objects unloaded after import = 1
========================================================================
Received Import Request.
  Time of request: 2026-06-21T06:27:24.5579342Z
  Time since last request: 0.0024607 seconds.
  importAddress: GUID: 49dfa60e559e8c34fa7333acd92a7eff - Path: Assets/Assets/Prototype 1/Tutorial/Scenes/Prototype-4_Starter-Files.unitypackage - Importer: ScriptedImporter/UnityEditor.QuickSearchModule:UnityEditor.Search:ASIAI0B
Importing 'GUID: 49dfa60e559e8c34fa7333acd92a7eff - Path: Assets/Assets/Prototype 1/Tutorial/Scenes/Prototype-4_Starter-Files.unitypackage - Importer: ScriptedImporter/UnityEditor.QuickSearchModule:UnityEditor.Search:ASIAI0B' with importer (ScriptedImporter : UnityEditor.QuickSearchModule:UnityEditor.Search:ASIAI0B)
Imported 'GUID: 49dfa60e559e8c34fa7333acd92a7eff' -> (Import Result ID: 'a97fe6d588ddfc649d74fb393a30dbb6') in 0.007 seconds [static and dynamic dependencies]. Details - ImportResultOutputID=e2a541f8bdc206871f70dd60f950492a DependenciesID=6caa392133c654eef194eb5537e3baae StaticDependenciesID=4d4f526350cb96da6e03d8fab744832d 
Number of updated asset objects reloaded before import = 0
Number of asset objects unloaded after import = 1
========================================================================
Received Import Request.
  Time of request: 2026-06-21T06:27:24.5938134Z
  Time since last request: 0.0064453 seconds.
  importAddress: GUID: 2a09470ada0c47849ad79d26363f8e4a - Path: Assets/Assets/Prototype 1/Tutorial/Course Library/Textures/PolygonPrototype_Texture_Grid_01.png - Importer: ScriptedImporter/UnityEditor.QuickSearchModule:UnityEditor.Search:ASIAI0B
Importing 'GUID: 2a09470ada0c47849ad79d26363f8e4a - Path: Assets/Assets/Prototype 1/Tutorial/Course Library/Textures/PolygonPrototype_Texture_Grid_01.png - Importer: ScriptedImporter/UnityEditor.QuickSearchModule:UnityEditor.Search:ASIAI0B' with importer (ScriptedImporter : UnityEditor.QuickSearchModule:UnityEditor.Search:ASIAI0B)
Imported 'GUID: 2a09470ada0c47849ad79d26363f8e4a' -> (Import Result ID: '581874def1d9e737a6a2de2980e13927') in 0.021 seconds [static and dynamic dependencies]. Details - ImportResultOutputID=1010bef30ed384233b83f96cdf8413b5 DependenciesID=b736feb09eca1a6513b0b9570d2c5ed8 StaticDependenciesID=ea9ad69e8f0ee32371fcf21a396e12e2 
Number of updated asset objects reloaded before import = 0
Number of asset objects unloaded after import = 1
========================================================================
Received Import Request.
  Time of request: 2026-06-21T06:27:24.646721Z
  Time since last request: 0.0078865 seconds.
  importAddress: GUID: 7789f4efbb0f45c4780925243375a18e - Path: Assets/Assets/Prototype 1/Tutorial/Course Library/Textures/PolygonPrototype_Texture_Grid_07.png - Importer: ScriptedImporter/UnityEditor.QuickSearchModule:UnityEditor.Search:ASIAI0B
Importing 'GUID: 7789f4efbb0f45c4780925243375a18e - Path: Assets/Assets/Prototype 1/Tutorial/Course Library/Textures/PolygonPrototype_Texture_Grid_07.png - Importer: ScriptedImporter/UnityEditor.QuickSearchModule:UnityEditor.Search:ASIAI0B' with importer (ScriptedImporter : UnityEditor.QuickSearchModule:UnityEditor.Search:ASIAI0B)
Imported 'GUID: 7789f4efbb0f45c4780925243375a18e' -> (Import Result ID: '37d5cfb292d50865a5a6b273ea7976b5') in 0.020 seconds [static and dynamic dependencies]. Details - ImportResultOutputID=c895fae2df01c585fbdae1e1d9951b62 DependenciesID=41b624ae4f7ed043c5ce8af0111e5e29 StaticDependenciesID=c4f2157ac45ac9dce36db747aec85043 
Number of updated asset objects reloaded before import = 0
Number of asset objects unloaded after import = 1
========================================================================
Received Import Request.
  Time of request: 2026-06-21T06:27:24.6928873Z
  Time since last request: 0.0036942 seconds.
  importAddress: GUID: 1d37a8dcf6badb340be6952c9a9fe92d - Path: Assets/Assets/Prototype 1/Tutorial/Prefabs/Enemy.prefab - Importer: ScriptedImporter/UnityEditor.QuickSearchModule:UnityEditor.Search:ASIAI0B
Importing 'GUID: 1d37a8dcf6badb340be6952c9a9fe92d - Path: Assets/Assets/Prototype 1/Tutorial/Prefabs/Enemy.prefab - Importer: ScriptedImporter/UnityEditor.QuickSearchModule:UnityEditor.Search:ASIAI0B' with importer (ScriptedImporter : UnityEditor.QuickSearchModule:UnityEditor.Search:ASIAI0B)
Imported 'GUID: 1d37a8dcf6badb340be6952c9a9fe92d' -> (Import Result ID: '269e445751c2e73a97e1470de1f7fb32') in 0.027 seconds [static and dynamic dependencies]. Details - ImportResultOutputID=a104e5a8f12beb1c584246b6104dfc34 DependenciesID=8254d0e9acd23d4b02da5bd3d6db8863 StaticDependenciesID=b5a247d0d3c08ecc55848e5c04795c49 
Number of updated asset objects reloaded before import = 0
Number of asset objects unloaded after import = 11
========================================================================
Received Prepare
AcceleratorClientConnectionCallback - disconnected - :0
[Licensing::Client] Successfully resolved entitlement details
Begin MonoManager ReloadAssembly
Refreshing native plugins compatible for Editor in 2.03 ms, found 4 plugins.
Native extension for WindowsStandalone target not found
Native extension for WebGL target not found
[Package Manager] Failed to launch server process. Reason: Unity was launched with the -noUpm command-line argument
[Package Manager] Unable to send message (not connected to server process).
[Package Manager] Cannot connect to Unity Package Manager local server
[Package Manager] Failed to launch server process. Reason: Unity was launched with the -noUpm command-line argument
[Package Manager] Unable to send message (not connected to server process).
[Package Manager] Cannot connect to Unity Package Manager local server
ScheduleIndexationOnStartup MainProcess:False IndexOnStartup:True
Mono: successfully reloaded assembly
- Finished resetting the current domain, in  1.336 seconds
Domain Reload Profiling: 3968ms
	BeginReloadAssembly (549ms)
		DisableScriptedObjects (31ms)
		CreateAndSetChildDomain (187ms)
	RebuildCommonClasses (19ms)
	RebuildNativeTypeToScriptingClass (41ms)
	initialDomainReloadingComplete (335ms)
	LoadAllAssembliesAndSetupDomain (1687ms)
		LoadAssemblies (1181ms)
		AnalyzeDomain (528ms)
			TypeCache.Refresh (60ms)
			BuildScriptInfoCaches (450ms)
			ResolveRequiredComponents (14ms)
	FinalizeReload (1337ms)
		SetupLoadedEditorAssemblies (0ms)
			InitializePlatformSupportModulesInManaged (5ms)
			BeforeProcessingInitializeOnLoad (221ms)
			ProcessInitializeOnLoadAttributes (490ms)
			ProcessInitializeOnLoadMethodAttributes (201ms)
			AfterProcessingInitializeOnLoad (12ms)
		AwakeInstancesAfterBackupRestoration (34ms)
Refreshing native plugins compatible for Editor in 3.47 ms, found 4 plugins.
Unloading 23 Unused Serialized files (Serialized files now loaded: 0)
Unloading 6431 unused Assets / (3.7 MB). Loaded Objects now: 7360.
Memory consumption went from 340.6 MB to 336.9 MB.
Total: 33.527400 ms (FindLiveObjects: 3.133300 ms CreateObjectMapping: 4.727000 ms MarkObjects: 17.084200 ms  DeleteObjects: 8.579900 ms)

Prepare: number of updated asset objects reloaded= 0
========================================================================
Received Prepare
AcceleratorClientConnectionCallback - disconnected - :0
Refreshing native plugins compatible for Editor in 3.35 ms, found 4 plugins.
Unloading 23 Unused Serialized files (Serialized files now loaded: 0)
Unloading 6420 unused Assets / (4.9 MB). Loaded Objects now: 7360.
Memory consumption went from 342.5 MB to 337.7 MB.
Total: 71.502200 ms (FindLiveObjects: 2.367800 ms CreateObjectMapping: 5.611100 ms MarkObjects: 54.797800 ms  DeleteObjects: 8.721200 ms)

Prepare: number of updated asset objects reloaded= 0
========================================================================
Received Prepare
AcceleratorClientConnectionCallback - disconnected - :0
Begin MonoManager ReloadAssembly
Refreshing native plugins compatible for Editor in 2.08 ms, found 4 plugins.
Native extension for WindowsStandalone target not found
Native extension for WebGL target not found
[Package Manager] Failed to launch server process. Reason: Unity was launched with the -noUpm command-line argument
[Package Manager] Unable to send message (not connected to server process).
[Package Manager] Cannot connect to Unity Package Manager local server
[Package Manager] Failed to launch server process. Reason: Unity was launched with the -noUpm command-line argument
[Package Manager] Unable to send message (not connected to server process).
[Package Manager] Cannot connect to Unity Package Manager local server
ScheduleIndexationOnStartup MainProcess:False IndexOnStartup:True
Mono: successfully reloaded assembly
- Finished resetting the current domain, in  1.145 seconds
Domain Reload Profiling: 3089ms
	BeginReloadAssembly (461ms)
		DisableScriptedObjects (18ms)
		CreateAndSetChildDomain (92ms)
	RebuildCommonClasses (13ms)
	RebuildNativeTypeToScriptingClass (32ms)
	initialDomainReloadingComplete (120ms)
	LoadAllAssembliesAndSetupDomain (1316ms)
		LoadAssemblies (934ms)
		AnalyzeDomain (426ms)
			TypeCache.Refresh (39ms)
			BuildScriptInfoCaches (374ms)
			ResolveRequiredComponents (10ms)
	FinalizeReload (1146ms)
		SetupLoadedEditorAssemblies (0ms)
			InitializePlatformSupportModulesInManaged (4ms)
			BeforeProcessingInitializeOnLoad (139ms)
			ProcessInitializeOnLoadAttributes (400ms)
			ProcessInitializeOnLoadMethodAttributes (191ms)
			AfterProcessingInitializeOnLoad (11ms)
		AwakeInstancesAfterBackupRestoration (34ms)
Refreshing native plugins compatible for Editor in 2.77 ms, found 4 plugins.
Unloading 23 Unused Serialized files (Serialized files now loaded: 0)
Unloading 6431 unused Assets / (6.0 MB). Loaded Objects now: 7363.
Memory consumption went from 344.4 MB to 338.4 MB.
Total: 17.744400 ms (FindLiveObjects: 1.873000 ms CreateObjectMapping: 3.557500 ms MarkObjects: 7.274200 ms  DeleteObjects: 5.037800 ms)

Prepare: number of updated asset objects reloaded= 0
========================================================================
Received Prepare
AcceleratorClientConnectionCallback - disconnected - :0
Refreshing native plugins compatible for Editor in 2.48 ms, found 4 plugins.
Unloading 23 Unused Serialized files (Serialized files now loaded: 0)
Unloading 6420 unused Assets / (5.5 MB). Loaded Objects now: 7363.
Memory consumption went from 346.5 MB to 341.1 MB.
Total: 30.407700 ms (FindLiveObjects: 2.128600 ms CreateObjectMapping: 6.136600 ms MarkObjects: 14.297800 ms  DeleteObjects: 7.840300 ms)

Prepare: number of updated asset objects reloaded= 0
========================================================================
Received Prepare
AcceleratorClientConnectionCallback - disconnected - :0
Begin MonoManager ReloadAssembly
Refreshing native plugins compatible for Editor in 2.05 ms, found 4 plugins.
Native extension for WindowsStandalone target not found
Native extension for WebGL target not found
[Package Manager] Failed to launch server process. Reason: Unity was launched with the -noUpm command-line argument
[Package Manager] Unable to send message (not connected to server process).
[Package Manager] Cannot connect to Unity Package Manager local server
[Package Manager] Failed to launch server process. Reason: Unity was launched with the -noUpm command-line argument
[Package Manager] Unable to send message (not connected to server process).
[Package Manager] Cannot connect to Unity Package Manager local server
ScheduleIndexationOnStartup MainProcess:False IndexOnStartup:True
Mono: successfully reloaded assembly
- Finished resetting the current domain, in  1.095 seconds
Domain Reload Profiling: 2901ms
	BeginReloadAssembly (473ms)
		DisableScriptedObjects (23ms)
		CreateAndSetChildDomain (105ms)
	RebuildCommonClasses (12ms)
	RebuildNativeTypeToScriptingClass (32ms)
	initialDomainReloadingComplete (112ms)
	LoadAllAssembliesAndSetupDomain (1175ms)
		LoadAssemblies (781ms)
		AnalyzeDomain (438ms)
			TypeCache.Refresh (44ms)
			BuildScriptInfoCaches (381ms)
			ResolveRequiredComponents (11ms)
	FinalizeReload (1097ms)
		SetupLoadedEditorAssemblies (0ms)
			InitializePlatformSupportModulesInManaged (3ms)
			BeforeProcessingInitializeOnLoad (131ms)
			ProcessInitializeOnLoadAttributes (365ms)
			ProcessInitializeOnLoadMethodAttributes (172ms)
			AfterProcessingInitializeOnLoad (11ms)
		AwakeInstancesAfterBackupRestoration (31ms)
Refreshing native plugins compatible for Editor in 2.50 ms, found 4 plugins.
Unloading 23 Unused Serialized files (Serialized files now loaded: 0)
Unloading 6431 unused Assets / (6.1 MB). Loaded Objects now: 7366.
Memory consumption went from 348.4 MB to 342.3 MB.
Total: 15.650900 ms (FindLiveObjects: 1.104700 ms CreateObjectMapping: 3.515100 ms MarkObjects: 7.321300 ms  DeleteObjects: 3.707600 ms)

Prepare: number of updated asset objects reloaded= 0
Editor requested this worker to shutdown with reason: Scaling down because of idle timeout
AcceleratorClientConnectionCallback - disconnected - :0
AssetImportWorker is now disconnected from the server
Process exiting
Exiting without the bug reporter. Application will terminate with return code 0