[Licensing::Module] Trying to connect to existing licensing client channel...
Built from '6000.5/staging' branch; Version is '6000.5.0f1 (88b47c5e7076) revision 8959100'; Using compiler version '194234433'; Build Type 'Release'
[Licensing::IpcConnector] Successfully connected to: "LicenseClient-tyler" at "2026-08-09T11:50:21.4061104Z"
OS: 'Windows 11  (10.0.26220) Core' Language: 'en' Physical Memory: 16299 MB
BatchMode: 1, IsHumanControllingUs: 0, StartBugReporterOnCrash: 0, Is64bit: 1
System  architecture: x64
Process architecture: x64
Date: 2026-08-09T11:50:21Z

COMMAND LINE ARGUMENTS:
C:\Program Files\Unity\Hub\Editor\6000.5.0f1\Editor\Unity.exe
-adb2
-batchMode
-noUpm
-name
AssetImportWorkerHW1
-projectPath
C:/Users/tyler/Documents/GitHub/Game-Dev-III/My project
-logFile
Logs/AssetImportWorkerHW1.log
-srvPort
64780
-parentPid
2012
-analyticsCloudUserId
anonymous
-analyticsCloudProjectId
655af935-c563-4d7e-a444-bc081339ca92
-analyticsLocalProjectId
f1b9c14d5627bcc44b85b92b47ef70cd
-licensingIpc
LicenseClient-tyler
-noDiagnosticSwitchPersistentStore
-job-worker-count
5
-background-job-worker-count
8
-asset-garbage-collectors
1
-force-d3d12
-name
AssetImport
Successfully changed project path to: C:/Users/tyler/Documents/GitHub/Game-Dev-III/My project
C:/Users/tyler/Documents/GitHub/Game-Dev-III/My project
[UnityMemory] Configuration Parameters - Can be set up in boot.config
    "memorysetup-temp-allocator-size-gi-baking-worker=262144"
    "memorysetup-temp-allocator-size-gi-baking-worker=262144"
    "memorysetup-temp-allocator-size-gi-baking-worker=262144"
    "memorysetup-temp-allocator-size-gi-baking-worker=262144"
    "memorysetup-temp-allocator-size-gi-baking-worker=262144"
    "memorysetup-temp-allocator-size-nav-mesh-worker=65536"
    "memorysetup-temp-allocator-size-audio-worker=65536"
    "memorysetup-temp-allocator-size-cloud-worker=32768"
    "memorysetup-temp-allocator-size-gfx=262144"
    "memorysetup-temp-allocator-size-preload-manager=33554432"
    "memorysetup-allocator-temp-initial-block-size-main=262144"
    "memorysetup-allocator-temp-initial-block-size-worker=262144"
    "memorysetup-temp-allocator-size-job-worker=262144"
    "memorysetup-temp-allocator-size-background-worker=32768"
    "memorysetup-bucket-allocator-granularity=16"
    "memorysetup-bucket-allocator-bucket-count=8"
    "memorysetup-bucket-allocator-block-size=33554432"
    "memorysetup-bucket-allocator-block-count=8"
    "memorysetup-main-allocator-block-size=16777216"
    "memorysetup-thread-allocator-block-size=16777216"
    "memorysetup-main-allocator-mimalloc-enabled=0"
    "memorysetup-gfx-main-allocator-block-size=16777216"
    "memorysetup-gfx-thread-allocator-block-size=16777216"
    "memorysetup-cache-allocator-block-size=4194304"
    "memorysetup-typetree-allocator-block-size=2097152"
    "memorysetup-profiler-bucket-allocator-granularity=16"
    "memorysetup-profiler-bucket-allocator-bucket-count=8"
    "memorysetup-profiler-bucket-allocator-block-size=33554432"
    "memorysetup-profiler-bucket-allocator-block-count=8"
    "memorysetup-profiler-allocator-block-size=16777216"
    "memorysetup-profiler-editor-allocator-block-size=1048576"
    "memorysetup-temp-allocator-size-main=16777216"
    "memorysetup-job-temp-allocator-block-size=2097152"
    "memorysetup-job-temp-allocator-block-size-background=1048576"
    "memorysetup-job-temp-allocator-reduction-small-platforms=262144"
Player connection [20928]  Target information:

Player connection [20928]  * "[IP] 192.168.1.254 [Port] 0 [Flags] 2 [Guid] 66667331 [EditorId] 66667331 [Version] 1048832 [Id] WindowsEditor(7,DESKTOP-ONOH9UU) [Debug] 1 [PackageName] WindowsEditor [ProjectName] Editor" 

Player connection [20928] Host joined multi-casting on [225.0.0.222:54997]...
Player connection [20928] Host joined alternative multi-casting on [225.0.0.222:34997]...
JobSystem: Creating JobQueue using job-worker-count value 5
Input System module state changed to: Initialized.
[Physics::Module] Initialized fallback backend.
[Physics::Module] Id: 0xdecafbad
Library Redirect Path: Library/
[Physics::Module] Selected backend.
[Physics::Module] Name: PhysX
[Physics::Module] Id: 0xf2b8ea05
[Physics::Module] SDK Version: 4.1.2
[Physics::Module] Integration Version: 1.0.0
[Physics::Module] Threading Mode: Multi-Threaded
Refreshing native plugins compatible for Editor in 4.43 ms, found 4 plugins.
Initialize engine version: 6000.5.0f1 (88b47c5e7076)
[Subsystems] Discovering subsystems at path C:/Program Files/Unity/Hub/Editor/6000.5.0f1/Editor/Data/Resources/UnitySubsystems
[Subsystems] Discovering subsystems at path C:/Users/tyler/Documents/GitHub/Game-Dev-III/My project/Assets
Forcing GfxDevice: Direct3D 12
GfxDevice: creating device client; kGfxThreadingModeNonThreaded
d3d12: failed to query info queue interface (0x80004002).
Direct3D:
    Version:         Direct3D 12 [level 12.1]
    Renderer:        NVIDIA GeForce GTX 1070 (ID=0x1b81)
    Vendor:          NVIDIA
    VRAM:            8067 MB
    App VRAM Budget: 7299 MB
    Driver:          32.0.15.8228
Initialize mono
Mono path[0] = 'C:/Program Files/Unity/Hub/Editor/6000.5.0f1/Editor/Data/Managed'
Mono path[1] = 'C:/Program Files/Unity/Hub/Editor/6000.5.0f1/Editor/Data/BCLExtensions/runtime/netstandard2.1'
Mono path[2] = 'C:/Program Files/Unity/Hub/Editor/6000.5.0f1/Editor/Data/MonoBleedingEdge/lib/mono/unityjit-win32'
Mono config path = 'C:/Program Files/Unity/Hub/Editor/6000.5.0f1/Editor/Data/MonoBleedingEdge/etc'
Using monoOptions --debugger-agent=transport=dt_socket,embedding=1,server=y,suspend=n,address=127.0.0.1:56308
CodeReloadManager initialized
Begin MonoManager ReloadAssembly
Registering precompiled unity dll's ...
Register platform support module: C:/Program Files/Unity/Hub/Editor/6000.5.0f1/Editor/Data/PlaybackEngines/WebGLSupport/UnityEditor.WebGL.Extensions.dll
Register platform support module: C:/Program Files/Unity/Hub/Editor/6000.5.0f1/Editor/Data/PlaybackEngines/WindowsStandaloneSupport/UnityEditor.WindowsStandalone.Extensions.dll
Registered in 0.003146 seconds.
[Licensing::Client] Error: HandshakeResponse reported an error:
	ResponseCode: 505
	ResponseStatus: Unsupported protocol version '1.18.1'.
[Licensing::Module] Error: Failed to handshake to channel: "LicenseClient-tyler"
[Licensing::IpcConnector] LicenseClient-tyler channel disconnected successfully.
[Licensing::IpcConnector] Successfully connected to: "LicenseClient-tyler-6000.5.0" at "2026-08-09T11:50:23.2877013Z"
[Licensing::Client] Code 10 while verifying Licensing Client signature (process Id: 16688, path: "C:/Program Files/Unity/Hub/Editor/6000.5.0f1/Editor/Data/Resources/Licensing/Client/Unity.Licensing.Client.exe")
[Licensing::Module] LicensingClient has failed validation; ignoring
[Licensing::Client] Handshaking with LicensingClient:
  Version:                 1.18.1+9fbee8e
  Session Id:              364b84d5f2714ac8bb2d040094899008
  Correlation Id:          030669da4b8ad09b9f2868d565af41e3
  External correlation Id: 2977842553818398077
  Machine Id:              QeWQyKUgr9slaz3hdB0ZBGZ27bw=
[Licensing::Module] Successfully connected to LicensingClient on channel: "LicenseClient-tyler-6000.5.0" (connect: 0.00s, validation: 0.00s, handshake: 0.01s)
[Licensing::IpcConnector] Successfully connected to: "LicenseClient-tyler-6000.5.0-notifications" at "2026-08-09T11:50:23.3018721Z"
[Licensing::Module] Licensing Background thread has ended after 1.90s
Native extension for WindowsStandalone target not found
Native extension for WebGL target not found
Package Manager log level set to [2]
[Package Manager] Failed to launch server process. Reason: Unity was launched with the -noUpm command-line argument
[Package Manager] Unable to send message (not connected to server process).
[Package Manager] Cannot connect to Unity Package Manager local server
ScheduleIndexationOnStartup MainProcess:False IndexOnStartup:True
Mono: successfully reloaded assembly
- Finished resetting the current domain, in  0.678 seconds
Domain Reload Profiling: 1708ms
	BeginReloadAssembly (191ms)
	RebuildCommonClasses (6ms)
	RebuildNativeTypeToScriptingClass (23ms)
	initialDomainReloadingComplete (131ms)
	LoadAllAssembliesAndSetupDomain (676ms)
		LoadAssemblies (188ms)
		AnalyzeDomain (503ms)
			TypeCache.Refresh (501ms)
				TypeCache.ScanAssembly (463ms)
	FinalizeReload (681ms)
		SetupLoadedEditorAssemblies (0ms)
			InitializePlatformSupportModulesInManaged (4ms)
			BeforeProcessingInitializeOnLoad (158ms)
			ProcessInitializeOnLoadAttributes (171ms)
			ProcessInitializeOnLoadMethodAttributes (202ms)
Initializing Unity extensions:
[Licensing::Client] Successfully resolved entitlement details
[Licensing::Module] License group:
  Id: 16768056786696-UnityPersXXXX
  Product: Unity Personal
  Type: Assigned
  Expiration: Unlimited
Curl error 3: URL rejected: Malformed input to a URL function
========================================================================
Worker process is ready to serve import requests
Import Worker Mode flag is 0x00
Begin MonoManager ReloadAssembly
Refreshing native plugins compatible for Editor in 2.84 ms, found 4 plugins.
Native extension for WindowsStandalone target not found
Native extension for WebGL target not found
[Package Manager] Failed to launch server process. Reason: Unity was launched with the -noUpm command-line argument
[Package Manager] Unable to send message (not connected to server process).
[Package Manager] Cannot connect to Unity Package Manager local server
Refreshing native plugins compatible for Editor in 2.52 ms, found 4 plugins.
[Package Manager] Failed to launch server process. Reason: Unity was launched with the -noUpm command-line argument
[Package Manager] Unable to send message (not connected to server process).
[Package Manager] Cannot connect to Unity Package Manager local server
ScheduleIndexationOnStartup MainProcess:False IndexOnStartup:True
Mono: successfully reloaded assembly
- Finished resetting the current domain, in  1.430 seconds
Domain Reload Profiling: 3215ms
	BeginReloadAssembly (344ms)
		DisableScriptedObjects (9ms)
		CreateAndSetChildDomain (56ms)
	RebuildCommonClasses (12ms)
	RebuildNativeTypeToScriptingClass (31ms)
	initialDomainReloadingComplete (115ms)
	LoadAllAssembliesAndSetupDomain (1282ms)
		LoadAssemblies (726ms)
		AnalyzeDomain (541ms)
			TypeCache.Refresh (349ms)
				TypeCache.ScanAssembly (315ms)
			BuildScriptInfoCaches (175ms)
			ResolveRequiredComponents (13ms)
	FinalizeReload (1431ms)
		SetupLoadedEditorAssemblies (0ms)
			InitializePlatformSupportModulesInManaged (3ms)
			BeforeProcessingInitializeOnLoad (172ms)
			ProcessInitializeOnLoadAttributes (546ms)
			ProcessInitializeOnLoadMethodAttributes (219ms)
			AfterProcessingInitializeOnLoad (13ms)
		AwakeInstancesAfterBackupRestoration (6ms)
AcceleratorClientConnectionCallback - disconnected - :0
Launched and connected shader compiler UnityShaderCompiler.exe after 0.02 seconds
Refreshing native plugins compatible for Editor in 2.30 ms, found 4 plugins.
Unloading 22 Unused Serialized files (Serialized files now loaded: 0)
Curl error 3: URL rejected: Malformed input to a URL function
Unloading 6441 unused Assets / (6.7 MB). Loaded Objects now: 7277.
Memory consumption went from 319.1 MB to 312.4 MB.
Total: 19.727800 ms (FindLiveObjects: 2.207500 ms CreateObjectMapping: 3.579900 ms MarkObjects: 7.128800 ms  DeleteObjects: 6.804900 ms)

========================================================================
Received Import Request.
  Time of request: 2026-08-09T12:13:12.762519Z
  Time since last request: 33210.67419839999638 seconds.
  importAddress: GUID: ae4ff49dfb4c229488b12d99e4b0e3fc - Path: Assets/Course Library/Source_Files/Materials/SumoBalls_Material.mat - Importer: ScriptedImporter/UnityEditor.QuickSearchModule:UnityEditor.Search:ASIAI0B
Importing 'GUID: ae4ff49dfb4c229488b12d99e4b0e3fc - Path: Assets/Course Library/Source_Files/Materials/SumoBalls_Material.mat - Importer: ScriptedImporter/UnityEditor.QuickSearchModule:UnityEditor.Search:ASIAI0B' with importer (ScriptedImporter : UnityEditor.QuickSearchModule:UnityEditor.Search:ASIAI0B)
Imported 'GUID: ae4ff49dfb4c229488b12d99e4b0e3fc' -> (Import Result ID: 'b8106812acec50b03c47aca944b3ac44') in 0.146 seconds [static and dynamic dependencies]. Details - ImportResultOutputID=6db4873b4c81404cb9cadc7f9db34b6c DependenciesID=f000e5115be88889727e2b6c4334f80f StaticDependenciesID=0b3beccefdfbfafdd7aafd613276e2fa 
Number of updated asset objects reloaded before import = 0
Number of asset objects unloaded after import = 3
========================================================================
Received Import Request.
  Time of request: 2026-08-09T12:13:12.9274508Z
  Time since last request: 0.0000431 seconds.
  importAddress: GUID: 3cf543484d2fb7347b203b934a632fa6 - Path: Assets/Course Library/Textures/Ground/Grass.png - Importer: ScriptedImporter/UnityEditor.QuickSearchModule:UnityEditor.Search:ASIAI0B
Importing 'GUID: 3cf543484d2fb7347b203b934a632fa6 - Path: Assets/Course Library/Textures/Ground/Grass.png - Importer: ScriptedImporter/UnityEditor.QuickSearchModule:UnityEditor.Search:ASIAI0B' with importer (ScriptedImporter : UnityEditor.QuickSearchModule:UnityEditor.Search:ASIAI0B)
Imported 'GUID: 3cf543484d2fb7347b203b934a632fa6' -> (Import Result ID: '6a8456a399f8d87a40686ed6bb08c636') in 0.077 seconds [static and dynamic dependencies]. Details - ImportResultOutputID=7ce1d7bee64281140796ba14cf494af8 DependenciesID=615626f46475e619f785f188f07f90ed StaticDependenciesID=1d3a9ec141722e2ef9a3185610cc519c 
Number of updated asset objects reloaded before import = 0
Number of asset objects unloaded after import = 1
========================================================================
Received Import Request.
  Time of request: 2026-08-09T12:13:13.0205377Z
  Time since last request: 0.0004193 seconds.
  importAddress: GUID: ab09877e2e707104187f6f83e2f62510 - Path: Assets/Settings/DefaultVolumeProfile.asset - Importer: ScriptedImporter/UnityEditor.QuickSearchModule:UnityEditor.Search:ASIAI0B
Importing 'GUID: ab09877e2e707104187f6f83e2f62510 - Path: Assets/Settings/DefaultVolumeProfile.asset - Importer: ScriptedImporter/UnityEditor.QuickSearchModule:UnityEditor.Search:ASIAI0B' with importer (ScriptedImporter : UnityEditor.QuickSearchModule:UnityEditor.Search:ASIAI0B)
Imported 'GUID: ab09877e2e707104187f6f83e2f62510' -> (Import Result ID: 'e52d6da9c1f0fc5a00669e11718792de') in 0.011 seconds [static and dynamic dependencies]. Details - ImportResultOutputID=e62b098ff3eb1fcc40190a24a8b10c57 DependenciesID=4ee24366a0cf488ee472c36308dd36db StaticDependenciesID=2150289f657a1c6790d092392fac950c 
Number of updated asset objects reloaded before import = 0
Number of asset objects unloaded after import = 1
========================================================================
Received Import Request.
  Time of request: 2026-08-09T12:13:13.0453477Z
  Time since last request: 0.0005109 seconds.
  importAddress: GUID: bc1ede39bf3643ee8e493720e4259791 - Path: Assets/TextMesh Pro/Shaders/TMP_SDF-Mobile Masking.shader - Importer: ScriptedImporter/UnityEditor.QuickSearchModule:UnityEditor.Search:ASIAI0B
Importing 'GUID: bc1ede39bf3643ee8e493720e4259791 - Path: Assets/TextMesh Pro/Shaders/TMP_SDF-Mobile Masking.shader - Importer: ScriptedImporter/UnityEditor.QuickSearchModule:UnityEditor.Search:ASIAI0B' with importer (ScriptedImporter : UnityEditor.QuickSearchModule:UnityEditor.Search:ASIAI0B)
Imported 'GUID: bc1ede39bf3643ee8e493720e4259791' -> (Import Result ID: 'a0a7e494ecbc338e85bec31c87ede76c') in 0.016 seconds [static and dynamic dependencies]. Details - ImportResultOutputID=fe9400e246d4bb0d2650e26fd0eb3e73 DependenciesID=f381e8e90069adfc03da56797d4d686d StaticDependenciesID=86f059e1763f5a24b4c43613b22fc5d6 
Number of updated asset objects reloaded before import = 0
Number of asset objects unloaded after import = 1
========================================================================
Received Import Request.
  Time of request: 2026-08-09T12:13:13.0773806Z
  Time since last request: 0.0005832 seconds.
  importAddress: GUID: e73a58f6e2794ae7b1b7e50b7fb811b0 - Path: Assets/TextMesh Pro/Resources/Fonts & Materials/LiberationSans SDF - Drop Shadow.mat - Importer: ScriptedImporter/UnityEditor.QuickSearchModule:UnityEditor.Search:ASIAI0B
Importing 'GUID: e73a58f6e2794ae7b1b7e50b7fb811b0 - Path: Assets/TextMesh Pro/Resources/Fonts & Materials/LiberationSans SDF - Drop Shadow.mat - Importer: ScriptedImporter/UnityEditor.QuickSearchModule:UnityEditor.Search:ASIAI0B' with importer (ScriptedImporter : UnityEditor.QuickSearchModule:UnityEditor.Search:ASIAI0B)
Imported 'GUID: e73a58f6e2794ae7b1b7e50b7fb811b0' -> (Import Result ID: '3010bbe08ecc4b0842a554d9f3a7c71e') in 0.034 seconds [static and dynamic dependencies]. Details - ImportResultOutputID=bebaaf4011c0c0392a714a20d267370f DependenciesID=772d79ca705edb45b4c0a7dfbb89a14a StaticDependenciesID=d1e60e6a96b640f9b46f349f1e2bf21f 
Number of updated asset objects reloaded before import = 0
Number of asset objects unloaded after import = 2
========================================================================
Received Import Request.
  Time of request: 2026-08-09T12:13:13.1302689Z
  Time since last request: 0.0011082 seconds.
  importAddress: GUID: 9a132159c95afef4084a8ed9c7a907b1 - Path: Assets/Assets/Prototype 2/Scripts/PlayerInventory.cs - Importer: ScriptedImporter/UnityEditor.QuickSearchModule:UnityEditor.Search:ASIAI0B
Importing 'GUID: 9a132159c95afef4084a8ed9c7a907b1 - Path: Assets/Assets/Prototype 2/Scripts/PlayerInventory.cs - Importer: ScriptedImporter/UnityEditor.QuickSearchModule:UnityEditor.Search:ASIAI0B' with importer (ScriptedImporter : UnityEditor.QuickSearchModule:UnityEditor.Search:ASIAI0B)
Imported 'GUID: 9a132159c95afef4084a8ed9c7a907b1' -> (Import Result ID: 'ba1d9d50a6866636e178f11d17e8bb72') in 0.021 seconds [static and dynamic dependencies]. Details - ImportResultOutputID=db1730ea9f62e5001608f962c56be735 DependenciesID=9c0359d989cacf79dac6d163f5b9b3c9 StaticDependenciesID=031d81e145889bed3e1227f30e909327 
Number of updated asset objects reloaded before import = 0
Number of asset objects unloaded after import = 0
========================================================================
Received Import Request.
  Time of request: 2026-08-09T12:13:13.1685379Z
  Time since last request: 0.0003609 seconds.
  importAddress: GUID: fade42e8bc714b018fac513c043d323b - Path: Assets/TextMesh Pro/Resources/LineBreaking Following Characters.txt - Importer: ScriptedImporter/UnityEditor.QuickSearchModule:UnityEditor.Search:ASIAI0B
Importing 'GUID: fade42e8bc714b018fac513c043d323b - Path: Assets/TextMesh Pro/Resources/LineBreaking Following Characters.txt - Importer: ScriptedImporter/UnityEditor.QuickSearchModule:UnityEditor.Search:ASIAI0B' with importer (ScriptedImporter : UnityEditor.QuickSearchModule:UnityEditor.Search:ASIAI0B)
Imported 'GUID: fade42e8bc714b018fac513c043d323b' -> (Import Result ID: '284ca43368dc616abb4a138816e28f0f') in 0.009 seconds [static and dynamic dependencies]. Details - ImportResultOutputID=df4391fa8856830f35b0c5a06d741cef DependenciesID=b5daacc2b8674e24762c1830dee5c69f StaticDependenciesID=d97dbee2666aced13392042fdb6a46e0 
Number of updated asset objects reloaded before import = 0
Number of asset objects unloaded after import = 1
========================================================================
Received Import Request.
  Time of request: 2026-08-09T12:13:13.1944748Z
  Time since last request: 0.0008538 seconds.
  importAddress: GUID: 65bc7dbf4170f435aa868c779acfb082 - Path: Assets/Settings/Mobile_Renderer.asset - Importer: ScriptedImporter/UnityEditor.QuickSearchModule:UnityEditor.Search:ASIAI0B
Importing 'GUID: 65bc7dbf4170f435aa868c779acfb082 - Path: Assets/Settings/Mobile_Renderer.asset - Importer: ScriptedImporter/UnityEditor.QuickSearchModule:UnityEditor.Search:ASIAI0B' with importer (ScriptedImporter : UnityEditor.QuickSearchModule:UnityEditor.Search:ASIAI0B)
Imported 'GUID: 65bc7dbf4170f435aa868c779acfb082' -> (Import Result ID: '6739bb2c3cad3e4ae6aa39e79b24aa7f') in 0.049 seconds [static and dynamic dependencies]. Details - ImportResultOutputID=65949c92986ddfd176469faaeafa324e DependenciesID=9ac010e436d2cd7a1c750e84bcef67dc StaticDependenciesID=75c1c357bafb18c35b73360e45beb093 
Number of updated asset objects reloaded before import = 0
Number of asset objects unloaded after import = 1
========================================================================
Received Import Request.
  Time of request: 2026-08-09T12:13:13.2602003Z
  Time since last request: 0.0004708 seconds.
  importAddress: GUID: 622534281a780fe438d9da8ff626a36f - Path: Assets/Assets/Universal/Scripts/GameManager.cs - Importer: ScriptedImporter/UnityEditor.QuickSearchModule:UnityEditor.Search:ASIAI0B
Importing 'GUID: 622534281a780fe438d9da8ff626a36f - Path: Assets/Assets/Universal/Scripts/GameManager.cs - Importer: ScriptedImporter/UnityEditor.QuickSearchModule:UnityEditor.Search:ASIAI0B' with importer (ScriptedImporter : UnityEditor.QuickSearchModule:UnityEditor.Search:ASIAI0B)
Imported 'GUID: 622534281a780fe438d9da8ff626a36f' -> (Import Result ID: 'caa857190981fd6b5e69f70e416a736e') in 0.006 seconds [static and dynamic dependencies]. Details - ImportResultOutputID=5b735d933a78837973b38a60251d793d DependenciesID=d0363307709c8a95b06b93e97448d443 StaticDependenciesID=499c46d9ebe1e62efabfd133ff5c8eec 
Number of updated asset objects reloaded before import = 0
Number of asset objects unloaded after import = 0
========================================================================
Received Import Request.
  Time of request: 2026-08-09T12:13:13.2805586Z
  Time since last request: 0.0005505 seconds.
  importAddress: GUID: a02a7d8c237544f1962732b55a9aebf1 - Path: Assets/TextMesh Pro/Shaders/TMP_SDF-Mobile Overlay.shader - Importer: ScriptedImporter/UnityEditor.QuickSearchModule:UnityEditor.Search:ASIAI0B
Importing 'GUID: a02a7d8c237544f1962732b55a9aebf1 - Path: Assets/TextMesh Pro/Shaders/TMP_SDF-Mobile Overlay.shader - Importer: ScriptedImporter/UnityEditor.QuickSearchModule:UnityEditor.Search:ASIAI0B' with importer (ScriptedImporter : UnityEditor.QuickSearchModule:UnityEditor.Search:ASIAI0B)
Imported 'GUID: a02a7d8c237544f1962732b55a9aebf1' -> (Import Result ID: '4bc86df35258309c9cd0d379836420a5') in 0.010 seconds [static and dynamic dependencies]. Details - ImportResultOutputID=f3ab0d9760e37fd251321e5893ffce17 DependenciesID=0483d8e7cf25b9ec93481a02683bf148 StaticDependenciesID=0cbb93db600e25254067abacd7a5d172 
Number of updated asset objects reloaded before import = 0
Number of asset objects unloaded after import = 1
========================================================================
Received Import Request.
  Time of request: 2026-08-09T12:13:13.3114703Z
  Time since last request: 0.0006064 seconds.
  importAddress: GUID: 48bb5f55d8670e349b6e614913f9d910 - Path: Assets/TextMesh Pro/Shaders/TMP_Bitmap-Custom-Atlas.shader - Importer: ScriptedImporter/UnityEditor.QuickSearchModule:UnityEditor.Search:ASIAI0B
Importing 'GUID: 48bb5f55d8670e349b6e614913f9d910 - Path: Assets/TextMesh Pro/Shaders/TMP_Bitmap-Custom-Atlas.shader - Importer: ScriptedImporter/UnityEditor.QuickSearchModule:UnityEditor.Search:ASIAI0B' with importer (ScriptedImporter : UnityEditor.QuickSearchModule:UnityEditor.Search:ASIAI0B)
Imported 'GUID: 48bb5f55d8670e349b6e614913f9d910' -> (Import Result ID: '420302b44155dd3e5e74ca5e63d7389f') in 0.012 seconds [static and dynamic dependencies]. Details - ImportResultOutputID=46ca98f53cdb8cf7ebcd99c3aea4c922 DependenciesID=993d9c1fe8e8381c0a751e2b68b6473a StaticDependenciesID=b2dc6b608df7d14d7f2cd49206751cca 
Number of updated asset objects reloaded before import = 0
Number of asset objects unloaded after import = 1
========================================================================
Received Import Request.
  Time of request: 2026-08-09T12:13:13.3410455Z
  Time since last request: 0.0007003 seconds.
  importAddress: GUID: 08d3372da362f624f90c1935f51f15c9 - Path: Assets/Assets/Prototype 1/Challenge 4/images.png - Importer: ScriptedImporter/UnityEditor.QuickSearchModule:UnityEditor.Search:ASIAI0B
Importing 'GUID: 08d3372da362f624f90c1935f51f15c9 - Path: Assets/Assets/Prototype 1/Challenge 4/images.png - Importer: ScriptedImporter/UnityEditor.QuickSearchModule:UnityEditor.Search:ASIAI0B' with importer (ScriptedImporter : UnityEditor.QuickSearchModule:UnityEditor.Search:ASIAI0B)
Imported 'GUID: 08d3372da362f624f90c1935f51f15c9' -> (Import Result ID: '1d8c2c09c615824f8ded2c40e74ebaa0') in 0.024 seconds [static and dynamic dependencies]. Details - ImportResultOutputID=2aac02eeee76428a43dc44ee57a473b8 DependenciesID=63cfb62dcfeac52ae15683a03a032071 StaticDependenciesID=26c0d8025f56e65a8a91888db2a89534 
Number of updated asset objects reloaded before import = 0
Number of asset objects unloaded after import = 3
========================================================================
Received Import Request.
  Time of request: 2026-08-09T12:13:13.3839431Z
  Time since last request: 0.0004834 seconds.
  importAddress: GUID: f63d574838ccfb44f84acc05fed0af48 - Path: Assets/TextMesh Pro/Shaders/TMP_SDF-HDRP UNLIT.shadergraph - Importer: ScriptedImporter/UnityEditor.QuickSearchModule:UnityEditor.Search:ASIAI0B
Importing 'GUID: f63d574838ccfb44f84acc05fed0af48 - Path: Assets/TextMesh Pro/Shaders/TMP_SDF-HDRP UNLIT.shadergraph - Importer: ScriptedImporter/UnityEditor.QuickSearchModule:UnityEditor.Search:ASIAI0B' with importer (ScriptedImporter : UnityEditor.QuickSearchModule:UnityEditor.Search:ASIAI0B)
Imported 'GUID: f63d574838ccfb44f84acc05fed0af48' -> (Import Result ID: '990bae082743aa7857568595fb9bacf1') in 0.023 seconds [static and dynamic dependencies]. Details - ImportResultOutputID=a52b52683c27f9170b4e0920819fe33f DependenciesID=ce6816ad34f52ca4006e973418e1d990 StaticDependenciesID=003b4b38205633e901dcdff0b6b68b14 
Number of updated asset objects reloaded before import = 0
Number of asset objects unloaded after import = 4
========================================================================
Received Import Request.
  Time of request: 2026-08-09T12:13:13.42338Z
  Time since last request: 0.0010437 seconds.
  importAddress: GUID: 0178fcb869bafef4690d177d31d17db8 - Path: Assets/TextMesh Pro/Shaders/TMP_SDF-Mobile-2-Pass.shader - Importer: ScriptedImporter/UnityEditor.QuickSearchModule:UnityEditor.Search:ASIAI0B
Importing 'GUID: 0178fcb869bafef4690d177d31d17db8 - Path: Assets/TextMesh Pro/Shaders/TMP_SDF-Mobile-2-Pass.shader - Importer: ScriptedImporter/UnityEditor.QuickSearchModule:UnityEditor.Search:ASIAI0B' with importer (ScriptedImporter : UnityEditor.QuickSearchModule:UnityEditor.Search:ASIAI0B)
Imported 'GUID: 0178fcb869bafef4690d177d31d17db8' -> (Import Result ID: 'dd8648748b4a7e8e08b6b2a4d76a27cc') in 0.008 seconds [static and dynamic dependencies]. Details - ImportResultOutputID=0392cc713fc0c4a9a9d629dd4cc85a89 DependenciesID=274ae7451a1fb9ddf8a740c66042ee2a StaticDependenciesID=72c0dfb8980073a50ae9e8b11f7c3c93 
Number of updated asset objects reloaded before import = 0
Number of asset objects unloaded after import = 1
========================================================================
Received Import Request.
  Time of request: 2026-08-09T12:13:13.4455921Z
  Time since last request: 0.000471 seconds.
  importAddress: GUID: 8657db006c23606419ed8c1e3ca05b69 - Path: Assets/Assets/Prototype 2/Scripts/PlayerMovement.cs - Importer: ScriptedImporter/UnityEditor.QuickSearchModule:UnityEditor.Search:ASIAI0B
Importing 'GUID: 8657db006c23606419ed8c1e3ca05b69 - Path: Assets/Assets/Prototype 2/Scripts/PlayerMovement.cs - Importer: ScriptedImporter/UnityEditor.QuickSearchModule:UnityEditor.Search:ASIAI0B' with importer (ScriptedImporter : UnityEditor.QuickSearchModule:UnityEditor.Search:ASIAI0B)
Imported 'GUID: 8657db006c23606419ed8c1e3ca05b69' -> (Import Result ID: '0c268843b5533d3bb52a87677413210f') in 0.007 seconds [static and dynamic dependencies]. Details - ImportResultOutputID=1db1c099a8cefb6617965e846398bcd8 DependenciesID=27ee6b82fa662b638cb0328066a609d8 StaticDependenciesID=53ac3d62c0aa9175f2f65e27cba24a1c 
Number of updated asset objects reloaded before import = 0
Number of asset objects unloaded after import = 0
========================================================================
Received Import Request.
  Time of request: 2026-08-09T12:13:13.4685535Z
  Time since last request: 0.0008423 seconds.
  importAddress: GUID: ca2ed216f98028c4dae6c5224a952b3c - Path: Assets/TextMesh Pro/Shaders/TMP_SDF-HDRP LIT.shadergraph - Importer: ScriptedImporter/UnityEditor.QuickSearchModule:UnityEditor.Search:ASIAI0B
Importing 'GUID: ca2ed216f98028c4dae6c5224a952b3c - Path: Assets/TextMesh Pro/Shaders/TMP_SDF-HDRP LIT.shadergraph - Importer: ScriptedImporter/UnityEditor.QuickSearchModule:UnityEditor.Search:ASIAI0B' with importer (ScriptedImporter : UnityEditor.QuickSearchModule:UnityEditor.Search:ASIAI0B)
Imported 'GUID: ca2ed216f98028c4dae6c5224a952b3c' -> (Import Result ID: '71475c214818216824be9372339bb5c6') in 0.010 seconds [static and dynamic dependencies]. Details - ImportResultOutputID=aa46fbb6fe353165706a62c6c567bb41 DependenciesID=bd78a64baf6a4d155f1c3e691dfe5484 StaticDependenciesID=8954634b6793ed3c28e5156402c11751 
Number of updated asset objects reloaded before import = 0
Number of asset objects unloaded after import = 4
========================================================================
Received Import Request.
  Time of request: 2026-08-09T12:13:13.4965518Z
  Time since last request: 0.0003699 seconds.
  importAddress: GUID: cf81c85f95fe47e1a27f6ae460cf182c - Path: Assets/TextMesh Pro/Shaders/TMP_Sprite.shader - Importer: ScriptedImporter/UnityEditor.QuickSearchModule:UnityEditor.Search:ASIAI0B
Importing 'GUID: cf81c85f95fe47e1a27f6ae460cf182c - Path: Assets/TextMesh Pro/Shaders/TMP_Sprite.shader - Importer: ScriptedImporter/UnityEditor.QuickSearchModule:UnityEditor.Search:ASIAI0B' with importer (ScriptedImporter : UnityEditor.QuickSearchModule:UnityEditor.Search:ASIAI0B)
Imported 'GUID: cf81c85f95fe47e1a27f6ae460cf182c' -> (Import Result ID: '9c54db759d07a108ba66c5a3903f6d97') in 0.008 seconds [static and dynamic dependencies]. Details - ImportResultOutputID=edcfbd963af3a524ba8979cda291cd8c DependenciesID=85d357bd3ed3488001907182e90ef8e7 StaticDependenciesID=af0f62a98376ddde81959463bcc92643 
Number of updated asset objects reloaded before import = 0
Number of asset objects unloaded after import = 1
========================================================================
Received Import Request.
  Time of request: 2026-08-09T12:13:13.5228631Z
  Time since last request: 0.0008023 seconds.
  importAddress: GUID: 1e3b057af24249748ff873be7fafee47 - Path: Assets/TextMesh Pro/Shaders/TMP_Bitmap-Mobile.shader - Importer: ScriptedImporter/UnityEditor.QuickSearchModule:UnityEditor.Search:ASIAI0B
Importing 'GUID: 1e3b057af24249748ff873be7fafee47 - Path: Assets/TextMesh Pro/Shaders/TMP_Bitmap-Mobile.shader - Importer: ScriptedImporter/UnityEditor.QuickSearchModule:UnityEditor.Search:ASIAI0B' with importer (ScriptedImporter : UnityEditor.QuickSearchModule:UnityEditor.Search:ASIAI0B)
Imported 'GUID: 1e3b057af24249748ff873be7fafee47' -> (Import Result ID: '68cb786559d54d9c4a2e44fa512c5e91') in 0.010 seconds [static and dynamic dependencies]. Details - ImportResultOutputID=a43d694e14259c94dc37565d0e269b5a DependenciesID=f24c2ab76d38c874635f390cee084ddb StaticDependenciesID=ab2e4a64c041d0a0d220b2c6b19c187b 
Number of updated asset objects reloaded before import = 0
Number of asset objects unloaded after import = 1
========================================================================
Received Import Request.
  Time of request: 2026-08-09T12:13:13.5531521Z
  Time since last request: 0.0009141 seconds.
  importAddress: GUID: 407bc68d299748449bbf7f48ee690f8d - Path: Assets/TextMesh Pro/Shaders/TMPro.cginc - Importer: ScriptedImporter/UnityEditor.QuickSearchModule:UnityEditor.Search:ASIAI0B
Importing 'GUID: 407bc68d299748449bbf7f48ee690f8d - Path: Assets/TextMesh Pro/Shaders/TMPro.cginc - Importer: ScriptedImporter/UnityEditor.QuickSearchModule:UnityEditor.Search:ASIAI0B' with importer (ScriptedImporter : UnityEditor.QuickSearchModule:UnityEditor.Search:ASIAI0B)
Imported 'GUID: 407bc68d299748449bbf7f48ee690f8d' -> (Import Result ID: '7363698d909466c06f64fba941c5a2e0') in 0.007 seconds [static and dynamic dependencies]. Details - ImportResultOutputID=660375a6d21f3500289ac9cc1b727e2e DependenciesID=f34e3c1aa5580430f8ae514931354f83 StaticDependenciesID=ff8bd0465632424c0a9e22259b882eb5 
Number of updated asset objects reloaded before import = 0
Number of asset objects unloaded after import = 1
========================================================================
Received Import Request.
  Time of request: 2026-08-09T12:13:13.5850179Z
  Time since last request: 0.0009228 seconds.
  importAddress: GUID: dd89cf5b9246416f84610a006f916af7 - Path: Assets/TextMesh Pro/Shaders/TMP_SDF Overlay.shader - Importer: ScriptedImporter/UnityEditor.QuickSearchModule:UnityEditor.Search:ASIAI0B
Importing 'GUID: dd89cf5b9246416f84610a006f916af7 - Path: Assets/TextMesh Pro/Shaders/TMP_SDF Overlay.shader - Importer: ScriptedImporter/UnityEditor.QuickSearchModule:UnityEditor.Search:ASIAI0B' with importer (ScriptedImporter : UnityEditor.QuickSearchModule:UnityEditor.Search:ASIAI0B)
Imported 'GUID: dd89cf5b9246416f84610a006f916af7' -> (Import Result ID: 'abed6b9b83e732379ed95902afd295a5') in 0.006 seconds [static and dynamic dependencies]. Details - ImportResultOutputID=fc9350c25800e61c71da90cf63ddcc8c DependenciesID=5135a61546fa5b4c6a4aed1e5f19f8bb StaticDependenciesID=3dc55b949d1bb0b6660465ce5e440f96 
Number of updated asset objects reloaded before import = 0
Number of asset objects unloaded after import = 1
========================================================================
Received Import Request.
  Time of request: 2026-08-09T12:13:13.6144381Z
  Time since last request: 0.0004574 seconds.
  importAddress: GUID: 68e6db2ebdc24f95958faec2be5558d6 - Path: Assets/TextMesh Pro/Shaders/TMP_SDF.shader - Importer: ScriptedImporter/UnityEditor.QuickSearchModule:UnityEditor.Search:ASIAI0B
Importing 'GUID: 68e6db2ebdc24f95958faec2be5558d6 - Path: Assets/TextMesh Pro/Shaders/TMP_SDF.shader - Importer: ScriptedImporter/UnityEditor.QuickSearchModule:UnityEditor.Search:ASIAI0B' with importer (ScriptedImporter : UnityEditor.QuickSearchModule:UnityEditor.Search:ASIAI0B)
Imported 'GUID: 68e6db2ebdc24f95958faec2be5558d6' -> (Import Result ID: '54e405cb50ad2949e94547e864d5c128') in 0.008 seconds [static and dynamic dependencies]. Details - ImportResultOutputID=0db71e9d13a512fc4afd07d50b9395bb DependenciesID=a18d13e0fb337ceca036a5cb64bbe845 StaticDependenciesID=db83b49fe246259b1987e88492b715b0 
Number of updated asset objects reloaded before import = 0
Number of asset objects unloaded after import = 1
========================================================================
Received Import Request.
  Time of request: 2026-08-09T12:13:13.6412583Z
  Time since last request: 0.0006398 seconds.
  importAddress: GUID: b2e2047eb9729b04a8fd0aaa7ed5a8af - Path: Assets/Assets/Prototype 2/Scripts/SunPickup.cs - Importer: ScriptedImporter/UnityEditor.QuickSearchModule:UnityEditor.Search:ASIAI0B
Importing 'GUID: b2e2047eb9729b04a8fd0aaa7ed5a8af - Path: Assets/Assets/Prototype 2/Scripts/SunPickup.cs - Importer: ScriptedImporter/UnityEditor.QuickSearchModule:UnityEditor.Search:ASIAI0B' with importer (ScriptedImporter : UnityEditor.QuickSearchModule:UnityEditor.Search:ASIAI0B)
Imported 'GUID: b2e2047eb9729b04a8fd0aaa7ed5a8af' -> (Import Result ID: '4157a1c37177a48dfe0af1e813464c2a') in 0.007 seconds [static and dynamic dependencies]. Details - ImportResultOutputID=8421775d33272a6155ba9abb48c04737 DependenciesID=8e7e5b17beb05a61c62cb43a09bf60ce StaticDependenciesID=4be63e42f3e3fce04a139ed095dee00d 
Number of updated asset objects reloaded before import = 0
Number of asset objects unloaded after import = 0
========================================================================
Received Import Request.
  Time of request: 2026-08-09T12:13:13.6717623Z
  Time since last request: 0.0005408 seconds.
  importAddress: GUID: 2b8a5ad8fb5a76c4ab0e7dfe443cde6f - Path: Assets/InputSystem_Actions.cs - Importer: ScriptedImporter/UnityEditor.QuickSearchModule:UnityEditor.Search:ASIAI0B
Importing 'GUID: 2b8a5ad8fb5a76c4ab0e7dfe443cde6f - Path: Assets/InputSystem_Actions.cs - Importer: ScriptedImporter/UnityEditor.QuickSearchModule:UnityEditor.Search:ASIAI0B' with importer (ScriptedImporter : UnityEditor.QuickSearchModule:UnityEditor.Search:ASIAI0B)
Imported 'GUID: 2b8a5ad8fb5a76c4ab0e7dfe443cde6f' -> (Import Result ID: '9e2ad84e1085cf94d860abf6829a7299') in 0.006 seconds [static and dynamic dependencies]. Details - ImportResultOutputID=82fe8509d35b9a95cb0f9af65b6bfad5 DependenciesID=84e1e9bd1370caab06f9be21f7387c26 StaticDependenciesID=973030d559d62a7673f17b3f9f7e763d 
Number of updated asset objects reloaded before import = 0
Number of asset objects unloaded after import = 0
========================================================================
Received Import Request.
  Time of request: 2026-08-09T12:13:13.6972471Z
  Time since last request: 0.0005415 seconds.
  importAddress: GUID: 125f31ba4cdefb2469a075f509877b02 - Path: Assets/Course Library/_Source_Files/Materials/UnlitVertexColour_Alpha.shader - Importer: ScriptedImporter/UnityEditor.QuickSearchModule:UnityEditor.Search:ASIAI0B
Importing 'GUID: 125f31ba4cdefb2469a075f509877b02 - Path: Assets/Course Library/_Source_Files/Materials/UnlitVertexColour_Alpha.shader - Importer: ScriptedImporter/UnityEditor.QuickSearchModule:UnityEditor.Search:ASIAI0B' with importer (ScriptedImporter : UnityEditor.QuickSearchModule:UnityEditor.Search:ASIAI0B)
Imported 'GUID: 125f31ba4cdefb2469a075f509877b02' -> (Import Result ID: '6ee982ddd3e20d43f3ba36226a450b97') in 0.009 seconds [static and dynamic dependencies]. Details - ImportResultOutputID=baa699427e0635d9ff0d268c00a9e335 DependenciesID=00deb19006672d27fc6eebad9b0cdc4d StaticDependenciesID=3c3bfd2a0361af5148f1251ed3ece1d6 
Number of updated asset objects reloaded before import = 0
Number of asset objects unloaded after import = 1
========================================================================
Received Import Request.
  Time of request: 2026-08-09T12:13:13.7245275Z
  Time since last request: 0.0008645 seconds.
  importAddress: GUID: 3997e2241185407d80309a82f9148466 - Path: Assets/TextMesh Pro/Shaders/TMPro_Properties.cginc - Importer: ScriptedImporter/UnityEditor.QuickSearchModule:UnityEditor.Search:ASIAI0B
Importing 'GUID: 3997e2241185407d80309a82f9148466 - Path: Assets/TextMesh Pro/Shaders/TMPro_Properties.cginc - Importer: ScriptedImporter/UnityEditor.QuickSearchModule:UnityEditor.Search:ASIAI0B' with importer (ScriptedImporter : UnityEditor.QuickSearchModule:UnityEditor.Search:ASIAI0B)
Imported 'GUID: 3997e2241185407d80309a82f9148466' -> (Import Result ID: 'c1421e3e8ec6ea20b87e2cb9d6f73869') in 0.006 seconds [static and dynamic dependencies]. Details - ImportResultOutputID=8bd496a97a7dcf3475a711e4257d5281 DependenciesID=78feee3f8a277974f12295f8e1a50aa4 StaticDependenciesID=4a0eceb1f6ba14aaaa0524327e1041a5 
Number of updated asset objects reloaded before import = 0
Number of asset objects unloaded after import = 1
========================================================================
Received Import Request.
  Time of request: 2026-08-09T12:13:13.7489232Z
  Time since last request: 0.0005031 seconds.
  importAddress: GUID: 5e6cbd92db86f4b18aec3ed561671858 - Path: Assets/Settings/Mobile_RPAsset.asset - Importer: ScriptedImporter/UnityEditor.QuickSearchModule:UnityEditor.Search:ASIAI0B
Importing 'GUID: 5e6cbd92db86f4b18aec3ed561671858 - Path: Assets/Settings/Mobile_RPAsset.asset - Importer: ScriptedImporter/UnityEditor.QuickSearchModule:UnityEditor.Search:ASIAI0B' with importer (ScriptedImporter : UnityEditor.QuickSearchModule:UnityEditor.Search:ASIAI0B)
Imported 'GUID: 5e6cbd92db86f4b18aec3ed561671858' -> (Import Result ID: 'b07321e53a9ea3c4775bcf1526ddd8fe') in 0.066 seconds [static and dynamic dependencies]. Details - ImportResultOutputID=eb315a101ef39423af4168ea794c5cf6 DependenciesID=fbfe78b1483a2efa91c36e75047b1382 StaticDependenciesID=8650baaf4ef9d4a43f13a3cc49d222e1 
Number of updated asset objects reloaded before import = 0
Number of asset objects unloaded after import = 2
========================================================================
Received Import Request.
  Time of request: 2026-08-09T12:13:13.8325689Z
  Time since last request: 0.0004912 seconds.
  importAddress: GUID: 6e59c59b81ab47f9b6ec5781fa725d2c - Path: Assets/TextMesh Pro/Fonts/LiberationSans - OFL.txt - Importer: ScriptedImporter/UnityEditor.QuickSearchModule:UnityEditor.Search:ASIAI0B
Importing 'GUID: 6e59c59b81ab47f9b6ec5781fa725d2c - Path: Assets/TextMesh Pro/Fonts/LiberationSans - OFL.txt - Importer: ScriptedImporter/UnityEditor.QuickSearchModule:UnityEditor.Search:ASIAI0B' with importer (ScriptedImporter : UnityEditor.QuickSearchModule:UnityEditor.Search:ASIAI0B)
Imported 'GUID: 6e59c59b81ab47f9b6ec5781fa725d2c' -> (Import Result ID: 'bc43b174184b7c56e8b3c133934e120b') in 0.007 seconds [static and dynamic dependencies]. Details - ImportResultOutputID=1c30c0a751c25650162dd8ee2b9e3e33 DependenciesID=012c9e1701a37bd4be7c41559bc76d37 StaticDependenciesID=a5446db9a97e0204bf2b94fafc40d381 
Number of updated asset objects reloaded before import = 0
Number of asset objects unloaded after import = 1
========================================================================
Received Import Request.
  Time of request: 2026-08-09T12:13:13.8583455Z
  Time since last request: 0.0005696 seconds.
  importAddress: GUID: c8d12adcee749c344b8117cf7c7eb912 - Path: Assets/TextMesh Pro/Shaders/TMP_SDF-Mobile SSD.shader - Importer: ScriptedImporter/UnityEditor.QuickSearchModule:UnityEditor.Search:ASIAI0B
Importing 'GUID: c8d12adcee749c344b8117cf7c7eb912 - Path: Assets/TextMesh Pro/Shaders/TMP_SDF-Mobile SSD.shader - Importer: ScriptedImporter/UnityEditor.QuickSearchModule:UnityEditor.Search:ASIAI0B' with importer (ScriptedImporter : UnityEditor.QuickSearchModule:UnityEditor.Search:ASIAI0B)
Imported 'GUID: c8d12adcee749c344b8117cf7c7eb912' -> (Import Result ID: '392b4be5e29003586cc2d93a54b6aefb') in 0.007 seconds [static and dynamic dependencies]. Details - ImportResultOutputID=995d299dd1fd0e27e72407f2acf3b4ad DependenciesID=9c0ca28018577bfe95080ea03913cd71 StaticDependenciesID=0801d6ea90c003154b8e642603471033 
Number of updated asset objects reloaded before import = 0
Number of asset objects unloaded after import = 1
========================================================================
Received Import Request.
  Time of request: 2026-08-09T12:13:13.8818144Z
  Time since last request: 0.0004199 seconds.
  importAddress: GUID: 18dc0cd2c080841dea60987a38ce93fa - Path: Assets/Settings/UniversalRenderPipelineGlobalSettings.asset - Importer: ScriptedImporter/UnityEditor.QuickSearchModule:UnityEditor.Search:ASIAI0B
Importing 'GUID: 18dc0cd2c080841dea60987a38ce93fa - Path: Assets/Settings/UniversalRenderPipelineGlobalSettings.asset - Importer: ScriptedImporter/UnityEditor.QuickSearchModule:UnityEditor.Search:ASIAI0B' with importer (ScriptedImporter : UnityEditor.QuickSearchModule:UnityEditor.Search:ASIAI0B)
Imported 'GUID: 18dc0cd2c080841dea60987a38ce93fa' -> (Import Result ID: '3476bbcb37e6de60dde344837406b944') in 0.118 seconds [static and dynamic dependencies]. Details - ImportResultOutputID=9b933d665fa11483c178f94a995b3bc7 DependenciesID=0700dd8cb22b71aea61fa199d4829adc StaticDependenciesID=8d3f51a889b9849bb91d644aeacfcfa4 
Number of updated asset objects reloaded before import = 0
Number of asset objects unloaded after import = 1
========================================================================
Received Import Request.
  Time of request: 2026-08-09T12:13:14.0192519Z
  Time since last request: 0.0005138 seconds.
  importAddress: GUID: a0cec58fc32f482418596ffdf7c0d693 - Path: Assets/Course Library/_Source_Files/Materials/FX_Base.mat - Importer: ScriptedImporter/UnityEditor.QuickSearchModule:UnityEditor.Search:ASIAI0B
Importing 'GUID: a0cec58fc32f482418596ffdf7c0d693 - Path: Assets/Course Library/_Source_Files/Materials/FX_Base.mat - Importer: ScriptedImporter/UnityEditor.QuickSearchModule:UnityEditor.Search:ASIAI0B' with importer (ScriptedImporter : UnityEditor.QuickSearchModule:UnityEditor.Search:ASIAI0B)
Imported 'GUID: a0cec58fc32f482418596ffdf7c0d693' -> (Import Result ID: 'bceb5b196db2412bab5b4b79cdf52f79') in 0.008 seconds [static and dynamic dependencies]. Details - ImportResultOutputID=46f656601a36a87ac2559a24fab1e80d DependenciesID=72604a7a78e6f3a78b37336bf3fe11d3 StaticDependenciesID=1b9746132b47e6810ae9a5b1f32fca85 
Number of updated asset objects reloaded before import = 0
Number of asset objects unloaded after import = 1
========================================================================
Received Import Request.
  Time of request: 2026-08-09T12:13:14.0475649Z
  Time since last request: 0.0008177 seconds.
  importAddress: GUID: f7ada0af4f174f0694ca6a487b8f543d - Path: Assets/TextMesh Pro/Shaders/TMP_SDF-Surface.shader - Importer: ScriptedImporter/UnityEditor.QuickSearchModule:UnityEditor.Search:ASIAI0B
Importing 'GUID: f7ada0af4f174f0694ca6a487b8f543d - Path: Assets/TextMesh Pro/Shaders/TMP_SDF-Surface.shader - Importer: ScriptedImporter/UnityEditor.QuickSearchModule:UnityEditor.Search:ASIAI0B' with importer (ScriptedImporter : UnityEditor.QuickSearchModule:UnityEditor.Search:ASIAI0B)
Imported 'GUID: f7ada0af4f174f0694ca6a487b8f543d' -> (Import Result ID: '4a1bba45a14a2da3640a4ae9a1bfd670') in 0.013 seconds [static and dynamic dependencies]. Details - ImportResultOutputID=ef0cb3719f9d7e283cde8edb2dbdac4e DependenciesID=23aaca32e8ea952f5a0da09d63590b1e StaticDependenciesID=1121ff36a4d52d97e6b63cf239319fdb 
Number of updated asset objects reloaded before import = 0
Number of asset objects unloaded after import = 1
========================================================================
Received Import Request.
  Time of request: 2026-08-09T12:13:14.0800764Z
  Time since last request: 0.0007995 seconds.
  importAddress: GUID: fcff07028172900489f82726c53a98ae - Path: Assets/Assets/Prototype 2/Scripts/SunlightPickup.cs - Importer: ScriptedImporter/UnityEditor.QuickSearchModule:UnityEditor.Search:ASIAI0B
Importing 'GUID: fcff07028172900489f82726c53a98ae - Path: Assets/Assets/Prototype 2/Scripts/SunlightPickup.cs - Importer: ScriptedImporter/UnityEditor.QuickSearchModule:UnityEditor.Search:ASIAI0B' with importer (ScriptedImporter : UnityEditor.QuickSearchModule:UnityEditor.Search:ASIAI0B)
Imported 'GUID: fcff07028172900489f82726c53a98ae' -> (Import Result ID: '81305963adaf8b4fa1f6dc010f04a4df') in 0.011 seconds [static and dynamic dependencies]. Details - ImportResultOutputID=3f3e814d55ad260865d233210ab80d60 DependenciesID=0ce864cc8d98b2e76f44cbd5f62b46b0 StaticDependenciesID=81cb923f97437f875ff87b79f740756d 
Number of updated asset objects reloaded before import = 0
Number of asset objects unloaded after import = 0
========================================================================
Received Import Request.
  Time of request: 2026-08-09T12:13:14.1097777Z
  Time since last request: 0.0007241 seconds.
  importAddress: GUID: d82c1b31c7e74239bff1220585707d2b - Path: Assets/TextMesh Pro/Resources/LineBreaking Leading Characters.txt - Importer: ScriptedImporter/UnityEditor.QuickSearchModule:UnityEditor.Search:ASIAI0B
Importing 'GUID: d82c1b31c7e74239bff1220585707d2b - Path: Assets/TextMesh Pro/Resources/LineBreaking Leading Characters.txt - Importer: ScriptedImporter/UnityEditor.QuickSearchModule:UnityEditor.Search:ASIAI0B' with importer (ScriptedImporter : UnityEditor.QuickSearchModule:UnityEditor.Search:ASIAI0B)
Imported 'GUID: d82c1b31c7e74239bff1220585707d2b' -> (Import Result ID: '0326ee620ff2e7dabf4268cb9259bbff') in 0.012 seconds [static and dynamic dependencies]. Details - ImportResultOutputID=9b118fb0f2a47a5677624d5c4610afcc DependenciesID=dc66ba723697d421ae11865ed342827d StaticDependenciesID=dda9deda6e4e241f76e7fb081f0ee35f 
Number of updated asset objects reloaded before import = 0
Number of asset objects unloaded after import = 1
========================================================================
Received Import Request.
  Time of request: 2026-08-09T12:13:14.1432815Z
  Time since last request: 0.000646 seconds.
  importAddress: GUID: a7c3a74a36fe6d143aa9fb286f231733 - Path: Assets/Assets/Prototype 3/Scene/New SceneTemplate.scenetemplate - Importer: ScriptedImporter/UnityEditor.QuickSearchModule:UnityEditor.Search:ASIAI0B
Importing 'GUID: a7c3a74a36fe6d143aa9fb286f231733 - Path: Assets/Assets/Prototype 3/Scene/New SceneTemplate.scenetemplate - Importer: ScriptedImporter/UnityEditor.QuickSearchModule:UnityEditor.Search:ASIAI0B' with importer (ScriptedImporter : UnityEditor.QuickSearchModule:UnityEditor.Search:ASIAI0B)
Imported 'GUID: a7c3a74a36fe6d143aa9fb286f231733' -> (Import Result ID: '686b4da32ddc813be53aff78e7fec37b') in 0.025 seconds [static and dynamic dependencies]. Details - ImportResultOutputID=127e4b16134fd824e1c4e67718b46980 DependenciesID=4835b0895c44538b673dc7de1b6c71a4 StaticDependenciesID=fc25edb25b9b8d6058f76352bee028d1 
Number of updated asset objects reloaded before import = 0
Number of asset objects unloaded after import = 1
========================================================================
Received Import Request.
  Time of request: 2026-08-09T12:13:14.1910145Z
  Time since last request: 0.0005892 seconds.
  importAddress: GUID: 44fa5853e17ea2e42a3537578f453028 - Path: Assets/Assets/Prototype 2/Scripts/TreeGrowth.cs - Importer: ScriptedImporter/UnityEditor.QuickSearchModule:UnityEditor.Search:ASIAI0B
Importing 'GUID: 44fa5853e17ea2e42a3537578f453028 - Path: Assets/Assets/Prototype 2/Scripts/TreeGrowth.cs - Importer: ScriptedImporter/UnityEditor.QuickSearchModule:UnityEditor.Search:ASIAI0B' with importer (ScriptedImporter : UnityEditor.QuickSearchModule:UnityEditor.Search:ASIAI0B)
Imported 'GUID: 44fa5853e17ea2e42a3537578f453028' -> (Import Result ID: 'ea721bd8c8ce33eb80b97b368cb8ae3c') in 0.007 seconds [static and dynamic dependencies]. Details - ImportResultOutputID=1f61cc33a8fab468be5169b93ebbb5aa DependenciesID=d528f6e483ef9e3b7aeb8fa69085b4de StaticDependenciesID=e8449289a65b12ad409ec0f0f92fad39 
Number of updated asset objects reloaded before import = 0
Number of asset objects unloaded after import = 0
========================================================================
Received Import Request.
  Time of request: 2026-08-09T12:13:14.213626Z
  Time since last request: 0.0007221 seconds.
  importAddress: GUID: e60ef66479f57fe499c6129d177a1c3c - Path: Assets/Assets/Prototype 2/Prefabs/Water.prefab - Importer: ScriptedImporter/UnityEditor.QuickSearchModule:UnityEditor.Search:ASIAI0B
Importing 'GUID: e60ef66479f57fe499c6129d177a1c3c - Path: Assets/Assets/Prototype 2/Prefabs/Water.prefab - Importer: ScriptedImporter/UnityEditor.QuickSearchModule:UnityEditor.Search:ASIAI0B' with importer (ScriptedImporter : UnityEditor.QuickSearchModule:UnityEditor.Search:ASIAI0B)
Imported 'GUID: e60ef66479f57fe499c6129d177a1c3c' -> (Import Result ID: '56e8cf91e5033ca8dad5393e1cbbfdaf') in 0.103 seconds [static and dynamic dependencies]. Details - ImportResultOutputID=bec96268c7029276895ae18b1f010247 DependenciesID=b97f6ad6ce7dffcebbc7b6d948d59575 StaticDependenciesID=9fee084299c11740281756ca7363d012 
Number of updated asset objects reloaded before import = 0
Number of asset objects unloaded after import = 8
========================================================================
Received Prepare
AcceleratorClientConnectionCallback - disconnected - :0
Refreshing native plugins compatible for Editor in 2.65 ms, found 4 plugins.
Unloading 22 Unused Serialized files (Serialized files now loaded: 0)
Unloading 29 unused Assets / (2.6 MB). Loaded Objects now: 7279.
Memory consumption went from 322.8 MB to 320.2 MB.
Total: 12.152400 ms (FindLiveObjects: 0.666600 ms CreateObjectMapping: 1.349200 ms MarkObjects: 8.999700 ms  DeleteObjects: 1.135000 ms)

Prepare: number of updated asset objects reloaded= 0
========================================================================
Received Import Request.
  Time of request: 2026-08-09T12:13:15.0819965Z
  Time since last request: 0.75016 seconds.
  importAddress: GUID: 7bc251a7285632341a306c70a8f1cfbe - Path: Assets/Assets/Prototype 1/Tutorial/Course Library/Pickups/Star_01.prefab - Importer: ScriptedImporter/UnityEditor.QuickSearchModule:UnityEditor.Search:ASIAI0B
Importing 'GUID: 7bc251a7285632341a306c70a8f1cfbe - Path: Assets/Assets/Prototype 1/Tutorial/Course Library/Pickups/Star_01.prefab - Importer: ScriptedImporter/UnityEditor.QuickSearchModule:UnityEditor.Search:ASIAI0B' with importer (ScriptedImporter : UnityEditor.QuickSearchModule:UnityEditor.Search:ASIAI0B)
Imported 'GUID: 7bc251a7285632341a306c70a8f1cfbe' -> (Import Result ID: 'd706885f051d253af1fec632f93bdec6') in 0.041 seconds [static and dynamic dependencies]. Details - ImportResultOutputID=acbe032371405ee90d29fb65b4965ab9 DependenciesID=a5ea231b194d43bb64abf247ca1d7538 StaticDependenciesID=c9eef216d619549146d584446e2bc1a1 
Number of updated asset objects reloaded before import = 0
Number of asset objects unloaded after import = 8
========================================================================
Received Import Request.
  Time of request: 2026-08-09T12:13:15.1385426Z
  Time since last request: 0.000634 seconds.
  importAddress: GUID: a8a06204dcfa9784b86eba87c2e0a1a2 - Path: Assets/Assets/Prototype 1/Tutorial/Course Library/Pickups/DollarSign.prefab - Importer: ScriptedImporter/UnityEditor.QuickSearchModule:UnityEditor.Search:ASIAI0B
Importing 'GUID: a8a06204dcfa9784b86eba87c2e0a1a2 - Path: Assets/Assets/Prototype 1/Tutorial/Course Library/Pickups/DollarSign.prefab - Importer: ScriptedImporter/UnityEditor.QuickSearchModule:UnityEditor.Search:ASIAI0B' with importer (ScriptedImporter : UnityEditor.QuickSearchModule:UnityEditor.Search:ASIAI0B)
Imported 'GUID: a8a06204dcfa9784b86eba87c2e0a1a2' -> (Import Result ID: 'e67da327462bd5e0cab268b3088a3ef5') in 0.015 seconds [static and dynamic dependencies]. Details - ImportResultOutputID=4bc75e77232c01b757f839d8d2c74d18 DependenciesID=b59c2690daf4a0c212599faaa2f2d590 StaticDependenciesID=41f0126affe3c5af8c5057a929254fcc 
Number of updated asset objects reloaded before import = 0
Number of asset objects unloaded after import = 8
========================================================================
Received Import Request.
  Time of request: 2026-08-09T12:13:15.1703926Z
  Time since last request: 0.000332 seconds.
  importAddress: GUID: 823dde28ac754a14380d87d04313647b - Path: Assets/Assets/Prototype 1/Tutorial/Course Library/_Source_Files/FBX/SI_GoldCupIcon.fbx - Importer: ScriptedImporter/UnityEditor.QuickSearchModule:UnityEditor.Search:ASIAI0B
Importing 'GUID: 823dde28ac754a14380d87d04313647b - Path: Assets/Assets/Prototype 1/Tutorial/Course Library/_Source_Files/FBX/SI_GoldCupIcon.fbx - Importer: ScriptedImporter/UnityEditor.QuickSearchModule:UnityEditor.Search:ASIAI0B' with importer (ScriptedImporter : UnityEditor.QuickSearchModule:UnityEditor.Search:ASIAI0B)
Imported 'GUID: 823dde28ac754a14380d87d04313647b' -> (Import Result ID: 'bdde7c69257ec2f8b79ff736ed00e58a') in 0.039 seconds [static and dynamic dependencies]. Details - ImportResultOutputID=8dfb2f6cd09a31c8c1fceca5a28d78b2 DependenciesID=9d9666781a092ce1dae2b80b4334b032 StaticDependenciesID=05d1b3d0a043c55b46997280ed092694 
Number of updated asset objects reloaded before import = 0
Number of asset objects unloaded after import = 7
========================================================================
Received Import Request.
  Time of request: 2026-08-09T12:13:15.2276435Z
  Time since last request: 0.0005227 seconds.
  importAddress: GUID: 961be46ca9a355943ae3f65c47741bb0 - Path: Assets/Assets/Prototype 1/Tutorial/Course Library/Ground/Ground_Tile_Hex_FloatingIsland_01.prefab - Importer: ScriptedImporter/UnityEditor.QuickSearchModule:UnityEditor.Search:ASIAI0B
Importing 'GUID: 961be46ca9a355943ae3f65c47741bb0 - Path: Assets/Assets/Prototype 1/Tutorial/Course Library/Ground/Ground_Tile_Hex_FloatingIsland_01.prefab - Importer: ScriptedImporter/UnityEditor.QuickSearchModule:UnityEditor.Search:ASIAI0B' with importer (ScriptedImporter : UnityEditor.QuickSearchModule:UnityEditor.Search:ASIAI0B)
Imported 'GUID: 961be46ca9a355943ae3f65c47741bb0' -> (Import Result ID: '379989919a579c6fa3756d5c6627227b') in 0.013 seconds [static and dynamic dependencies]. Details - ImportResultOutputID=d3d602283be1dd1f8c14d15135e0347a DependenciesID=3691347d620e264757fa161267c981f1 StaticDependenciesID=ce3873d5c7f5d13eecf37f5d3f5df0a8 
Number of updated asset objects reloaded before import = 0
Number of asset objects unloaded after import = 8
========================================================================
Received Import Request.
  Time of request: 2026-08-09T12:13:15.2558471Z
  Time since last request: 0.0002194 seconds.
  importAddress: GUID: c18b0566c0ca32548acca53d337698db - Path: Assets/Assets/Prototype 1/Tutorial/Course Library/Ground/Ground_Tile_Cube_FloatingIsland_01.prefab - Importer: ScriptedImporter/UnityEditor.QuickSearchModule:UnityEditor.Search:ASIAI0B
Importing 'GUID: c18b0566c0ca32548acca53d337698db - Path: Assets/Assets/Prototype 1/Tutorial/Course Library/Ground/Ground_Tile_Cube_FloatingIsland_01.prefab - Importer: ScriptedImporter/UnityEditor.QuickSearchModule:UnityEditor.Search:ASIAI0B' with importer (ScriptedImporter : UnityEditor.QuickSearchModule:UnityEditor.Search:ASIAI0B)
Imported 'GUID: c18b0566c0ca32548acca53d337698db' -> (Import Result ID: 'a32d3815514a43b0d08d4dbf94b7a836') in 0.016 seconds [static and dynamic dependencies]. Details - ImportResultOutputID=d45e6aff205b6a789709997e35f06864 DependenciesID=bb3c17d81e62332628784329bec6d256 StaticDependenciesID=b96300e0f24d37d2f9c1d1e4829d3ec5 
Number of updated asset objects reloaded before import = 0
Number of asset objects unloaded after import = 8
========================================================================
Received Import Request.
  Time of request: 2026-08-09T12:13:15.2880444Z
  Time since last request: 0.0002133 seconds.
  importAddress: GUID: 1656aec7f2b3ffe45a91801f58b00253 - Path: Assets/Assets/Prototype 1/Tutorial/Course Library/Powerup Indicators/SelectionRing_03.prefab - Importer: ScriptedImporter/UnityEditor.QuickSearchModule:UnityEditor.Search:ASIAI0B
Importing 'GUID: 1656aec7f2b3ffe45a91801f58b00253 - Path: Assets/Assets/Prototype 1/Tutorial/Course Library/Powerup Indicators/SelectionRing_03.prefab - Importer: ScriptedImporter/UnityEditor.QuickSearchModule:UnityEditor.Search:ASIAI0B' with importer (ScriptedImporter : UnityEditor.QuickSearchModule:UnityEditor.Search:ASIAI0B)
Imported 'GUID: 1656aec7f2b3ffe45a91801f58b00253' -> (Import Result ID: '850717ca82a3637ea65baafc049bdeac') in 0.010 seconds [static and dynamic dependencies]. Details - ImportResultOutputID=7950ae182a25616be63020a1f85d717a DependenciesID=d8866f8cbff5aa7deeb1984e1ab9db05 StaticDependenciesID=5469ba26acfaa6ffda1b57c9f67cb20a 
Number of updated asset objects reloaded before import = 0
Number of asset objects unloaded after import = 8
========================================================================
Received Import Request.
  Time of request: 2026-08-09T12:13:15.3152894Z
  Time since last request: 0.0003922 seconds.
  importAddress: GUID: c5497424856514b2ba61b78375567988 - Path: Assets/Assets/Prototype 1/Challenge 4/Prefabs/Powerup.prefab - Importer: ScriptedImporter/UnityEditor.QuickSearchModule:UnityEditor.Search:ASIAI0B
Importing 'GUID: c5497424856514b2ba61b78375567988 - Path: Assets/Assets/Prototype 1/Challenge 4/Prefabs/Powerup.prefab - Importer: ScriptedImporter/UnityEditor.QuickSearchModule:UnityEditor.Search:ASIAI0B' with importer (ScriptedImporter : UnityEditor.QuickSearchModule:UnityEditor.Search:ASIAI0B)
Imported 'GUID: c5497424856514b2ba61b78375567988' -> (Import Result ID: '1c21ead7aa157a00176306495938ddcf') in 0.013 seconds [static and dynamic dependencies]. Details - ImportResultOutputID=c9463cc970f6a1356a1cc154025ed547 DependenciesID=0f5c03b4772e165b53ddf23480501311 StaticDependenciesID=3da5652ae9b3664533839f4159dd09fe 
Number of updated asset objects reloaded before import = 0
Number of asset objects unloaded after import = 9
========================================================================
Received Import Request.
  Time of request: 2026-08-09T12:13:15.341815Z
  Time since last request: 0.0002246 seconds.
  importAddress: GUID: 46746483a595e6642a87f7de49a1cf32 - Path: Assets/Assets/Prototype 1/Tutorial/Prefabs/Powerup.prefab - Importer: ScriptedImporter/UnityEditor.QuickSearchModule:UnityEditor.Search:ASIAI0B
Importing 'GUID: 46746483a595e6642a87f7de49a1cf32 - Path: Assets/Assets/Prototype 1/Tutorial/Prefabs/Powerup.prefab - Importer: ScriptedImporter/UnityEditor.QuickSearchModule:UnityEditor.Search:ASIAI0B' with importer (ScriptedImporter : UnityEditor.QuickSearchModule:UnityEditor.Search:ASIAI0B)
Imported 'GUID: 46746483a595e6642a87f7de49a1cf32' -> (Import Result ID: 'baf0154b1a1cb18c55f5d2a985141467') in 0.011 seconds [static and dynamic dependencies]. Details - ImportResultOutputID=d527dc185fd78dab5b4a6806c3dcc611 DependenciesID=df0b50431b727deb8e07cba4dbb04327 StaticDependenciesID=4952fd87f5bee80b3806057905346f90 
Number of updated asset objects reloaded before import = 0
Number of asset objects unloaded after import = 9
========================================================================
Received Import Request.
  Time of request: 2026-08-09T12:13:15.3697602Z
  Time since last request: 0.0000245 seconds.
  importAddress: GUID: 6b38ffdcc39b96042a822bb3f490eefd - Path: Assets/Assets/Prototype 1/Tutorial/Course Library/Textures/PolygonPrototype_Texture_Grid_02.png - Importer: ScriptedImporter/UnityEditor.QuickSearchModule:UnityEditor.Search:ASIAI0B
Importing 'GUID: 6b38ffdcc39b96042a822bb3f490eefd - Path: Assets/Assets/Prototype 1/Tutorial/Course Library/Textures/PolygonPrototype_Texture_Grid_02.png - Importer: ScriptedImporter/UnityEditor.QuickSearchModule:UnityEditor.Search:ASIAI0B' with importer (ScriptedImporter : UnityEditor.QuickSearchModule:UnityEditor.Search:ASIAI0B)
Imported 'GUID: 6b38ffdcc39b96042a822bb3f490eefd' -> (Import Result ID: 'c417a71c409b50be05e14da1947a3784') in 0.011 seconds [static and dynamic dependencies]. Details - ImportResultOutputID=03f7f541dd6c72d540837c4c6983c591 DependenciesID=2f3d05e4113678d7b4eb20ddc9880b6d StaticDependenciesID=0035c07059099ddf4bc40ef5a506369d 
Number of updated asset objects reloaded before import = 0
Number of asset objects unloaded after import = 1
========================================================================
Received Import Request.
  Time of request: 2026-08-09T12:13:15.395495Z
  Time since last request: 0.0004745 seconds.
  importAddress: GUID: 448928cc965a748ab8998f99ee84d3a7 - Path: Assets/Assets/Prototype 1/Challenge 4/Scripts/SpawnManagerX.cs - Importer: ScriptedImporter/UnityEditor.QuickSearchModule:UnityEditor.Search:ASIAI0B
Importing 'GUID: 448928cc965a748ab8998f99ee84d3a7 - Path: Assets/Assets/Prototype 1/Challenge 4/Scripts/SpawnManagerX.cs - Importer: ScriptedImporter/UnityEditor.QuickSearchModule:UnityEditor.Search:ASIAI0B' with importer (ScriptedImporter : UnityEditor.QuickSearchModule:UnityEditor.Search:ASIAI0B)
Imported 'GUID: 448928cc965a748ab8998f99ee84d3a7' -> (Import Result ID: 'b1d71ff5d0d1fcfff7a4c9d35f65a596') in 0.008 seconds [static and dynamic dependencies]. Details - ImportResultOutputID=98e01633cc3d1211068e1061530900c9 DependenciesID=3edb0984dfb4365724d260140de5a2de StaticDependenciesID=b692895bbcf79929dc1796c794e2f6f3 
Number of updated asset objects reloaded before import = 0
Number of asset objects unloaded after import = 0
========================================================================
Received Import Request.
  Time of request: 2026-08-09T12:13:15.422174Z
  Time since last request: 0.0005204 seconds.
  importAddress: GUID: c7c5239ae4b2ace4d8774918a50a940a - Path: Assets/Assets/Prototype 1/Tutorial/Course Library/Textures/PolygonPrototype_Texture_Grid_04.png - Importer: ScriptedImporter/UnityEditor.QuickSearchModule:UnityEditor.Search:ASIAI0B
Importing 'GUID: c7c5239ae4b2ace4d8774918a50a940a - Path: Assets/Assets/Prototype 1/Tutorial/Course Library/Textures/PolygonPrototype_Texture_Grid_04.png - Importer: ScriptedImporter/UnityEditor.QuickSearchModule:UnityEditor.Search:ASIAI0B' with importer (ScriptedImporter : UnityEditor.QuickSearchModule:UnityEditor.Search:ASIAI0B)
Imported 'GUID: c7c5239ae4b2ace4d8774918a50a940a' -> (Import Result ID: 'dfa092a1bad4ee820b0e14347a5286bc') in 0.017 seconds [static and dynamic dependencies]. Details - ImportResultOutputID=52ce5da4004f4a45a96d43dc64aaa899 DependenciesID=0d875d77bf258acaeb108be37ac35b73 StaticDependenciesID=2dfde2c7d4bf96cfa2d6ee1c58b8534e 
Number of updated asset objects reloaded before import = 0
Number of asset objects unloaded after import = 1
========================================================================
Received Import Request.
  Time of request: 2026-08-09T12:13:15.4539109Z
  Time since last request: 0.000552 seconds.
  importAddress: GUID: 1340630fb7a3267499177be33f281f05 - Path: Assets/Assets/Prototype 1/Tutorial/Course Library/_Source_Files/FBX/SkyDome.fbx - Importer: ScriptedImporter/UnityEditor.QuickSearchModule:UnityEditor.Search:ASIAI0B
Importing 'GUID: 1340630fb7a3267499177be33f281f05 - Path: Assets/Assets/Prototype 1/Tutorial/Course Library/_Source_Files/FBX/SkyDome.fbx - Importer: ScriptedImporter/UnityEditor.QuickSearchModule:UnityEditor.Search:ASIAI0B' with importer (ScriptedImporter : UnityEditor.QuickSearchModule:UnityEditor.Search:ASIAI0B)
Imported 'GUID: 1340630fb7a3267499177be33f281f05' -> (Import Result ID: '7eaa368f6be71764dbbfa2c2a20ebd84') in 0.020 seconds [static and dynamic dependencies]. Details - ImportResultOutputID=1d5c43c2109045e3c54d77c15cb2eb05 DependenciesID=53d950b12e57265709a547f4fd460274 StaticDependenciesID=69b49d30ff7acbf215f44a2945f54213 
Number of updated asset objects reloaded before import = 0
Number of asset objects unloaded after import = 26
========================================================================
Received Import Request.
  Time of request: 2026-08-09T12:13:15.4915601Z
  Time since last request: 0.0003826 seconds.
  importAddress: GUID: 1d12fa396a3563b41b9ae11b0fb0b986 - Path: Assets/Assets/Prototype 1/Tutorial/Course Library/Textures/PolygonPrototype_Texture_Grid_08.png - Importer: ScriptedImporter/UnityEditor.QuickSearchModule:UnityEditor.Search:ASIAI0B
Importing 'GUID: 1d12fa396a3563b41b9ae11b0fb0b986 - Path: Assets/Assets/Prototype 1/Tutorial/Course Library/Textures/PolygonPrototype_Texture_Grid_08.png - Importer: ScriptedImporter/UnityEditor.QuickSearchModule:UnityEditor.Search:ASIAI0B' with importer (ScriptedImporter : UnityEditor.QuickSearchModule:UnityEditor.Search:ASIAI0B)
Imported 'GUID: 1d12fa396a3563b41b9ae11b0fb0b986' -> (Import Result ID: '1d26398d9b470cb638622833db3311aa') in 0.016 seconds [static and dynamic dependencies]. Details - ImportResultOutputID=5b26979ac2b07645416bbf29cd3527a3 DependenciesID=e7181d5f4b79f3237dce51b751d32244 StaticDependenciesID=6d9cf44444efc4b1e781244c62fd538a 
Number of updated asset objects reloaded before import = 0
Number of asset objects unloaded after import = 1
========================================================================
Received Import Request.
  Time of request: 2026-08-09T12:13:15.5241678Z
  Time since last request: 0.0004792 seconds.
  importAddress: GUID: 49dfa60e559e8c34fa7333acd92a7eff - Path: Assets/Assets/Prototype 1/Tutorial/Scenes/Prototype-4_Starter-Files.unitypackage - Importer: ScriptedImporter/UnityEditor.QuickSearchModule:UnityEditor.Search:ASIAI0B
Importing 'GUID: 49dfa60e559e8c34fa7333acd92a7eff - Path: Assets/Assets/Prototype 1/Tutorial/Scenes/Prototype-4_Starter-Files.unitypackage - Importer: ScriptedImporter/UnityEditor.QuickSearchModule:UnityEditor.Search:ASIAI0B' with importer (ScriptedImporter : UnityEditor.QuickSearchModule:UnityEditor.Search:ASIAI0B)
Imported 'GUID: 49dfa60e559e8c34fa7333acd92a7eff' -> (Import Result ID: '922bb583f9389dd84b55bb2f36ed01dd') in 0.008 seconds [static and dynamic dependencies]. Details - ImportResultOutputID=9e84d9e265f467ff5030999fba222cfd DependenciesID=6caa392133c654eef194eb5537e3baae StaticDependenciesID=4d4f526350cb96da6e03d8fab744832d 
Number of updated asset objects reloaded before import = 0
Number of asset objects unloaded after import = 1
========================================================================
Received Import Request.
  Time of request: 2026-08-09T12:13:15.549831Z
  Time since last request: 0.0002475 seconds.
  importAddress: GUID: ceb1bef3d4abc9344b89436369737113 - Path: Assets/Assets/Prototype 1/Tutorial/Course Library/Pickups/MultiplierIcon.prefab - Importer: ScriptedImporter/UnityEditor.QuickSearchModule:UnityEditor.Search:ASIAI0B
Importing 'GUID: ceb1bef3d4abc9344b89436369737113 - Path: Assets/Assets/Prototype 1/Tutorial/Course Library/Pickups/MultiplierIcon.prefab - Importer: ScriptedImporter/UnityEditor.QuickSearchModule:UnityEditor.Search:ASIAI0B' with importer (ScriptedImporter : UnityEditor.QuickSearchModule:UnityEditor.Search:ASIAI0B)
Imported 'GUID: ceb1bef3d4abc9344b89436369737113' -> (Import Result ID: 'c6a44164c90878f40769f9918dd698b9') in 0.012 seconds [static and dynamic dependencies]. Details - ImportResultOutputID=77c2a9635fa767f2036e4b1f802a3d9f DependenciesID=07e10aa8ae663118cd48499f024a2cb3 StaticDependenciesID=5704d4b9d9254adaa27a77c1dd7ef034 
Number of updated asset objects reloaded before import = 0
Number of asset objects unloaded after import = 8
========================================================================
Received Import Request.
  Time of request: 2026-08-09T12:13:15.5769952Z
  Time since last request: 0.0001917 seconds.
  importAddress: GUID: 44cb397c8b73c2f40bfa05c2199ffa2b - Path: Assets/Assets/Prototype 1/Tutorial/Course Library/_Source_Files/FBX/SI_PowerIcon.fbx - Importer: ScriptedImporter/UnityEditor.QuickSearchModule:UnityEditor.Search:ASIAI0B
Importing 'GUID: 44cb397c8b73c2f40bfa05c2199ffa2b - Path: Assets/Assets/Prototype 1/Tutorial/Course Library/_Source_Files/FBX/SI_PowerIcon.fbx - Importer: ScriptedImporter/UnityEditor.QuickSearchModule:UnityEditor.Search:ASIAI0B' with importer (ScriptedImporter : UnityEditor.QuickSearchModule:UnityEditor.Search:ASIAI0B)
Imported 'GUID: 44cb397c8b73c2f40bfa05c2199ffa2b' -> (Import Result ID: 'a22c92d0111b640849d1929c584087bb') in 0.017 seconds [static and dynamic dependencies]. Details - ImportResultOutputID=b3189e9c21757bfd7147e58e85eb6a4e DependenciesID=130c64257746281c44772ce5e38e48dc StaticDependenciesID=397656de2740fbdaf4f89e483b2797a1 
Number of updated asset objects reloaded before import = 0
Number of asset objects unloaded after import = 7
========================================================================
Received Import Request.
  Time of request: 2026-08-09T12:13:15.6117268Z
  Time since last request: 0.0005897 seconds.
  importAddress: GUID: fafd6ecb0673849b9a8b5e39d5fe2454 - Path: Assets/Assets/Prototype 1/Challenge 4/Challenge 4/LightingData.asset - Importer: ScriptedImporter/UnityEditor.QuickSearchModule:UnityEditor.Search:ASIAI0B
Importing 'GUID: fafd6ecb0673849b9a8b5e39d5fe2454 - Path: Assets/Assets/Prototype 1/Challenge 4/Challenge 4/LightingData.asset - Importer: ScriptedImporter/UnityEditor.QuickSearchModule:UnityEditor.Search:ASIAI0B' with importer (ScriptedImporter : UnityEditor.QuickSearchModule:UnityEditor.Search:ASIAI0B)
Imported 'GUID: fafd6ecb0673849b9a8b5e39d5fe2454' -> (Import Result ID: 'ae6d67a2b3eac7d3001861f76a95efc6') in 0.010 seconds [static and dynamic dependencies]. Details - ImportResultOutputID=ab80a1e3669cd531c26e956773c189e8 DependenciesID=841850cd80c00c3ed46a5f077bcd361b StaticDependenciesID=c35d3ef644b8432965faab87e70dff3b 
Number of updated asset objects reloaded before import = 0
Number of asset objects unloaded after import = 2
========================================================================
Received Import Request.
  Time of request: 2026-08-09T12:13:15.6403523Z
  Time since last request: 0.0006645 seconds.
  importAddress: GUID: 8f586378b4e144a9851e7b34d9b748ee - Path: Assets/TextMesh Pro/Resources/Fonts & Materials/LiberationSans SDF.asset - Importer: ScriptedImporter/UnityEditor.QuickSearchModule:UnityEditor.Search:ASIAI0B
Importing 'GUID: 8f586378b4e144a9851e7b34d9b748ee - Path: Assets/TextMesh Pro/Resources/Fonts & Materials/LiberationSans SDF.asset - Importer: ScriptedImporter/UnityEditor.QuickSearchModule:UnityEditor.Search:ASIAI0B' with importer (ScriptedImporter : UnityEditor.QuickSearchModule:UnityEditor.Search:ASIAI0B)
Imported 'GUID: 8f586378b4e144a9851e7b34d9b748ee' -> (Import Result ID: 'cd9c908355ae32f4bced77bb6d15fafa') in 0.079 seconds [static and dynamic dependencies]. Details - ImportResultOutputID=3c0b2277761ca5e30e00e8149e927915 DependenciesID=e5f75b08cf326338ef9dec8c8dfb5659 StaticDependenciesID=fc408123d8db3c9fc2e3ff87dcb9c92b 
Number of updated asset objects reloaded before import = 0
Number of asset objects unloaded after import = 8
========================================================================
Received Import Request.
  Time of request: 2026-08-09T12:13:15.7367565Z
  Time since last request: 0.0001934 seconds.
  importAddress: GUID: 7b2e43c7f0b75f54789417d03a4eb3cb - Path: Assets/Assets/Prototype 1/Tutorial/Course Library/_Source_Files/FBX/SI_MultiplierIcon.fbx - Importer: ScriptedImporter/UnityEditor.QuickSearchModule:UnityEditor.Search:ASIAI0B
Importing 'GUID: 7b2e43c7f0b75f54789417d03a4eb3cb - Path: Assets/Assets/Prototype 1/Tutorial/Course Library/_Source_Files/FBX/SI_MultiplierIcon.fbx - Importer: ScriptedImporter/UnityEditor.QuickSearchModule:UnityEditor.Search:ASIAI0B' with importer (ScriptedImporter : UnityEditor.QuickSearchModule:UnityEditor.Search:ASIAI0B)
Imported 'GUID: 7b2e43c7f0b75f54789417d03a4eb3cb' -> (Import Result ID: '70cfc52eb8dacc6426566f84e517ff61') in 0.035 seconds [static and dynamic dependencies]. Details - ImportResultOutputID=4ccb9f74259381b9496df2c6db2440fe DependenciesID=d290cca18f247d10819915cf596b9a62 StaticDependenciesID=91ba1ef0b778657b14d9e69fef68b515 
Number of updated asset objects reloaded before import = 0
Number of asset objects unloaded after import = 7
========================================================================
Received Import Request.
  Time of request: 2026-08-09T12:13:15.7947549Z
  Time since last request: 0.0003165 seconds.
  importAddress: GUID: 744266f074b3f4235a838c7c53aa326b - Path: Assets/Assets/Prototype 1/Challenge 4/Scripts/RotateCameraX.cs - Importer: ScriptedImporter/UnityEditor.QuickSearchModule:UnityEditor.Search:ASIAI0B
Importing 'GUID: 744266f074b3f4235a838c7c53aa326b - Path: Assets/Assets/Prototype 1/Challenge 4/Scripts/RotateCameraX.cs - Importer: ScriptedImporter/UnityEditor.QuickSearchModule:UnityEditor.Search:ASIAI0B' with importer (ScriptedImporter : UnityEditor.QuickSearchModule:UnityEditor.Search:ASIAI0B)
Imported 'GUID: 744266f074b3f4235a838c7c53aa326b' -> (Import Result ID: '5f0e814e4d5159fdd419af2d98ea715b') in 0.010 seconds [static and dynamic dependencies]. Details - ImportResultOutputID=8133422cbc5672e71e552121125362eb DependenciesID=71adca175d63f045234dfc21ce30f110 StaticDependenciesID=04dfb7562688776c6289bb90ac568759 
Number of updated asset objects reloaded before import = 0
Number of asset objects unloaded after import = 0
========================================================================
Received Import Request.
  Time of request: 2026-08-09T12:13:15.8268339Z
  Time since last request: 0.0007158 seconds.
  importAddress: GUID: b78ca5330805c3f4c86357b73062eb0b - Path: Assets/Assets/Prototype 1/Tutorial/Scripts/PlayerController.cs - Importer: ScriptedImporter/UnityEditor.QuickSearchModule:UnityEditor.Search:ASIAI0B
Importing 'GUID: b78ca5330805c3f4c86357b73062eb0b - Path: Assets/Assets/Prototype 1/Tutorial/Scripts/PlayerController.cs - Importer: ScriptedImporter/UnityEditor.QuickSearchModule:UnityEditor.Search:ASIAI0B' with importer (ScriptedImporter : UnityEditor.QuickSearchModule:UnityEditor.Search:ASIAI0B)
Imported 'GUID: b78ca5330805c3f4c86357b73062eb0b' -> (Import Result ID: 'ce312990cb900ead73abd6168f472ae9') in 0.012 seconds [static and dynamic dependencies]. Details - ImportResultOutputID=ec495f54a6b78aa6add4a0e9e5ff3f0d DependenciesID=ea9745c8327f27faf94c0ef03cc8376f StaticDependenciesID=e789e80d095d4867e8ad9e99bd647f25 
Number of updated asset objects reloaded before import = 0
Number of asset objects unloaded after import = 0
========================================================================
Received Import Request.
  Time of request: 2026-08-09T12:13:15.8585945Z
  Time since last request: 0.0005452 seconds.
  importAddress: GUID: 11a653b9169986c4f9436a3002fb4516 - Path: Assets/Assets/Prototype 1/Tutorial/Course Library/Powerup Indicators/SelectionRing_06.prefab - Importer: ScriptedImporter/UnityEditor.QuickSearchModule:UnityEditor.Search:ASIAI0B
Importing 'GUID: 11a653b9169986c4f9436a3002fb4516 - Path: Assets/Assets/Prototype 1/Tutorial/Course Library/Powerup Indicators/SelectionRing_06.prefab - Importer: ScriptedImporter/UnityEditor.QuickSearchModule:UnityEditor.Search:ASIAI0B' with importer (ScriptedImporter : UnityEditor.QuickSearchModule:UnityEditor.Search:ASIAI0B)
Imported 'GUID: 11a653b9169986c4f9436a3002fb4516' -> (Import Result ID: '3c537e40b64a328e34147606fa6fe23c') in 0.018 seconds [static and dynamic dependencies]. Details - ImportResultOutputID=c59ea17093baa4baffeae69772cc9f16 DependenciesID=a7530132870f42101dfacaa9a8ed073f StaticDependenciesID=ad1dd90b8b72328716ac6ff53dd754b6 
Number of updated asset objects reloaded before import = 0
Number of asset objects unloaded after import = 8
========================================================================
Received Import Request.
  Time of request: 2026-08-09T12:13:15.9062772Z
  Time since last request: 0.0012114 seconds.
  importAddress: GUID: 513d5f56c48761f4f9782bfff612af87 - Path: Assets/Assets/Prototype 1/Tutorial/Course Library/_Source_Files/FBX/SI_Symbol_Dollar.fbx - Importer: ScriptedImporter/UnityEditor.QuickSearchModule:UnityEditor.Search:ASIAI0B
Importing 'GUID: 513d5f56c48761f4f9782bfff612af87 - Path: Assets/Assets/Prototype 1/Tutorial/Course Library/_Source_Files/FBX/SI_Symbol_Dollar.fbx - Importer: ScriptedImporter/UnityEditor.QuickSearchModule:UnityEditor.Search:ASIAI0B' with importer (ScriptedImporter : UnityEditor.QuickSearchModule:UnityEditor.Search:ASIAI0B)
Imported 'GUID: 513d5f56c48761f4f9782bfff612af87' -> (Import Result ID: 'e7d9af849f47e35d3cea152425fd6484') in 0.017 seconds [static and dynamic dependencies]. Details - ImportResultOutputID=a117963ea462314314c0b180e7ecdf40 DependenciesID=720dc53995a3e6b33a190f2be47b64d8 StaticDependenciesID=558bc68c3cdce0a95a13cf608613f2fc 
Number of updated asset objects reloaded before import = 0
Number of asset objects unloaded after import = 7
========================================================================
Received Import Request.
  Time of request: 2026-08-09T12:13:15.9481719Z
  Time since last request: 0.0006884 seconds.
  importAddress: GUID: 1d37a8dcf6badb340be6952c9a9fe92d - Path: Assets/Assets/Prototype 1/Tutorial/Prefabs/Enemy.prefab - Importer: ScriptedImporter/UnityEditor.QuickSearchModule:UnityEditor.Search:ASIAI0B
Importing 'GUID: 1d37a8dcf6badb340be6952c9a9fe92d - Path: Assets/Assets/Prototype 1/Tutorial/Prefabs/Enemy.prefab - Importer: ScriptedImporter/UnityEditor.QuickSearchModule:UnityEditor.Search:ASIAI0B' with importer (ScriptedImporter : UnityEditor.QuickSearchModule:UnityEditor.Search:ASIAI0B)
Imported 'GUID: 1d37a8dcf6badb340be6952c9a9fe92d' -> (Import Result ID: 'c50cf93c8abbb61a7cc91cc26b2fb945') in 0.030 seconds [static and dynamic dependencies]. Details - ImportResultOutputID=5419ccb82c255c79893f158197ed023f DependenciesID=8254d0e9acd23d4b02da5bd3d6db8863 StaticDependenciesID=b5a247d0d3c08ecc55848e5c04795c49 
Number of updated asset objects reloaded before import = 0
Number of asset objects unloaded after import = 11
========================================================================
Received Import Request.
  Time of request: 2026-08-09T12:13:16.0010615Z
  Time since last request: 0.0001213 seconds.
  importAddress: GUID: f952c082cb03451daed3ee968ac6c63e - Path: Assets/TextMesh Pro/Resources/Style Sheets/Default Style Sheet.asset - Importer: ScriptedImporter/UnityEditor.QuickSearchModule:UnityEditor.Search:ASIAI0B
Importing 'GUID: f952c082cb03451daed3ee968ac6c63e - Path: Assets/TextMesh Pro/Resources/Style Sheets/Default Style Sheet.asset - Importer: ScriptedImporter/UnityEditor.QuickSearchModule:UnityEditor.Search:ASIAI0B' with importer (ScriptedImporter : UnityEditor.QuickSearchModule:UnityEditor.Search:ASIAI0B)
Imported 'GUID: f952c082cb03451daed3ee968ac6c63e' -> (Import Result ID: 'c55d0ecb8c684e3af649ba96ecf0b49b') in 0.014 seconds [static and dynamic dependencies]. Details - ImportResultOutputID=0d6c8e1dd82f0d85edc40a5fb3c88143 DependenciesID=8232fe46ee9a22485bbb3ff98efd3265 StaticDependenciesID=897d6887bac9aa3700ca44564a5f65c5 
Number of updated asset objects reloaded before import = 0
Number of asset objects unloaded after import = 1
========================================================================
Received Import Request.
  Time of request: 2026-08-09T12:13:16.0385632Z
  Time since last request: 0.0008075 seconds.
  importAddress: GUID: be7c60936173a2346ba800e91d8cff7e - Path: Assets/Assets/Prototype 1/Tutorial/Scripts/SpawnManager.cs - Importer: ScriptedImporter/UnityEditor.QuickSearchModule:UnityEditor.Search:ASIAI0B
Importing 'GUID: be7c60936173a2346ba800e91d8cff7e - Path: Assets/Assets/Prototype 1/Tutorial/Scripts/SpawnManager.cs - Importer: ScriptedImporter/UnityEditor.QuickSearchModule:UnityEditor.Search:ASIAI0B' with importer (ScriptedImporter : UnityEditor.QuickSearchModule:UnityEditor.Search:ASIAI0B)
Imported 'GUID: be7c60936173a2346ba800e91d8cff7e' -> (Import Result ID: '9699e117aa7b495bcb66d68f7bf99772') in 0.009 seconds [static and dynamic dependencies]. Details - ImportResultOutputID=439dd9f8bcf6a047cc872620dbaad774 DependenciesID=2ae44c0fa4d43e0f48ca9d8e2a91d52b StaticDependenciesID=d61b5329d4c165e469988f34b2f9de7a 
Number of updated asset objects reloaded before import = 0
Number of asset objects unloaded after import = 0
========================================================================
Received Import Request.
  Time of request: 2026-08-09T12:13:16.0729121Z
  Time since last request: 0.0012126 seconds.
  importAddress: GUID: a3e27da209db9ad4791ea84693b85b59 - Path: Assets/Assets/Prototype 1/Tutorial/Physics Materials/Bouncy.physicMaterial - Importer: ScriptedImporter/UnityEditor.QuickSearchModule:UnityEditor.Search:ASIAI0B
Importing 'GUID: a3e27da209db9ad4791ea84693b85b59 - Path: Assets/Assets/Prototype 1/Tutorial/Physics Materials/Bouncy.physicMaterial - Importer: ScriptedImporter/UnityEditor.QuickSearchModule:UnityEditor.Search:ASIAI0B' with importer (ScriptedImporter : UnityEditor.QuickSearchModule:UnityEditor.Search:ASIAI0B)
Imported 'GUID: a3e27da209db9ad4791ea84693b85b59' -> (Import Result ID: '8bb1d510363df42b9d53ddad039f859e') in 0.013 seconds [static and dynamic dependencies]. Details - ImportResultOutputID=6a2c70c29638c48bbf27b29cf54ff580 DependenciesID=88e7bf1550cfd99f48715e666accb31a StaticDependenciesID=41518c8ace52da5dc25b93eafa0fff30 
Number of updated asset objects reloaded before import = 0
Number of asset objects unloaded after import = 1
========================================================================
Received Import Request.
  Time of request: 2026-08-09T12:13:16.1058524Z
  Time since last request: 0.0008004 seconds.
  importAddress: GUID: 2f3e352268bf84b45acf0d56b0b89518 - Path: Assets/Assets/Prototype 1/Tutorial/Course Library/Pickups/Potion_01.prefab - Importer: ScriptedImporter/UnityEditor.QuickSearchModule:UnityEditor.Search:ASIAI0B
Importing 'GUID: 2f3e352268bf84b45acf0d56b0b89518 - Path: Assets/Assets/Prototype 1/Tutorial/Course Library/Pickups/Potion_01.prefab - Importer: ScriptedImporter/UnityEditor.QuickSearchModule:UnityEditor.Search:ASIAI0B' with importer (ScriptedImporter : UnityEditor.QuickSearchModule:UnityEditor.Search:ASIAI0B)
Imported 'GUID: 2f3e352268bf84b45acf0d56b0b89518' -> (Import Result ID: '0278ec05aeace2118bea8a71edca7ea0') in 0.011 seconds [static and dynamic dependencies]. Details - ImportResultOutputID=b82baaa71aebcd35c129db824e2e6485 DependenciesID=ec192a6aa972316325fd6f353ced6360 StaticDependenciesID=a912fcdc89bffa44cf93b63a58210ecf 
Number of updated asset objects reloaded before import = 0
Number of asset objects unloaded after import = 8
========================================================================
Received Import Request.
  Time of request: 2026-08-09T12:13:16.1542714Z
  Time since last request: 0.0176135 seconds.
  importAddress: GUID: 3d6b592f14dafe34c86b57060d33f7d2 - Path: Assets/Assets/Prototype 1/Tutorial/Course Library/_Source_Files/FBX/SM_Icon_SelectionRing_06.fbx - Importer: ScriptedImporter/UnityEditor.QuickSearchModule:UnityEditor.Search:ASIAI0B
Importing 'GUID: 3d6b592f14dafe34c86b57060d33f7d2 - Path: Assets/Assets/Prototype 1/Tutorial/Course Library/_Source_Files/FBX/SM_Icon_SelectionRing_06.fbx - Importer: ScriptedImporter/UnityEditor.QuickSearchModule:UnityEditor.Search:ASIAI0B' with importer (ScriptedImporter : UnityEditor.QuickSearchModule:UnityEditor.Search:ASIAI0B)
Imported 'GUID: 3d6b592f14dafe34c86b57060d33f7d2' -> (Import Result ID: '07fb50d2c82b3e8b76f46a40398df37c') in 0.017 seconds [static and dynamic dependencies]. Details - ImportResultOutputID=4832dcbef52f23927b14d4e596596c79 DependenciesID=1abf2526342a7cd39ad73df9f42cfcaf StaticDependenciesID=f5e353a7fe9e5b9f412c3dae788e4191 
Number of updated asset objects reloaded before import = 0
Number of asset objects unloaded after import = 7
========================================================================
Received Import Request.
  Time of request: 2026-08-09T12:13:16.1861582Z
  Time since last request: 0.0000725 seconds.
  importAddress: GUID: c8e9a715daac24048a124a1f8e3487fa - Path: Assets/Assets/Prototype 1/Tutorial/Course Library/_Source_Files/FBX/SM_Icon_Gem_01.fbx - Importer: ScriptedImporter/UnityEditor.QuickSearchModule:UnityEditor.Search:ASIAI0B
Importing 'GUID: c8e9a715daac24048a124a1f8e3487fa - Path: Assets/Assets/Prototype 1/Tutorial/Course Library/_Source_Files/FBX/SM_Icon_Gem_01.fbx - Importer: ScriptedImporter/UnityEditor.QuickSearchModule:UnityEditor.Search:ASIAI0B' with importer (ScriptedImporter : UnityEditor.QuickSearchModule:UnityEditor.Search:ASIAI0B)
Imported 'GUID: c8e9a715daac24048a124a1f8e3487fa' -> (Import Result ID: 'e5306f0d1e4a50fdded6bc0255dc8f87') in 0.021 seconds [static and dynamic dependencies]. Details - ImportResultOutputID=c5af0979eb0bd35a40eab031863fc0d7 DependenciesID=a32f6bc95031c04bbb3c72d70cdb1651 StaticDependenciesID=aaaff73fbe03f74d60571d90811f7163 
Number of updated asset objects reloaded before import = 0
Number of asset objects unloaded after import = 7
========================================================================
Received Import Request.
  Time of request: 2026-08-09T12:13:16.2276925Z
  Time since last request: 0.0005804 seconds.
  importAddress: GUID: e68f77e240a7f8643b5cc4253dc37516 - Path: Assets/Assets/Prototype 1/Tutorial/Course Library/_Source_Files/Materials/SimpleSky.mat - Importer: ScriptedImporter/UnityEditor.QuickSearchModule:UnityEditor.Search:ASIAI0B
Importing 'GUID: e68f77e240a7f8643b5cc4253dc37516 - Path: Assets/Assets/Prototype 1/Tutorial/Course Library/_Source_Files/Materials/SimpleSky.mat - Importer: ScriptedImporter/UnityEditor.QuickSearchModule:UnityEditor.Search:ASIAI0B' with importer (ScriptedImporter : UnityEditor.QuickSearchModule:UnityEditor.Search:ASIAI0B)
Imported 'GUID: e68f77e240a7f8643b5cc4253dc37516' -> (Import Result ID: '826e66eca6894fdd426daaec90073346') in 0.013 seconds [static and dynamic dependencies]. Details - ImportResultOutputID=8fe206f7672502224ddfd64dcb3941ab DependenciesID=1282e13b831c847bbf1ff7c9969cd0eb StaticDependenciesID=8deb2cdafd0ee6da7727343b469014f5 
Number of updated asset objects reloaded before import = 0
Number of asset objects unloaded after import = 2
========================================================================
Received Import Request.
  Time of request: 2026-08-09T12:13:16.2618316Z
  Time since last request: 0.0003341 seconds.
  importAddress: GUID: a16b7b85a356b7d469067849a165dcff - Path: Assets/Assets/Prototype 1/Tutorial/Course Library/_Source_Files/Materials/PolygonMinis_Fantasy_01.mat - Importer: ScriptedImporter/UnityEditor.QuickSearchModule:UnityEditor.Search:ASIAI0B
Importing 'GUID: a16b7b85a356b7d469067849a165dcff - Path: Assets/Assets/Prototype 1/Tutorial/Course Library/_Source_Files/Materials/PolygonMinis_Fantasy_01.mat - Importer: ScriptedImporter/UnityEditor.QuickSearchModule:UnityEditor.Search:ASIAI0B' with importer (ScriptedImporter : UnityEditor.QuickSearchModule:UnityEditor.Search:ASIAI0B)
Imported 'GUID: a16b7b85a356b7d469067849a165dcff' -> (Import Result ID: '84bb6a37046f3357cc0a3663981b1cbb') in 0.014 seconds [static and dynamic dependencies]. Details - ImportResultOutputID=64d2c8bdb9feae733473ba8787bc86ac DependenciesID=cf1ffacd7a4913f3548996b8a4093e77 StaticDependenciesID=4cbf827ef50981339140bce6e918ba82 
Number of updated asset objects reloaded before import = 0
Number of asset objects unloaded after import = 3
========================================================================
Received Import Request.
  Time of request: 2026-08-09T12:13:16.2978199Z
  Time since last request: 0.0003821 seconds.
  importAddress: GUID: 9c0880e4cd8a8704e82b6940624b569a - Path: Assets/Assets/Prototype 1/Tutorial/Course Library/_Source_Files/Materials/SimpleIcons.mat - Importer: ScriptedImporter/UnityEditor.QuickSearchModule:UnityEditor.Search:ASIAI0B
Importing 'GUID: 9c0880e4cd8a8704e82b6940624b569a - Path: Assets/Assets/Prototype 1/Tutorial/Course Library/_Source_Files/Materials/SimpleIcons.mat - Importer: ScriptedImporter/UnityEditor.QuickSearchModule:UnityEditor.Search:ASIAI0B' with importer (ScriptedImporter : UnityEditor.QuickSearchModule:UnityEditor.Search:ASIAI0B)
Imported 'GUID: 9c0880e4cd8a8704e82b6940624b569a' -> (Import Result ID: '6fc6ecd66d628908d283e29b557d1966') in 0.016 seconds [static and dynamic dependencies]. Details - ImportResultOutputID=47984cbcd41c7e89c188f48e7034da07 DependenciesID=db32a4a79231b8a37c512865f2fe3c9c StaticDependenciesID=88958690b69fb434fec34ab5a1986dc7 
Number of updated asset objects reloaded before import = 0
Number of asset objects unloaded after import = 3
========================================================================
Received Import Request.
  Time of request: 2026-08-09T12:13:16.3312331Z
  Time since last request: 0.0003556 seconds.
  importAddress: GUID: 3fd5555088952419ebf0eb82e9096fa5 - Path: Assets/Assets/Prototype 1/Tutorial/Course Library/_Source_Files/Materials/FX_Mist.prefab - Importer: ScriptedImporter/UnityEditor.QuickSearchModule:UnityEditor.Search:ASIAI0B
Importing 'GUID: 3fd5555088952419ebf0eb82e9096fa5 - Path: Assets/Assets/Prototype 1/Tutorial/Course Library/_Source_Files/Materials/FX_Mist.prefab - Importer: ScriptedImporter/UnityEditor.QuickSearchModule:UnityEditor.Search:ASIAI0B' with importer (ScriptedImporter : UnityEditor.QuickSearchModule:UnityEditor.Search:ASIAI0B)
Imported 'GUID: 3fd5555088952419ebf0eb82e9096fa5' -> (Import Result ID: 'd20633e86c95d5b96b935e45a8d0ef71') in 0.128 seconds [static and dynamic dependencies]. Details - ImportResultOutputID=b58a43e01943aa09338df73a4a9b1ac1 DependenciesID=62251aed857951a68f005eee3fe39116 StaticDependenciesID=984b26fe64deafd2c81a2f0a4bf9e231 
Number of updated asset objects reloaded before import = 0
Number of asset objects unloaded after import = 6
========================================================================
Received Import Request.
  Time of request: 2026-08-09T12:13:16.4813162Z
  Time since last request: 0.0002531 seconds.
  importAddress: GUID: 64f14742378b85b4ba87441822264580 - Path: Assets/Assets/Prototype 1/Tutorial/Course Library/_Source_Files/FBX/SM_Icon_SelectionRing_03.fbx - Importer: ScriptedImporter/UnityEditor.QuickSearchModule:UnityEditor.Search:ASIAI0B
Importing 'GUID: 64f14742378b85b4ba87441822264580 - Path: Assets/Assets/Prototype 1/Tutorial/Course Library/_Source_Files/FBX/SM_Icon_SelectionRing_03.fbx - Importer: ScriptedImporter/UnityEditor.QuickSearchModule:UnityEditor.Search:ASIAI0B' with importer (ScriptedImporter : UnityEditor.QuickSearchModule:UnityEditor.Search:ASIAI0B)
Imported 'GUID: 64f14742378b85b4ba87441822264580' -> (Import Result ID: '44fb85ed4c0e766e39ffa49c9635b4ab') in 0.015 seconds [static and dynamic dependencies]. Details - ImportResultOutputID=1f0f050aea6c31e928140793fa153c7d DependenciesID=09c4db14ac0918136e7b91853fc7c8e7 StaticDependenciesID=d3e3412c65cb7f9659e36fb32e2b12fc 
Number of updated asset objects reloaded before import = 0
Number of asset objects unloaded after import = 7
========================================================================
Received Import Request.
  Time of request: 2026-08-09T12:13:16.5161116Z
  Time since last request: 0.0002752 seconds.
  importAddress: GUID: f53a62680c316ef41be1a025e7add452 - Path: Assets/Assets/Prototype 1/Tutorial/Course Library/_Source_Files/FBX/SM_Icon_SelectionRing_02.fbx - Importer: ScriptedImporter/UnityEditor.QuickSearchModule:UnityEditor.Search:ASIAI0B
Importing 'GUID: f53a62680c316ef41be1a025e7add452 - Path: Assets/Assets/Prototype 1/Tutorial/Course Library/_Source_Files/FBX/SM_Icon_SelectionRing_02.fbx - Importer: ScriptedImporter/UnityEditor.QuickSearchModule:UnityEditor.Search:ASIAI0B' with importer (ScriptedImporter : UnityEditor.QuickSearchModule:UnityEditor.Search:ASIAI0B)
Imported 'GUID: f53a62680c316ef41be1a025e7add452' -> (Import Result ID: '6a6dd9ed9374880b7d4207b47f9de84c') in 0.010 seconds [static and dynamic dependencies]. Details - ImportResultOutputID=2a427bee0549629b233b2b2cfd530fd8 DependenciesID=d51fa4118e8bdd57d2900f5863f5d5ce StaticDependenciesID=373a901388ad1960f2fbf6d30301e019 
Number of updated asset objects reloaded before import = 0
Number of asset objects unloaded after import = 7
========================================================================
Received Prepare
AcceleratorClientConnectionCallback - disconnected - :0
Unloading 22 Unused Serialized files (Serialized files now loaded: 0)
Unloading 6427 unused Assets / (5.9 MB). Loaded Objects now: 7280.
Memory consumption went from 328.9 MB to 323.1 MB.
Total: 13.751300 ms (FindLiveObjects: 1.337500 ms CreateObjectMapping: 2.557800 ms MarkObjects: 6.253800 ms  DeleteObjects: 3.600900 ms)

Prepare: number of updated asset objects reloaded= 0
========================================================================
Received Prepare
AcceleratorClientConnectionCallback - disconnected - :0
[Licensing::Client] Successfully resolved entitlement details
Begin MonoManager ReloadAssembly
Native extension for WindowsStandalone target not found
Native extension for WebGL target not found
[Package Manager] Failed to launch server process. Reason: Unity was launched with the -noUpm command-line argument
[Package Manager] Unable to send message (not connected to server process).
[Package Manager] Cannot connect to Unity Package Manager local server
[Package Manager] Failed to launch server process. Reason: Unity was launched with the -noUpm command-line argument
[Package Manager] Unable to send message (not connected to server process).
[Package Manager] Cannot connect to Unity Package Manager local server
ScheduleIndexationOnStartup MainProcess:False IndexOnStartup:True
Mono: successfully reloaded assembly
- Finished resetting the current domain, in  0.903 seconds
Domain Reload Profiling: 2037ms
	BeginReloadAssembly (271ms)
		DisableScriptedObjects (7ms)
		CreateAndSetChildDomain (74ms)
	RebuildCommonClasses (11ms)
	RebuildNativeTypeToScriptingClass (20ms)
	initialDomainReloadingComplete (94ms)
	LoadAllAssembliesAndSetupDomain (737ms)
		LoadAssemblies (434ms)
		AnalyzeDomain (281ms)
			TypeCache.Refresh (13ms)
			BuildScriptInfoCaches (255ms)
			ResolveRequiredComponents (10ms)
	FinalizeReload (904ms)
		SetupLoadedEditorAssemblies (0ms)
			BeforeProcessingInitializeOnLoad (111ms)
			ProcessInitializeOnLoadAttributes (322ms)
			ProcessInitializeOnLoadMethodAttributes (133ms)
			AfterProcessingInitializeOnLoad (8ms)
		AwakeInstancesAfterBackupRestoration (17ms)
Unloading 22 Unused Serialized files (Serialized files now loaded: 0)
Unloading 6437 unused Assets / (5.5 MB). Loaded Objects now: 7326.
Memory consumption went from 331.1 MB to 325.6 MB.
Total: 11.400700 ms (FindLiveObjects: 0.933900 ms CreateObjectMapping: 2.364900 ms MarkObjects: 4.980300 ms  DeleteObjects: 3.120400 ms)

Prepare: number of updated asset objects reloaded= 0
========================================================================
Received Prepare
AcceleratorClientConnectionCallback - disconnected - :0
Refreshing native plugins compatible for Editor in 2.85 ms, found 4 plugins.
Unloading 22 Unused Serialized files (Serialized files now loaded: 0)
Unloading 6427 unused Assets / (5.7 MB). Loaded Objects now: 7327.
Memory consumption went from 333.6 MB to 327.9 MB.
Total: 13.830100 ms (FindLiveObjects: 0.869900 ms CreateObjectMapping: 2.317400 ms MarkObjects: 7.046100 ms  DeleteObjects: 3.595400 ms)

Prepare: number of updated asset objects reloaded= 0
========================================================================
Received Prepare
AcceleratorClientConnectionCallback - disconnected - :0
[Licensing::Client] Successfully resolved entitlement details
Begin MonoManager ReloadAssembly
Native extension for WindowsStandalone target not found
Native extension for WebGL target not found
[Package Manager] Failed to launch server process. Reason: Unity was launched with the -noUpm command-line argument
[Package Manager] Unable to send message (not connected to server process).
[Package Manager] Cannot connect to Unity Package Manager local server
[Package Manager] Failed to launch server process. Reason: Unity was launched with the -noUpm command-line argument
[Package Manager] Unable to send message (not connected to server process).
[Package Manager] Cannot connect to Unity Package Manager local server
ScheduleIndexationOnStartup MainProcess:False IndexOnStartup:True
Mono: successfully reloaded assembly
- Finished resetting the current domain, in  0.881 seconds
Domain Reload Profiling: 2021ms
	BeginReloadAssembly (280ms)
		DisableScriptedObjects (9ms)
		CreateAndSetChildDomain (59ms)
	RebuildCommonClasses (16ms)
	RebuildNativeTypeToScriptingClass (31ms)
	initialDomainReloadingComplete (92ms)
	LoadAllAssembliesAndSetupDomain (719ms)
		LoadAssemblies (433ms)
		AnalyzeDomain (275ms)
			TypeCache.Refresh (15ms)
			BuildScriptInfoCaches (249ms)
			ResolveRequiredComponents (9ms)
	FinalizeReload (882ms)
		SetupLoadedEditorAssemblies (0ms)
			InitializePlatformSupportModulesInManaged (3ms)
			BeforeProcessingInitializeOnLoad (118ms)
			ProcessInitializeOnLoadAttributes (337ms)
			ProcessInitializeOnLoadMethodAttributes (136ms)
			AfterProcessingInitializeOnLoad (8ms)
		AwakeInstancesAfterBackupRestoration (22ms)
Unloading 22 Unused Serialized files (Serialized files now loaded: 0)
Unloading 6438 unused Assets / (5.7 MB). Loaded Objects now: 7330.
Memory consumption went from 335.0 MB to 329.3 MB.
Total: 11.814700 ms (FindLiveObjects: 0.855400 ms CreateObjectMapping: 2.393000 ms MarkObjects: 5.201000 ms  DeleteObjects: 3.364500 ms)

Prepare: number of updated asset objects reloaded= 0
========================================================================
Received Prepare
AcceleratorClientConnectionCallback - disconnected - :0
Refreshing native plugins compatible for Editor in 2.30 ms, found 4 plugins.
Unloading 22 Unused Serialized files (Serialized files now loaded: 0)
Unloading 6427 unused Assets / (5.6 MB). Loaded Objects now: 7330.
Memory consumption went from 337.5 MB to 331.8 MB.
Total: 14.240300 ms (FindLiveObjects: 1.876400 ms CreateObjectMapping: 3.117800 ms MarkObjects: 5.875200 ms  DeleteObjects: 3.370000 ms)

Prepare: number of updated asset objects reloaded= 0
========================================================================
Received Prepare
AcceleratorClientConnectionCallback - disconnected - :0
Begin MonoManager ReloadAssembly
Native extension for WindowsStandalone target not found
Native extension for WebGL target not found
[Package Manager] Failed to launch server process. Reason: Unity was launched with the -noUpm command-line argument
[Package Manager] Unable to send message (not connected to server process).
[Package Manager] Cannot connect to Unity Package Manager local server
[Package Manager] Failed to launch server process. Reason: Unity was launched with the -noUpm command-line argument
[Package Manager] Unable to send message (not connected to server process).
[Package Manager] Cannot connect to Unity Package Manager local server
ScheduleIndexationOnStartup MainProcess:False IndexOnStartup:True
Mono: successfully reloaded assembly
- Finished resetting the current domain, in  0.861 seconds
Domain Reload Profiling: 2005ms
	BeginReloadAssembly (292ms)
		DisableScriptedObjects (9ms)
		CreateAndSetChildDomain (64ms)
	RebuildCommonClasses (11ms)
	RebuildNativeTypeToScriptingClass (21ms)
	initialDomainReloadingComplete (81ms)
	LoadAllAssembliesAndSetupDomain (737ms)
		LoadAssemblies (449ms)
		AnalyzeDomain (272ms)
			TypeCache.Refresh (16ms)
			BuildScriptInfoCaches (245ms)
			ResolveRequiredComponents (9ms)
	FinalizeReload (863ms)
		SetupLoadedEditorAssemblies (0ms)
			InitializePlatformSupportModulesInManaged (3ms)
			BeforeProcessingInitializeOnLoad (114ms)
			ProcessInitializeOnLoadAttributes (320ms)
			ProcessInitializeOnLoadMethodAttributes (138ms)
			AfterProcessingInitializeOnLoad (8ms)
		AwakeInstancesAfterBackupRestoration (22ms)
Refreshing native plugins compatible for Editor in 2.48 ms, found 4 plugins.
Unloading 22 Unused Serialized files (Serialized files now loaded: 0)
Unloading 6438 unused Assets / (6.7 MB). Loaded Objects now: 7333.
Memory consumption went from 339.7 MB to 333.0 MB.
Total: 13.687100 ms (FindLiveObjects: 1.247300 ms CreateObjectMapping: 2.834900 ms MarkObjects: 5.461900 ms  DeleteObjects: 4.142000 ms)

Prepare: number of updated asset objects reloaded= 0
========================================================================
Received Prepare
AcceleratorClientConnectionCallback - disconnected - :0
Unloading 22 Unused Serialized files (Serialized files now loaded: 0)
Unloading 6427 unused Assets / (5.6 MB). Loaded Objects now: 7333.
Memory consumption went from 342.1 MB to 336.5 MB.
Total: 13.014100 ms (FindLiveObjects: 0.890300 ms CreateObjectMapping: 2.331700 ms MarkObjects: 6.332200 ms  DeleteObjects: 3.458700 ms)

Prepare: number of updated asset objects reloaded= 0
========================================================================
Received Prepare
AcceleratorClientConnectionCallback - disconnected - :0
[Licensing::Client] Successfully resolved entitlement details
Begin MonoManager ReloadAssembly
Refreshing native plugins compatible for Editor in 2.49 ms, found 4 plugins.
Native extension for WindowsStandalone target not found
Native extension for WebGL target not found
[Package Manager] Failed to launch server process. Reason: Unity was launched with the -noUpm command-line argument
[Package Manager] Unable to send message (not connected to server process).
[Package Manager] Cannot connect to Unity Package Manager local server
[Package Manager] Failed to launch server process. Reason: Unity was launched with the -noUpm command-line argument
[Package Manager] Unable to send message (not connected to server process).
[Package Manager] Cannot connect to Unity Package Manager local server
ScheduleIndexationOnStartup MainProcess:False IndexOnStartup:True
Mono: successfully reloaded assembly
- Finished resetting the current domain, in  0.892 seconds
Domain Reload Profiling: 1986ms
	BeginReloadAssembly (270ms)
		DisableScriptedObjects (8ms)
		CreateAndSetChildDomain (53ms)
	RebuildCommonClasses (11ms)
	RebuildNativeTypeToScriptingClass (21ms)
	initialDomainReloadingComplete (83ms)
	LoadAllAssembliesAndSetupDomain (708ms)
		LoadAssemblies (425ms)
		AnalyzeDomain (275ms)
			TypeCache.Refresh (16ms)
			BuildScriptInfoCaches (248ms)
			ResolveRequiredComponents (9ms)
	FinalizeReload (893ms)
		SetupLoadedEditorAssemblies (0ms)
			InitializePlatformSupportModulesInManaged (3ms)
			BeforeProcessingInitializeOnLoad (118ms)
			ProcessInitializeOnLoadAttributes (332ms)
			ProcessInitializeOnLoadMethodAttributes (132ms)
			AfterProcessingInitializeOnLoad (7ms)
		AwakeInstancesAfterBackupRestoration (22ms)
Unloading 22 Unused Serialized files (Serialized files now loaded: 0)
Unloading 6438 unused Assets / (6.1 MB). Loaded Objects now: 7336.
Memory consumption went from 344.5 MB to 338.4 MB.
Total: 13.453500 ms (FindLiveObjects: 0.898100 ms CreateObjectMapping: 2.465700 ms MarkObjects: 5.133200 ms  DeleteObjects: 4.955500 ms)

Prepare: number of updated asset objects reloaded= 0
========================================================================
Received Prepare
AcceleratorClientConnectionCallback - disconnected - :0
Begin MonoManager ReloadAssembly
Native extension for WindowsStandalone target not found
Native extension for WebGL target not found
[Package Manager] Failed to launch server process. Reason: Unity was launched with the -noUpm command-line argument
[Package Manager] Unable to send message (not connected to server process).
[Package Manager] Cannot connect to Unity Package Manager local server
[Package Manager] Failed to launch server process. Reason: Unity was launched with the -noUpm command-line argument
[Package Manager] Unable to send message (not connected to server process).
[Package Manager] Cannot connect to Unity Package Manager local server
ScheduleIndexationOnStartup MainProcess:False IndexOnStartup:True
Mono: successfully reloaded assembly
- Finished resetting the current domain, in  0.882 seconds
Domain Reload Profiling: 1735ms
	BeginReloadAssembly (274ms)
		DisableScriptedObjects (8ms)
		CreateAndSetChildDomain (56ms)
	RebuildCommonClasses (12ms)
	RebuildNativeTypeToScriptingClass (21ms)
	initialDomainReloadingComplete (86ms)
	LoadAllAssembliesAndSetupDomain (459ms)
		LoadAssemblies (434ms)
		AnalyzeDomain (25ms)
			TypeCache.Refresh (10ms)
			ResolveRequiredComponents (9ms)
	FinalizeReload (883ms)
		SetupLoadedEditorAssemblies (0ms)
			InitializePlatformSupportModulesInManaged (3ms)
			BeforeProcessingInitializeOnLoad (109ms)
			ProcessInitializeOnLoadAttributes (332ms)
			ProcessInitializeOnLoadMethodAttributes (147ms)
			AfterProcessingInitializeOnLoad (8ms)
		AwakeInstancesAfterBackupRestoration (27ms)
Refreshing native plugins compatible for Editor in 2.55 ms, found 4 plugins.
Unloading 22 Unused Serialized files (Serialized files now loaded: 0)
Unloading 6438 unused Assets / (5.5 MB). Loaded Objects now: 7339.
Memory consumption went from 347.0 MB to 341.5 MB.
Total: 15.864000 ms (FindLiveObjects: 1.374800 ms CreateObjectMapping: 2.977200 ms MarkObjects: 8.018200 ms  DeleteObjects: 3.492300 ms)

Prepare: number of updated asset objects reloaded= 0
========================================================================
Received Prepare
AcceleratorClientConnectionCallback - disconnected - :0
Unloading 22 Unused Serialized files (Serialized files now loaded: 0)
Unloading 6427 unused Assets / (5.5 MB). Loaded Objects now: 7339.
Memory consumption went from 349.4 MB to 343.9 MB.
Total: 12.756800 ms (FindLiveObjects: 1.161600 ms CreateObjectMapping: 2.500900 ms MarkObjects: 5.582500 ms  DeleteObjects: 3.510400 ms)

Prepare: number of updated asset objects reloaded= 0
========================================================================
Received Prepare
AcceleratorClientConnectionCallback - disconnected - :0
[Licensing::Client] Successfully resolved entitlement details
Begin MonoManager ReloadAssembly
Native extension for WindowsStandalone target not found
Native extension for WebGL target not found
[Package Manager] Failed to launch server process. Reason: Unity was launched with the -noUpm command-line argument
[Package Manager] Unable to send message (not connected to server process).
[Package Manager] Cannot connect to Unity Package Manager local server
[Package Manager] Failed to launch server process. Reason: Unity was launched with the -noUpm command-line argument
[Package Manager] Unable to send message (not connected to server process).
[Package Manager] Cannot connect to Unity Package Manager local server
ScheduleIndexationOnStartup MainProcess:False IndexOnStartup:True
Mono: successfully reloaded assembly
- Finished resetting the current domain, in  0.835 seconds
Domain Reload Profiling: 1959ms
	BeginReloadAssembly (276ms)
		DisableScriptedObjects (10ms)
		CreateAndSetChildDomain (55ms)
	RebuildCommonClasses (12ms)
	RebuildNativeTypeToScriptingClass (22ms)
	initialDomainReloadingComplete (81ms)
	LoadAllAssembliesAndSetupDomain (733ms)
		LoadAssemblies (442ms)
		AnalyzeDomain (280ms)
			TypeCache.Refresh (16ms)
			BuildScriptInfoCaches (251ms)
			ResolveRequiredComponents (10ms)
	FinalizeReload (836ms)
		SetupLoadedEditorAssemblies (0ms)
			InitializePlatformSupportModulesInManaged (3ms)
			BeforeProcessingInitializeOnLoad (109ms)
			ProcessInitializeOnLoadAttributes (332ms)
			ProcessInitializeOnLoadMethodAttributes (138ms)
			AfterProcessingInitializeOnLoad (8ms)
		AwakeInstancesAfterBackupRestoration (21ms)
Unloading 22 Unused Serialized files (Serialized files now loaded: 0)
Unloading 6438 unused Assets / (5.4 MB). Loaded Objects now: 7342.
Memory consumption went from 353.4 MB to 348.0 MB.
Total: 11.276900 ms (FindLiveObjects: 0.832900 ms CreateObjectMapping: 2.519800 ms MarkObjects: 5.043400 ms  DeleteObjects: 2.880100 ms)

Prepare: number of updated asset objects reloaded= 0
========================================================================
Received Prepare
AcceleratorClientConnectionCallback - disconnected - :0
Begin MonoManager ReloadAssembly
Refreshing native plugins compatible for Editor in 2.14 ms, found 4 plugins.
Native extension for WindowsStandalone target not found
Native extension for WebGL target not found
[Package Manager] Failed to launch server process. Reason: Unity was launched with the -noUpm command-line argument
[Package Manager] Unable to send message (not connected to server process).
[Package Manager] Cannot connect to Unity Package Manager local server
[Package Manager] Failed to launch server process. Reason: Unity was launched with the -noUpm command-line argument
[Package Manager] Unable to send message (not connected to server process).
[Package Manager] Cannot connect to Unity Package Manager local server
ScheduleIndexationOnStartup MainProcess:False IndexOnStartup:True
Mono: successfully reloaded assembly
- Finished resetting the current domain, in  0.971 seconds
Domain Reload Profiling: 1873ms
	BeginReloadAssembly (284ms)
		DisableScriptedObjects (8ms)
		CreateAndSetChildDomain (58ms)
	RebuildCommonClasses (11ms)
	RebuildNativeTypeToScriptingClass (34ms)
	initialDomainReloadingComplete (96ms)
	LoadAllAssembliesAndSetupDomain (475ms)
		LoadAssemblies (449ms)
		AnalyzeDomain (27ms)
			TypeCache.Refresh (12ms)
			ResolveRequiredComponents (10ms)
	FinalizeReload (973ms)
		SetupLoadedEditorAssemblies (0ms)
			InitializePlatformSupportModulesInManaged (3ms)
			BeforeProcessingInitializeOnLoad (117ms)
			ProcessInitializeOnLoadAttributes (371ms)
			ProcessInitializeOnLoadMethodAttributes (167ms)
			AfterProcessingInitializeOnLoad (10ms)
		AwakeInstancesAfterBackupRestoration (30ms)
Refreshing native plugins compatible for Editor in 2.85 ms, found 4 plugins.
Unloading 22 Unused Serialized files (Serialized files now loaded: 0)
Unloading 6438 unused Assets / (5.8 MB). Loaded Objects now: 7345.
Memory consumption went from 356.0 MB to 350.2 MB.
Total: 17.622800 ms (FindLiveObjects: 1.174800 ms CreateObjectMapping: 3.755400 ms MarkObjects: 7.637300 ms  DeleteObjects: 5.053000 ms)

Prepare: number of updated asset objects reloaded= 0
========================================================================
Received Prepare
AcceleratorClientConnectionCallback - disconnected - :0
Unloading 22 Unused Serialized files (Serialized files now loaded: 0)
Unloading 6427 unused Assets / (7.0 MB). Loaded Objects now: 7345.
Memory consumption went from 358.4 MB to 351.4 MB.
Total: 21.212200 ms (FindLiveObjects: 1.298600 ms CreateObjectMapping: 3.568700 ms MarkObjects: 10.748200 ms  DeleteObjects: 5.594800 ms)

Prepare: number of updated asset objects reloaded= 0
========================================================================
Received Prepare
AcceleratorClientConnectionCallback - disconnected - :0
[Licensing::Client] Successfully resolved entitlement details
Begin MonoManager ReloadAssembly
Native extension for WindowsStandalone target not found
Native extension for WebGL target not found
[Package Manager] Failed to launch server process. Reason: Unity was launched with the -noUpm command-line argument
[Package Manager] Unable to send message (not connected to server process).
[Package Manager] Cannot connect to Unity Package Manager local server
[Package Manager] Failed to launch server process. Reason: Unity was launched with the -noUpm command-line argument
[Package Manager] Unable to send message (not connected to server process).
[Package Manager] Cannot connect to Unity Package Manager local server
ScheduleIndexationOnStartup MainProcess:False IndexOnStartup:True
Mono: successfully reloaded assembly
- Finished resetting the current domain, in  0.899 seconds
Domain Reload Profiling: 3952ms
	BeginReloadAssembly (459ms)
		DisableScriptedObjects (7ms)
		CreateAndSetChildDomain (56ms)
	RebuildCommonClasses (11ms)
	RebuildNativeTypeToScriptingClass (131ms)
	initialDomainReloadingComplete (90ms)
	LoadAllAssembliesAndSetupDomain (2363ms)
		LoadAssemblies (2149ms)
		AnalyzeDomain (376ms)
			TypeCache.Refresh (17ms)
			BuildScriptInfoCaches (345ms)
			ResolveRequiredComponents (11ms)
	FinalizeReload (900ms)
		SetupLoadedEditorAssemblies (0ms)
			InitializePlatformSupportModulesInManaged (3ms)
			BeforeProcessingInitializeOnLoad (110ms)
			ProcessInitializeOnLoadAttributes (371ms)
			ProcessInitializeOnLoadMethodAttributes (148ms)
			AfterProcessingInitializeOnLoad (12ms)
		AwakeInstancesAfterBackupRestoration (27ms)
Refreshing native plugins compatible for Editor in 2.46 ms, found 4 plugins.
Unloading 22 Unused Serialized files (Serialized files now loaded: 0)
Unloading 6438 unused Assets / (5.5 MB). Loaded Objects now: 7348.
Memory consumption went from 362.3 MB to 356.8 MB.
Total: 13.463200 ms (FindLiveObjects: 0.885900 ms CreateObjectMapping: 2.533700 ms MarkObjects: 5.139800 ms  DeleteObjects: 4.902800 ms)

Prepare: number of updated asset objects reloaded= 0
========================================================================
Received Prepare
AcceleratorClientConnectionCallback - disconnected - :0
Begin MonoManager ReloadAssembly
Native extension for WindowsStandalone target not found
Native extension for WebGL target not found
[Package Manager] Failed to launch server process. Reason: Unity was launched with the -noUpm command-line argument
[Package Manager] Unable to send message (not connected to server process).
[Package Manager] Cannot connect to Unity Package Manager local server
[Package Manager] Failed to launch server process. Reason: Unity was launched with the -noUpm command-line argument
[Package Manager] Unable to send message (not connected to server process).
[Package Manager] Cannot connect to Unity Package Manager local server
ScheduleIndexationOnStartup MainProcess:False IndexOnStartup:True
Mono: successfully reloaded assembly
- Finished resetting the current domain, in  0.952 seconds
Domain Reload Profiling: 1846ms
	BeginReloadAssembly (288ms)
		DisableScriptedObjects (9ms)
		CreateAndSetChildDomain (56ms)
	RebuildCommonClasses (11ms)
	RebuildNativeTypeToScriptingClass (22ms)
	initialDomainReloadingComplete (85ms)
	LoadAllAssembliesAndSetupDomain (487ms)
		LoadAssemblies (438ms)
		AnalyzeDomain (42ms)
			TypeCache.Refresh (12ms)
			ResolveRequiredComponents (25ms)
	FinalizeReload (954ms)
		SetupLoadedEditorAssemblies (0ms)
			InitializePlatformSupportModulesInManaged (4ms)
			BeforeProcessingInitializeOnLoad (117ms)
			ProcessInitializeOnLoadAttributes (360ms)
			ProcessInitializeOnLoadMethodAttributes (175ms)
			AfterProcessingInitializeOnLoad (8ms)
		AwakeInstancesAfterBackupRestoration (29ms)
Refreshing native plugins compatible for Editor in 2.10 ms, found 4 plugins.
Unloading 22 Unused Serialized files (Serialized files now loaded: 0)
Unloading 6438 unused Assets / (6.2 MB). Loaded Objects now: 7351.
Memory consumption went from 365.0 MB to 358.8 MB.
Total: 23.772200 ms (FindLiveObjects: 2.053100 ms CreateObjectMapping: 4.575800 ms MarkObjects: 10.012800 ms  DeleteObjects: 7.128000 ms)

Prepare: number of updated asset objects reloaded= 0
========================================================================
Received Prepare
AcceleratorClientConnectionCallback - disconnected - :0
Refreshing native plugins compatible for Editor in 2.03 ms, found 4 plugins.
Unloading 22 Unused Serialized files (Serialized files now loaded: 0)
Unloading 22 unused Assets / (2.6 MB). Loaded Objects now: 7351.
Memory consumption went from 362.7 MB to 360.1 MB.
Total: 9.291200 ms (FindLiveObjects: 0.812900 ms CreateObjectMapping: 1.227800 ms MarkObjects: 6.709200 ms  DeleteObjects: 0.540000 ms)

Prepare: number of updated asset objects reloaded= 0
========================================================================
Received Prepare
AcceleratorClientConnectionCallback - disconnected - :0
Refreshing native plugins compatible for Editor in 2.62 ms, found 4 plugins.
Unloading 22 Unused Serialized files (Serialized files now loaded: 0)
Unloading 6428 unused Assets / (5.6 MB). Loaded Objects now: 7352.
Memory consumption went from 369.8 MB to 364.2 MB.
Total: 18.640200 ms (FindLiveObjects: 1.066100 ms CreateObjectMapping: 2.791600 ms MarkObjects: 10.863300 ms  DeleteObjects: 3.917700 ms)

Prepare: number of updated asset objects reloaded= 0
========================================================================
Received Prepare
AcceleratorClientConnectionCallback - disconnected - :0
[Licensing::Client] Successfully resolved entitlement details
Begin MonoManager ReloadAssembly
Native extension for WindowsStandalone target not found
Native extension for WebGL target not found
[Package Manager] Failed to launch server process. Reason: Unity was launched with the -noUpm command-line argument
[Package Manager] Unable to send message (not connected to server process).
[Package Manager] Cannot connect to Unity Package Manager local server
[Package Manager] Failed to launch server process. Reason: Unity was launched with the -noUpm command-line argument
[Package Manager] Unable to send message (not connected to server process).
[Package Manager] Cannot connect to Unity Package Manager local server
ScheduleIndexationOnStartup MainProcess:False IndexOnStartup:True
Mono: successfully reloaded assembly
- Finished resetting the current domain, in  1.012 seconds
Domain Reload Profiling: 2211ms
	BeginReloadAssembly (279ms)
		DisableScriptedObjects (8ms)
		CreateAndSetChildDomain (59ms)
	RebuildCommonClasses (11ms)
	RebuildNativeTypeToScriptingClass (21ms)
	initialDomainReloadingComplete (87ms)
	LoadAllAssembliesAndSetupDomain (799ms)
		LoadAssemblies (466ms)
		AnalyzeDomain (311ms)
			TypeCache.Refresh (15ms)
			BuildScriptInfoCaches (284ms)
			ResolveRequiredComponents (9ms)
	FinalizeReload (1013ms)
		SetupLoadedEditorAssemblies (0ms)
			InitializePlatformSupportModulesInManaged (3ms)
			BeforeProcessingInitializeOnLoad (140ms)
			ProcessInitializeOnLoadAttributes (387ms)
			ProcessInitializeOnLoadMethodAttributes (155ms)
			AfterProcessingInitializeOnLoad (11ms)
		AwakeInstancesAfterBackupRestoration (38ms)
Refreshing native plugins compatible for Editor in 3.31 ms, found 4 plugins.
Unloading 22 Unused Serialized files (Serialized files now loaded: 0)
Unloading 6439 unused Assets / (6.0 MB). Loaded Objects now: 7355.
Memory consumption went from 373.9 MB to 367.9 MB.
Total: 17.667200 ms (FindLiveObjects: 1.339300 ms CreateObjectMapping: 3.274200 ms MarkObjects: 7.809600 ms  DeleteObjects: 5.241700 ms)

Prepare: number of updated asset objects reloaded= 0
========================================================================
Received Prepare
AcceleratorClientConnectionCallback - disconnected - :0
Unloading 22 Unused Serialized files (Serialized files now loaded: 0)
Unloading 6428 unused Assets / (5.5 MB). Loaded Objects now: 7355.
Memory consumption went from 376.3 MB to 370.8 MB.
Total: 12.375100 ms (FindLiveObjects: 1.015800 ms CreateObjectMapping: 2.589400 ms MarkObjects: 5.872400 ms  DeleteObjects: 2.896300 ms)

Prepare: number of updated asset objects reloaded= 0
========================================================================
Received Prepare
AcceleratorClientConnectionCallback - disconnected - :0
Begin MonoManager ReloadAssembly
Native extension for WindowsStandalone target not found
Native extension for WebGL target not found
[Package Manager] Failed to launch server process. Reason: Unity was launched with the -noUpm command-line argument
[Package Manager] Unable to send message (not connected to server process).
[Package Manager] Cannot connect to Unity Package Manager local server
[Package Manager] Failed to launch server process. Reason: Unity was launched with the -noUpm command-line argument
[Package Manager] Unable to send message (not connected to server process).
[Package Manager] Cannot connect to Unity Package Manager local server
ScheduleIndexationOnStartup MainProcess:False IndexOnStartup:True
Mono: successfully reloaded assembly
- Finished resetting the current domain, in  0.883 seconds
Domain Reload Profiling: 2083ms
	BeginReloadAssembly (339ms)
		DisableScriptedObjects (14ms)
		CreateAndSetChildDomain (85ms)
	RebuildCommonClasses (11ms)
	RebuildNativeTypeToScriptingClass (23ms)
	initialDomainReloadingComplete (101ms)
	LoadAllAssembliesAndSetupDomain (725ms)
		LoadAssemblies (446ms)
		AnalyzeDomain (279ms)
			TypeCache.Refresh (15ms)
			BuildScriptInfoCaches (253ms)
			ResolveRequiredComponents (9ms)
	FinalizeReload (884ms)
		SetupLoadedEditorAssemblies (0ms)
			InitializePlatformSupportModulesInManaged (4ms)
			BeforeProcessingInitializeOnLoad (123ms)
			ProcessInitializeOnLoadAttributes (331ms)
			ProcessInitializeOnLoadMethodAttributes (143ms)
			AfterProcessingInitializeOnLoad (9ms)
		AwakeInstancesAfterBackupRestoration (29ms)
Refreshing native plugins compatible for Editor in 2.27 ms, found 4 plugins.
Unloading 22 Unused Serialized files (Serialized files now loaded: 0)
Unloading 6439 unused Assets / (5.5 MB). Loaded Objects now: 7358.
Memory consumption went from 379.9 MB to 374.4 MB.
Total: 17.636100 ms (FindLiveObjects: 1.039300 ms CreateObjectMapping: 2.811200 ms MarkObjects: 6.163900 ms  DeleteObjects: 7.620500 ms)

Prepare: number of updated asset objects reloaded= 0
========================================================================
Received Prepare
AcceleratorClientConnectionCallback - disconnected - :0
Refreshing native plugins compatible for Editor in 2.06 ms, found 4 plugins.
Unloading 22 Unused Serialized files (Serialized files now loaded: 0)
Unloading 6428 unused Assets / (5.7 MB). Loaded Objects now: 7358.
Memory consumption went from 382.3 MB to 376.6 MB.
Total: 13.849200 ms (FindLiveObjects: 1.023900 ms CreateObjectMapping: 2.965100 ms MarkObjects: 5.466800 ms  DeleteObjects: 4.392000 ms)

Prepare: number of updated asset objects reloaded= 0
========================================================================
Received Prepare
AcceleratorClientConnectionCallback - disconnected - :0
[Licensing::Client] Successfully resolved entitlement details
Begin MonoManager ReloadAssembly
Native extension for WindowsStandalone target not found
Native extension for WebGL target not found
[Package Manager] Failed to launch server process. Reason: Unity was launched with the -noUpm command-line argument
[Package Manager] Unable to send message (not connected to server process).
[Package Manager] Cannot connect to Unity Package Manager local server
[Package Manager] Failed to launch server process. Reason: Unity was launched with the -noUpm command-line argument
[Package Manager] Unable to send message (not connected to server process).
[Package Manager] Cannot connect to Unity Package Manager local server
ScheduleIndexationOnStartup MainProcess:False IndexOnStartup:True
Mono: successfully reloaded assembly
- Finished resetting the current domain, in  0.846 seconds
Domain Reload Profiling: 1977ms
	BeginReloadAssembly (269ms)
		DisableScriptedObjects (8ms)
		CreateAndSetChildDomain (58ms)
	RebuildCommonClasses (12ms)
	RebuildNativeTypeToScriptingClass (21ms)
	initialDomainReloadingComplete (83ms)
	LoadAllAssembliesAndSetupDomain (745ms)
		LoadAssemblies (438ms)
		AnalyzeDomain (295ms)
			TypeCache.Refresh (20ms)
			BuildScriptInfoCaches (263ms)
			ResolveRequiredComponents (10ms)
	FinalizeReload (847ms)
		SetupLoadedEditorAssemblies (0ms)
			InitializePlatformSupportModulesInManaged (3ms)
			BeforeProcessingInitializeOnLoad (117ms)
			ProcessInitializeOnLoadAttributes (304ms)
			ProcessInitializeOnLoadMethodAttributes (133ms)
			AfterProcessingInitializeOnLoad (7ms)
		AwakeInstancesAfterBackupRestoration (21ms)
Unloading 22 Unused Serialized files (Serialized files now loaded: 0)
Unloading 6439 unused Assets / (5.5 MB). Loaded Objects now: 7361.
Memory consumption went from 385.7 MB to 380.2 MB.
Total: 12.144200 ms (FindLiveObjects: 1.048900 ms CreateObjectMapping: 2.690700 ms MarkObjects: 5.322100 ms  DeleteObjects: 3.081500 ms)

Prepare: number of updated asset objects reloaded= 0
========================================================================
Received Prepare
AcceleratorClientConnectionCallback - disconnected - :0
Unloading 22 Unused Serialized files (Serialized files now loaded: 0)
Unloading 6428 unused Assets / (6.5 MB). Loaded Objects now: 7361.
Memory consumption went from 388.2 MB to 381.6 MB.
Total: 13.911900 ms (FindLiveObjects: 0.904000 ms CreateObjectMapping: 2.944600 ms MarkObjects: 5.168800 ms  DeleteObjects: 4.893800 ms)

Prepare: number of updated asset objects reloaded= 0
========================================================================
Received Prepare
AcceleratorClientConnectionCallback - disconnected - :0
Begin MonoManager ReloadAssembly
Native extension for WindowsStandalone target not found
Native extension for WebGL target not found
[Package Manager] Failed to launch server process. Reason: Unity was launched with the -noUpm command-line argument
[Package Manager] Unable to send message (not connected to server process).
[Package Manager] Cannot connect to Unity Package Manager local server
[Package Manager] Failed to launch server process. Reason: Unity was launched with the -noUpm command-line argument
[Package Manager] Unable to send message (not connected to server process).
[Package Manager] Cannot connect to Unity Package Manager local server
ScheduleIndexationOnStartup MainProcess:False IndexOnStartup:True
Mono: successfully reloaded assembly
- Finished resetting the current domain, in  0.838 seconds
Domain Reload Profiling: 2201ms
	BeginReloadAssembly (357ms)
		DisableScriptedObjects (9ms)
		CreateAndSetChildDomain (57ms)
	RebuildCommonClasses (13ms)
	RebuildNativeTypeToScriptingClass (24ms)
	initialDomainReloadingComplete (110ms)
	LoadAllAssembliesAndSetupDomain (859ms)
		LoadAssemblies (638ms)
		AnalyzeDomain (284ms)
			TypeCache.Refresh (16ms)
			BuildScriptInfoCaches (256ms)
			ResolveRequiredComponents (9ms)
	FinalizeReload (840ms)
		SetupLoadedEditorAssemblies (0ms)
			InitializePlatformSupportModulesInManaged (3ms)
			BeforeProcessingInitializeOnLoad (108ms)
			ProcessInitializeOnLoadAttributes (323ms)
			ProcessInitializeOnLoadMethodAttributes (142ms)
			AfterProcessingInitializeOnLoad (8ms)
		AwakeInstancesAfterBackupRestoration (22ms)
Unloading 22 Unused Serialized files (Serialized files now loaded: 0)
Unloading 6439 unused Assets / (5.6 MB). Loaded Objects now: 7364.
Memory consumption went from 391.3 MB to 385.7 MB.
Total: 12.225400 ms (FindLiveObjects: 0.949700 ms CreateObjectMapping: 2.365000 ms MarkObjects: 5.685900 ms  DeleteObjects: 3.223900 ms)

Prepare: number of updated asset objects reloaded= 0
========================================================================
Received Prepare
AcceleratorClientConnectionCallback - disconnected - :0
Unloading 22 Unused Serialized files (Serialized files now loaded: 0)
Unloading 6428 unused Assets / (5.6 MB). Loaded Objects now: 7364.
Memory consumption went from 393.8 MB to 388.1 MB.
Total: 14.024400 ms (FindLiveObjects: 1.185800 ms CreateObjectMapping: 2.606300 ms MarkObjects: 5.873500 ms  DeleteObjects: 4.357000 ms)

Prepare: number of updated asset objects reloaded= 0
========================================================================
Received Prepare
AcceleratorClientConnectionCallback - disconnected - :0
Begin MonoManager ReloadAssembly
Native extension for WindowsStandalone target not found
Native extension for WebGL target not found
[Package Manager] Failed to launch server process. Reason: Unity was launched with the -noUpm command-line argument
[Package Manager] Unable to send message (not connected to server process).
[Package Manager] Cannot connect to Unity Package Manager local server
[Package Manager] Failed to launch server process. Reason: Unity was launched with the -noUpm command-line argument
[Package Manager] Unable to send message (not connected to server process).
[Package Manager] Cannot connect to Unity Package Manager local server
ScheduleIndexationOnStartup MainProcess:False IndexOnStartup:True
Mono: successfully reloaded assembly
- Finished resetting the current domain, in  0.875 seconds
Domain Reload Profiling: 2207ms
	BeginReloadAssembly (303ms)
		DisableScriptedObjects (9ms)
		CreateAndSetChildDomain (57ms)
	RebuildCommonClasses (14ms)
	RebuildNativeTypeToScriptingClass (24ms)
	initialDomainReloadingComplete (101ms)
	LoadAllAssembliesAndSetupDomain (889ms)
		LoadAssemblies (548ms)
		AnalyzeDomain (347ms)
			TypeCache.Refresh (16ms)
			BuildScriptInfoCaches (320ms)
			ResolveRequiredComponents (9ms)
	FinalizeReload (876ms)
		SetupLoadedEditorAssemblies (0ms)
			BeforeProcessingInitializeOnLoad (117ms)
			ProcessInitializeOnLoadAttributes (320ms)
			ProcessInitializeOnLoadMethodAttributes (157ms)
			AfterProcessingInitializeOnLoad (11ms)
		AwakeInstancesAfterBackupRestoration (30ms)
Refreshing native plugins compatible for Editor in 2.48 ms, found 4 plugins.
Unloading 22 Unused Serialized files (Serialized files now loaded: 0)
Unloading 6439 unused Assets / (5.5 MB). Loaded Objects now: 7367.
Memory consumption went from 397.6 MB to 392.1 MB.
Total: 12.593900 ms (FindLiveObjects: 0.894000 ms CreateObjectMapping: 2.328400 ms MarkObjects: 5.348900 ms  DeleteObjects: 4.021500 ms)

Prepare: number of updated asset objects reloaded= 0
========================================================================
Received Import Request.
  Time of request: 2026-08-09T12:46:38.1420109Z
  Time since last request: 2001.60151449999989 seconds.
  importAddress: GUID: e1170c667dd5b804793665f2647ecf24 - Path: Assets/Assets/Prototype 3/Scripts/Hazard.cs - Importer: ScriptedImporter/UnityEditor.QuickSearchModule:UnityEditor.Search:ASIAI0B
Importing 'GUID: e1170c667dd5b804793665f2647ecf24 - Path: Assets/Assets/Prototype 3/Scripts/Hazard.cs - Importer: ScriptedImporter/UnityEditor.QuickSearchModule:UnityEditor.Search:ASIAI0B' with importer (ScriptedImporter : UnityEditor.QuickSearchModule:UnityEditor.Search:ASIAI0B)
Imported 'GUID: e1170c667dd5b804793665f2647ecf24' -> (Import Result ID: '385b34bd53b7de16110da20fed711d81') in 0.087 seconds [static and dynamic dependencies]. Details - ImportResultOutputID=8a41c25c2559f70b94848aa58aab0cdd DependenciesID=4addbb41dfd471ced2a43e45541b6db7 StaticDependenciesID=b0668ccdac7da53667e87c2ff2493ffb 
Number of updated asset objects reloaded before import = 0
Number of asset objects unloaded after import = 0
========================================================================
Received Prepare
AcceleratorClientConnectionCallback - disconnected - :0
Unloading 22 Unused Serialized files (Serialized files now loaded: 0)
Unloading 6429 unused Assets / (6.6 MB). Loaded Objects now: 7368.
Memory consumption went from 401.6 MB to 395.0 MB.
Total: 14.880000 ms (FindLiveObjects: 1.239100 ms CreateObjectMapping: 2.498100 ms MarkObjects: 6.757900 ms  DeleteObjects: 4.383800 ms)

Prepare: number of updated asset objects reloaded= 0
========================================================================
Received Prepare
AcceleratorClientConnectionCallback - disconnected - :0
Begin MonoManager ReloadAssembly
Refreshing native plugins compatible for Editor in 2.34 ms, found 4 plugins.
Native extension for WindowsStandalone target not found
Native extension for WebGL target not found
[Package Manager] Failed to launch server process. Reason: Unity was launched with the -noUpm command-line argument
[Package Manager] Unable to send message (not connected to server process).
[Package Manager] Cannot connect to Unity Package Manager local server
[Package Manager] Failed to launch server process. Reason: Unity was launched with the -noUpm command-line argument
[Package Manager] Unable to send message (not connected to server process).
[Package Manager] Cannot connect to Unity Package Manager local server
ScheduleIndexationOnStartup MainProcess:False IndexOnStartup:True
Mono: successfully reloaded assembly
- Finished resetting the current domain, in  0.863 seconds
Domain Reload Profiling: 2066ms
	BeginReloadAssembly (293ms)
		DisableScriptedObjects (10ms)
		CreateAndSetChildDomain (65ms)
	RebuildCommonClasses (12ms)
	RebuildNativeTypeToScriptingClass (23ms)
	initialDomainReloadingComplete (83ms)
	LoadAllAssembliesAndSetupDomain (791ms)
		LoadAssemblies (450ms)
		AnalyzeDomain (312ms)
			TypeCache.Refresh (15ms)
			BuildScriptInfoCaches (285ms)
			ResolveRequiredComponents (10ms)
	FinalizeReload (864ms)
		SetupLoadedEditorAssemblies (0ms)
			InitializePlatformSupportModulesInManaged (3ms)
			BeforeProcessingInitializeOnLoad (111ms)
			ProcessInitializeOnLoadAttributes (329ms)
			ProcessInitializeOnLoadMethodAttributes (139ms)
			AfterProcessingInitializeOnLoad (7ms)
		AwakeInstancesAfterBackupRestoration (22ms)
Refreshing native plugins compatible for Editor in 2.07 ms, found 4 plugins.
Unloading 22 Unused Serialized files (Serialized files now loaded: 0)
Unloading 6440 unused Assets / (5.7 MB). Loaded Objects now: 7371.
Memory consumption went from 404.1 MB to 398.4 MB.
Total: 14.581600 ms (FindLiveObjects: 1.369200 ms CreateObjectMapping: 3.380200 ms MarkObjects: 5.634700 ms  DeleteObjects: 4.196000 ms)

Prepare: number of updated asset objects reloaded= 0
========================================================================
Received Prepare
AcceleratorClientConnectionCallback - disconnected - :0
Refreshing native plugins compatible for Editor in 2.19 ms, found 4 plugins.
Unloading 22 Unused Serialized files (Serialized files now loaded: 0)
Unloading 6429 unused Assets / (5.8 MB). Loaded Objects now: 7371.
Memory consumption went from 406.5 MB to 400.7 MB.
Total: 15.685600 ms (FindLiveObjects: 0.993700 ms CreateObjectMapping: 2.907100 ms MarkObjects: 6.045300 ms  DeleteObjects: 5.738200 ms)

Prepare: number of updated asset objects reloaded= 0
========================================================================
Received Prepare
AcceleratorClientConnectionCallback - disconnected - :0
[Licensing::Client] Successfully resolved entitlement details
Begin MonoManager ReloadAssembly
Native extension for WindowsStandalone target not found
Native extension for WebGL target not found
[Package Manager] Failed to launch server process. Reason: Unity was launched with the -noUpm command-line argument
[Package Manager] Unable to send message (not connected to server process).
[Package Manager] Cannot connect to Unity Package Manager local server
[Package Manager] Failed to launch server process. Reason: Unity was launched with the -noUpm command-line argument
[Package Manager] Unable to send message (not connected to server process).
[Package Manager] Cannot connect to Unity Package Manager local server
ScheduleIndexationOnStartup MainProcess:False IndexOnStartup:True
Mono: successfully reloaded assembly
- Finished resetting the current domain, in  0.861 seconds
Domain Reload Profiling: 2049ms
	BeginReloadAssembly (302ms)
		DisableScriptedObjects (8ms)
		CreateAndSetChildDomain (79ms)
	RebuildCommonClasses (11ms)
	RebuildNativeTypeToScriptingClass (23ms)
	initialDomainReloadingComplete (92ms)
	LoadAllAssembliesAndSetupDomain (759ms)
		LoadAssemblies (444ms)
		AnalyzeDomain (302ms)
			TypeCache.Refresh (15ms)
			BuildScriptInfoCaches (276ms)
			ResolveRequiredComponents (9ms)
	FinalizeReload (862ms)
		SetupLoadedEditorAssemblies (0ms)
			BeforeProcessingInitializeOnLoad (111ms)
			ProcessInitializeOnLoadAttributes (338ms)
			ProcessInitializeOnLoadMethodAttributes (139ms)
			AfterProcessingInitializeOnLoad (8ms)
		AwakeInstancesAfterBackupRestoration (23ms)
Unloading 22 Unused Serialized files (Serialized files now loaded: 0)
Unloading 6440 unused Assets / (5.5 MB). Loaded Objects now: 7374.
Memory consumption went from 409.2 MB to 403.7 MB.
Total: 13.016700 ms (FindLiveObjects: 1.046600 ms CreateObjectMapping: 3.032000 ms MarkObjects: 5.448500 ms  DeleteObjects: 3.488700 ms)

Prepare: number of updated asset objects reloaded= 0
========================================================================
Received Prepare
AcceleratorClientConnectionCallback - disconnected - :0
[Licensing::Client] Successfully resolved entitlement details
Begin MonoManager ReloadAssembly
Native extension for WindowsStandalone target not found
Native extension for WebGL target not found
[Package Manager] Failed to launch server process. Reason: Unity was launched with the -noUpm command-line argument
[Package Manager] Unable to send message (not connected to server process).
[Package Manager] Cannot connect to Unity Package Manager local server
[Package Manager] Failed to launch server process. Reason: Unity was launched with the -noUpm command-line argument
[Package Manager] Unable to send message (not connected to server process).
[Package Manager] Cannot connect to Unity Package Manager local server
ScheduleIndexationOnStartup MainProcess:False IndexOnStartup:True
Mono: successfully reloaded assembly
- Finished resetting the current domain, in  1.116 seconds
Domain Reload Profiling: 2001ms
	BeginReloadAssembly (275ms)
		DisableScriptedObjects (9ms)
		CreateAndSetChildDomain (62ms)
	RebuildCommonClasses (11ms)
	RebuildNativeTypeToScriptingClass (21ms)
	initialDomainReloadingComplete (82ms)
	LoadAllAssembliesAndSetupDomain (494ms)
		LoadAssemblies (452ms)
		AnalyzeDomain (29ms)
			TypeCache.Refresh (13ms)
			ResolveRequiredComponents (11ms)
	FinalizeReload (1118ms)
		SetupLoadedEditorAssemblies (0ms)
			InitializePlatformSupportModulesInManaged (4ms)
			BeforeProcessingInitializeOnLoad (122ms)
			ProcessInitializeOnLoadAttributes (489ms)
			ProcessInitializeOnLoadMethodAttributes (179ms)
			AfterProcessingInitializeOnLoad (11ms)
		AwakeInstancesAfterBackupRestoration (38ms)
Refreshing native plugins compatible for Editor in 2.99 ms, found 4 plugins.
Unloading 22 Unused Serialized files (Serialized files now loaded: 0)
Unloading 6440 unused Assets / (6.3 MB). Loaded Objects now: 7377.
Memory consumption went from 411.6 MB to 405.3 MB.
Total: 19.252700 ms (FindLiveObjects: 1.702700 ms CreateObjectMapping: 3.820200 ms MarkObjects: 7.973100 ms  DeleteObjects: 5.755100 ms)

Prepare: number of updated asset objects reloaded= 0
========================================================================
Received Prepare
AcceleratorClientConnectionCallback - disconnected - :0
Unloading 22 Unused Serialized files (Serialized files now loaded: 0)
Unloading 6430 unused Assets / (5.3 MB). Loaded Objects now: 7378.
Memory consumption went from 414.1 MB to 408.8 MB.
Total: 13.711000 ms (FindLiveObjects: 0.967200 ms CreateObjectMapping: 2.434200 ms MarkObjects: 7.006900 ms  DeleteObjects: 3.301800 ms)

Prepare: number of updated asset objects reloaded= 0
========================================================================
Received Prepare
AcceleratorClientConnectionCallback - disconnected - :0
[Licensing::Client] Successfully resolved entitlement details
Begin MonoManager ReloadAssembly
Native extension for WindowsStandalone target not found
Native extension for WebGL target not found
[Package Manager] Failed to launch server process. Reason: Unity was launched with the -noUpm command-line argument
[Package Manager] Unable to send message (not connected to server process).
[Package Manager] Cannot connect to Unity Package Manager local server
[Package Manager] Failed to launch server process. Reason: Unity was launched with the -noUpm command-line argument
[Package Manager] Unable to send message (not connected to server process).
[Package Manager] Cannot connect to Unity Package Manager local server
ScheduleIndexationOnStartup MainProcess:False IndexOnStartup:True
Mono: successfully reloaded assembly
- Finished resetting the current domain, in  0.963 seconds
Domain Reload Profiling: 2193ms
	BeginReloadAssembly (287ms)
		DisableScriptedObjects (9ms)
		CreateAndSetChildDomain (60ms)
	RebuildCommonClasses (11ms)
	RebuildNativeTypeToScriptingClass (22ms)
	initialDomainReloadingComplete (96ms)
	LoadAllAssembliesAndSetupDomain (813ms)
		LoadAssemblies (461ms)
		AnalyzeDomain (325ms)
			TypeCache.Refresh (21ms)
			BuildScriptInfoCaches (289ms)
			ResolveRequiredComponents (12ms)
	FinalizeReload (964ms)
		SetupLoadedEditorAssemblies (0ms)
			InitializePlatformSupportModulesInManaged (3ms)
			BeforeProcessingInitializeOnLoad (126ms)
			ProcessInitializeOnLoadAttributes (356ms)
			ProcessInitializeOnLoadMethodAttributes (162ms)
			AfterProcessingInitializeOnLoad (11ms)
		AwakeInstancesAfterBackupRestoration (28ms)
Unloading 22 Unused Serialized files (Serialized files now loaded: 0)
Unloading 6441 unused Assets / (5.5 MB). Loaded Objects now: 7381.
Memory consumption went from 417.4 MB to 411.9 MB.
Total: 14.191400 ms (FindLiveObjects: 1.463000 ms CreateObjectMapping: 3.253500 ms MarkObjects: 5.626100 ms  DeleteObjects: 3.847500 ms)

Prepare: number of updated asset objects reloaded= 0
========================================================================
Received Prepare
AcceleratorClientConnectionCallback - disconnected - :0
Unloading 22 Unused Serialized files (Serialized files now loaded: 0)
Unloading 6430 unused Assets / (6.2 MB). Loaded Objects now: 7381.
Memory consumption went from 419.9 MB to 413.6 MB.
Total: 20.984700 ms (FindLiveObjects: 1.321300 ms CreateObjectMapping: 3.513600 ms MarkObjects: 9.430600 ms  DeleteObjects: 6.716600 ms)

Prepare: number of updated asset objects reloaded= 0
========================================================================
Received Prepare
AcceleratorClientConnectionCallback - disconnected - :0
Begin MonoManager ReloadAssembly
Refreshing native plugins compatible for Editor in 2.26 ms, found 4 plugins.
Native extension for WindowsStandalone target not found
Native extension for WebGL target not found
[Package Manager] Failed to launch server process. Reason: Unity was launched with the -noUpm command-line argument
[Package Manager] Unable to send message (not connected to server process).
[Package Manager] Cannot connect to Unity Package Manager local server
[Package Manager] Failed to launch server process. Reason: Unity was launched with the -noUpm command-line argument
[Package Manager] Unable to send message (not connected to server process).
[Package Manager] Cannot connect to Unity Package Manager local server
ScheduleIndexationOnStartup MainProcess:False IndexOnStartup:True
Mono: successfully reloaded assembly
- Finished resetting the current domain, in  0.854 seconds
Domain Reload Profiling: 2020ms
	BeginReloadAssembly (296ms)
		DisableScriptedObjects (9ms)
		CreateAndSetChildDomain (63ms)
	RebuildCommonClasses (20ms)
	RebuildNativeTypeToScriptingClass (21ms)
	initialDomainReloadingComplete (85ms)
	LoadAllAssembliesAndSetupDomain (742ms)
		LoadAssemblies (464ms)
		AnalyzeDomain (288ms)
			TypeCache.Refresh (13ms)
			BuildScriptInfoCaches (264ms)
			ResolveRequiredComponents (9ms)
	FinalizeReload (856ms)
		SetupLoadedEditorAssemblies (0ms)
			InitializePlatformSupportModulesInManaged (3ms)
			BeforeProcessingInitializeOnLoad (111ms)
			ProcessInitializeOnLoadAttributes (312ms)
			ProcessInitializeOnLoadMethodAttributes (143ms)
			AfterProcessingInitializeOnLoad (8ms)
		AwakeInstancesAfterBackupRestoration (22ms)
Unloading 22 Unused Serialized files (Serialized files now loaded: 0)
Unloading 6441 unused Assets / (5.4 MB). Loaded Objects now: 7384.
Memory consumption went from 423.0 MB to 417.6 MB.
Total: 12.751000 ms (FindLiveObjects: 0.921300 ms CreateObjectMapping: 3.138800 ms MarkObjects: 5.097300 ms  DeleteObjects: 3.592700 ms)

Prepare: number of updated asset objects reloaded= 0
========================================================================
Received Prepare
AcceleratorClientConnectionCallback - disconnected - :0
Begin MonoManager ReloadAssembly
Native extension for WindowsStandalone target not found
Native extension for WebGL target not found
[Package Manager] Failed to launch server process. Reason: Unity was launched with the -noUpm command-line argument
[Package Manager] Unable to send message (not connected to server process).
[Package Manager] Cannot connect to Unity Package Manager local server
[Package Manager] Failed to launch server process. Reason: Unity was launched with the -noUpm command-line argument
[Package Manager] Unable to send message (not connected to server process).
[Package Manager] Cannot connect to Unity Package Manager local server
ScheduleIndexationOnStartup MainProcess:False IndexOnStartup:True
Mono: successfully reloaded assembly
- Finished resetting the current domain, in  0.958 seconds
Domain Reload Profiling: 1835ms
	BeginReloadAssembly (277ms)
		DisableScriptedObjects (8ms)
		CreateAndSetChildDomain (59ms)
	RebuildCommonClasses (12ms)
	RebuildNativeTypeToScriptingClass (23ms)
	initialDomainReloadingComplete (83ms)
	LoadAllAssembliesAndSetupDomain (480ms)
		LoadAssemblies (440ms)
		AnalyzeDomain (29ms)
			TypeCache.Refresh (14ms)
			ResolveRequiredComponents (10ms)
	FinalizeReload (960ms)
		SetupLoadedEditorAssemblies (0ms)
			InitializePlatformSupportModulesInManaged (4ms)
			BeforeProcessingInitializeOnLoad (132ms)
			ProcessInitializeOnLoadAttributes (374ms)
			ProcessInitializeOnLoadMethodAttributes (169ms)
			AfterProcessingInitializeOnLoad (10ms)
		AwakeInstancesAfterBackupRestoration (28ms)
Refreshing native plugins compatible for Editor in 3.11 ms, found 4 plugins.
Unloading 22 Unused Serialized files (Serialized files now loaded: 0)
Unloading 6441 unused Assets / (6.4 MB). Loaded Objects now: 7387.
Memory consumption went from 426.0 MB to 419.6 MB.
Total: 17.907600 ms (FindLiveObjects: 1.227400 ms CreateObjectMapping: 3.327700 ms MarkObjects: 7.273600 ms  DeleteObjects: 6.077200 ms)

Prepare: number of updated asset objects reloaded= 0
========================================================================
Received Prepare
AcceleratorClientConnectionCallback - disconnected - :0
Unloading 22 Unused Serialized files (Serialized files now loaded: 0)
Unloading 6430 unused Assets / (5.9 MB). Loaded Objects now: 7387.
Memory consumption went from 428.4 MB to 422.5 MB.
Total: 14.636100 ms (FindLiveObjects: 0.983900 ms CreateObjectMapping: 3.590900 ms MarkObjects: 5.769700 ms  DeleteObjects: 4.290700 ms)

Prepare: number of updated asset objects reloaded= 0
========================================================================
Received Prepare
AcceleratorClientConnectionCallback - disconnected - :0
Refreshing native plugins compatible for Editor in 2.12 ms, found 4 plugins.
Unloading 22 Unused Serialized files (Serialized files now loaded: 0)
Unloading 6430 unused Assets / (5.8 MB). Loaded Objects now: 7387.
Memory consumption went from 430.7 MB to 424.9 MB.
Total: 14.884100 ms (FindLiveObjects: 1.434400 ms CreateObjectMapping: 4.259400 ms MarkObjects: 5.587900 ms  DeleteObjects: 3.601300 ms)

Prepare: number of updated asset objects reloaded= 0
========================================================================
Received Prepare
AcceleratorClientConnectionCallback - disconnected - :0
[Licensing::Client] Successfully resolved entitlement details
Begin MonoManager ReloadAssembly
Native extension for WindowsStandalone target not found
Native extension for WebGL target not found
[Package Manager] Failed to launch server process. Reason: Unity was launched with the -noUpm command-line argument
[Package Manager] Unable to send message (not connected to server process).
[Package Manager] Cannot connect to Unity Package Manager local server
[Package Manager] Failed to launch server process. Reason: Unity was launched with the -noUpm command-line argument
[Package Manager] Unable to send message (not connected to server process).
[Package Manager] Cannot connect to Unity Package Manager local server
ScheduleIndexationOnStartup MainProcess:False IndexOnStartup:True
Mono: successfully reloaded assembly
- Finished resetting the current domain, in  0.834 seconds
Domain Reload Profiling: 2018ms
	BeginReloadAssembly (286ms)
		DisableScriptedObjects (8ms)
		CreateAndSetChildDomain (61ms)
	RebuildCommonClasses (13ms)
	RebuildNativeTypeToScriptingClass (23ms)
	initialDomainReloadingComplete (96ms)
	LoadAllAssembliesAndSetupDomain (766ms)
		LoadAssemblies (449ms)
		AnalyzeDomain (317ms)
			TypeCache.Refresh (16ms)
			BuildScriptInfoCaches (287ms)
			ResolveRequiredComponents (12ms)
	FinalizeReload (835ms)
		SetupLoadedEditorAssemblies (0ms)
			InitializePlatformSupportModulesInManaged (3ms)
			BeforeProcessingInitializeOnLoad (113ms)
			ProcessInitializeOnLoadAttributes (309ms)
			ProcessInitializeOnLoadMethodAttributes (144ms)
			AfterProcessingInitializeOnLoad (9ms)
		AwakeInstancesAfterBackupRestoration (23ms)
Refreshing native plugins compatible for Editor in 2.01 ms, found 4 plugins.
Unloading 22 Unused Serialized files (Serialized files now loaded: 0)
Unloading 6441 unused Assets / (6.1 MB). Loaded Objects now: 7390.
Memory consumption went from 433.9 MB to 427.9 MB.
Total: 14.415400 ms (FindLiveObjects: 1.245300 ms CreateObjectMapping: 3.346200 ms MarkObjects: 5.470200 ms  DeleteObjects: 4.352400 ms)

Prepare: number of updated asset objects reloaded= 0
========================================================================
Received Prepare
AcceleratorClientConnectionCallback - disconnected - :0
Begin MonoManager ReloadAssembly
Native extension for WindowsStandalone target not found
Native extension for WebGL target not found
[Package Manager] Failed to launch server process. Reason: Unity was launched with the -noUpm command-line argument
[Package Manager] Unable to send message (not connected to server process).
[Package Manager] Cannot connect to Unity Package Manager local server
[Package Manager] Failed to launch server process. Reason: Unity was launched with the -noUpm command-line argument
[Package Manager] Unable to send message (not connected to server process).
[Package Manager] Cannot connect to Unity Package Manager local server
ScheduleIndexationOnStartup MainProcess:False IndexOnStartup:True
Mono: successfully reloaded assembly
- Finished resetting the current domain, in  0.965 seconds
Domain Reload Profiling: 1824ms
	BeginReloadAssembly (279ms)
		DisableScriptedObjects (10ms)
		CreateAndSetChildDomain (58ms)
	RebuildCommonClasses (11ms)
	RebuildNativeTypeToScriptingClass (22ms)
	initialDomainReloadingComplete (91ms)
	LoadAllAssembliesAndSetupDomain (454ms)
		LoadAssemblies (433ms)
		AnalyzeDomain (25ms)
			TypeCache.Refresh (10ms)
			ResolveRequiredComponents (10ms)
	FinalizeReload (967ms)
		SetupLoadedEditorAssemblies (0ms)
			InitializePlatformSupportModulesInManaged (3ms)
			BeforeProcessingInitializeOnLoad (115ms)
			ProcessInitializeOnLoadAttributes (362ms)
			ProcessInitializeOnLoadMethodAttributes (189ms)
			AfterProcessingInitializeOnLoad (12ms)
		AwakeInstancesAfterBackupRestoration (29ms)
Refreshing native plugins compatible for Editor in 2.68 ms, found 4 plugins.
Unloading 22 Unused Serialized files (Serialized files now loaded: 0)
Unloading 6441 unused Assets / (5.9 MB). Loaded Objects now: 7393.
Memory consumption went from 436.9 MB to 431.0 MB.
Total: 19.088900 ms (FindLiveObjects: 1.200300 ms CreateObjectMapping: 3.614300 ms MarkObjects: 9.250300 ms  DeleteObjects: 5.022600 ms)

Prepare: number of updated asset objects reloaded= 0
========================================================================
Received Prepare
AcceleratorClientConnectionCallback - disconnected - :0
Begin MonoManager ReloadAssembly
Native extension for WindowsStandalone target not found
Native extension for WebGL target not found
[Package Manager] Failed to launch server process. Reason: Unity was launched with the -noUpm command-line argument
[Package Manager] Unable to send message (not connected to server process).
[Package Manager] Cannot connect to Unity Package Manager local server
[Package Manager] Failed to launch server process. Reason: Unity was launched with the -noUpm command-line argument
[Package Manager] Unable to send message (not connected to server process).
[Package Manager] Cannot connect to Unity Package Manager local server
ScheduleIndexationOnStartup MainProcess:False IndexOnStartup:True
Mono: successfully reloaded assembly
- Finished resetting the current domain, in  0.975 seconds
Domain Reload Profiling: 1843ms
	BeginReloadAssembly (287ms)
		DisableScriptedObjects (7ms)
		CreateAndSetChildDomain (63ms)
	RebuildCommonClasses (11ms)
	RebuildNativeTypeToScriptingClass (22ms)
	initialDomainReloadingComplete (83ms)
	LoadAllAssembliesAndSetupDomain (463ms)
		LoadAssemblies (418ms)
		AnalyzeDomain (24ms)
			TypeCache.Refresh (10ms)
			ResolveRequiredComponents (10ms)
	FinalizeReload (977ms)
		SetupLoadedEditorAssemblies (0ms)
			InitializePlatformSupportModulesInManaged (3ms)
			BeforeProcessingInitializeOnLoad (123ms)
			ProcessInitializeOnLoadAttributes (378ms)
			ProcessInitializeOnLoadMethodAttributes (177ms)
			AfterProcessingInitializeOnLoad (9ms)
		AwakeInstancesAfterBackupRestoration (34ms)
Refreshing native plugins compatible for Editor in 2.26 ms, found 4 plugins.
Unloading 22 Unused Serialized files (Serialized files now loaded: 0)
Unloading 6441 unused Assets / (5.7 MB). Loaded Objects now: 7396.
Memory consumption went from 439.3 MB to 433.6 MB.
Total: 18.912900 ms (FindLiveObjects: 1.199100 ms CreateObjectMapping: 3.835000 ms MarkObjects: 9.372000 ms  DeleteObjects: 4.505200 ms)

Prepare: number of updated asset objects reloaded= 0
========================================================================
Received Import Request.
  Time of request: 2026-08-09T12:57:43.8096652Z
  Time since last request: 665.5671615 seconds.
  importAddress: GUID: 63122b46394184d4bb8599b347096b5f - Path: Assets/Assets/Prototype 3/Scripts/TimeRewind.cs - Importer: ScriptedImporter/UnityEditor.QuickSearchModule:UnityEditor.Search:ASIAI0B
Importing 'GUID: 63122b46394184d4bb8599b347096b5f - Path: Assets/Assets/Prototype 3/Scripts/TimeRewind.cs - Importer: ScriptedImporter/UnityEditor.QuickSearchModule:UnityEditor.Search:ASIAI0B' with importer (ScriptedImporter : UnityEditor.QuickSearchModule:UnityEditor.Search:ASIAI0B)
Imported 'GUID: 63122b46394184d4bb8599b347096b5f' -> (Import Result ID: '76b4a3507cfea05d86be6f3ebebdb3f4') in 0.123 seconds [static and dynamic dependencies]. Details - ImportResultOutputID=182dd44d1020831eee709f6689c984c7 DependenciesID=8eaf09c15e886b7673affad940b7189c StaticDependenciesID=192b8434dcea2b547baf24e69d8cd2e5 
Number of updated asset objects reloaded before import = 0
Number of asset objects unloaded after import = 0
========================================================================
Received Prepare
AcceleratorClientConnectionCallback - disconnected - :0
Refreshing native plugins compatible for Editor in 2.02 ms, found 4 plugins.
Unloading 22 Unused Serialized files (Serialized files now loaded: 0)
Unloading 6431 unused Assets / (5.4 MB). Loaded Objects now: 7397.
Memory consumption went from 382.7 MB to 377.3 MB.
Total: 13.207600 ms (FindLiveObjects: 1.047600 ms CreateObjectMapping: 2.374500 ms MarkObjects: 5.886500 ms  DeleteObjects: 3.897900 ms)

Prepare: number of updated asset objects reloaded= 0
========================================================================
Received Prepare
AcceleratorClientConnectionCallback - disconnected - :0
[Licensing::Client] Successfully resolved entitlement details
Begin MonoManager ReloadAssembly
Refreshing native plugins compatible for Editor in 3.07 ms, found 4 plugins.
Native extension for WindowsStandalone target not found
Native extension for WebGL target not found
[Package Manager] Failed to launch server process. Reason: Unity was launched with the -noUpm command-line argument
[Package Manager] Unable to send message (not connected to server process).
[Package Manager] Cannot connect to Unity Package Manager local server
[Package Manager] Failed to launch server process. Reason: Unity was launched with the -noUpm command-line argument
[Package Manager] Unable to send message (not connected to server process).
[Package Manager] Cannot connect to Unity Package Manager local server
ScheduleIndexationOnStartup MainProcess:False IndexOnStartup:True
Mono: successfully reloaded assembly
- Finished resetting the current domain, in  1.010 seconds
Domain Reload Profiling: 2238ms
	BeginReloadAssembly (312ms)
		DisableScriptedObjects (8ms)
		CreateAndSetChildDomain (70ms)
	RebuildCommonClasses (12ms)
	RebuildNativeTypeToScriptingClass (23ms)
	initialDomainReloadingComplete (93ms)
	LoadAllAssembliesAndSetupDomain (785ms)
		LoadAssemblies (451ms)
		AnalyzeDomain (309ms)
			TypeCache.Refresh (16ms)
			BuildScriptInfoCaches (278ms)
			ResolveRequiredComponents (13ms)
	FinalizeReload (1011ms)
		SetupLoadedEditorAssemblies (0ms)
			InitializePlatformSupportModulesInManaged (3ms)
			BeforeProcessingInitializeOnLoad (126ms)
			ProcessInitializeOnLoadAttributes (357ms)
			ProcessInitializeOnLoadMethodAttributes (146ms)
			AfterProcessingInitializeOnLoad (8ms)
		AwakeInstancesAfterBackupRestoration (35ms)
Unloading 22 Unused Serialized files (Serialized files now loaded: 0)
Unloading 6442 unused Assets / (5.7 MB). Loaded Objects now: 7400.
Memory consumption went from 385.9 MB to 380.2 MB.
Total: 15.999900 ms (FindLiveObjects: 1.543200 ms CreateObjectMapping: 3.849700 ms MarkObjects: 6.929000 ms  DeleteObjects: 3.676100 ms)

Prepare: number of updated asset objects reloaded= 0
========================================================================
Received Prepare
AcceleratorClientConnectionCallback - disconnected - :0
Refreshing native plugins compatible for Editor in 2.08 ms, found 4 plugins.
Unloading 22 Unused Serialized files (Serialized files now loaded: 0)
Unloading 6431 unused Assets / (7.4 MB). Loaded Objects now: 7400.
Memory consumption went from 388.3 MB to 381.0 MB.
Total: 17.154300 ms (FindLiveObjects: 1.102700 ms CreateObjectMapping: 3.009600 ms MarkObjects: 5.840100 ms  DeleteObjects: 7.200800 ms)

Prepare: number of updated asset objects reloaded= 0
========================================================================
Received Prepare
AcceleratorClientConnectionCallback - disconnected - :0
Begin MonoManager ReloadAssembly
Refreshing native plugins compatible for Editor in 2.06 ms, found 4 plugins.
Native extension for WindowsStandalone target not found
Native extension for WebGL target not found
[Package Manager] Failed to launch server process. Reason: Unity was launched with the -noUpm command-line argument
[Package Manager] Unable to send message (not connected to server process).
[Package Manager] Cannot connect to Unity Package Manager local server
[Package Manager] Failed to launch server process. Reason: Unity was launched with the -noUpm command-line argument
[Package Manager] Unable to send message (not connected to server process).
[Package Manager] Cannot connect to Unity Package Manager local server
ScheduleIndexationOnStartup MainProcess:False IndexOnStartup:True
Mono: successfully reloaded assembly
- Finished resetting the current domain, in  0.854 seconds
Domain Reload Profiling: 2052ms
	BeginReloadAssembly (281ms)
		DisableScriptedObjects (9ms)
		CreateAndSetChildDomain (66ms)
	RebuildCommonClasses (11ms)
	RebuildNativeTypeToScriptingClass (23ms)
	initialDomainReloadingComplete (87ms)
	LoadAllAssembliesAndSetupDomain (795ms)
		LoadAssemblies (469ms)
		AnalyzeDomain (316ms)
			TypeCache.Refresh (24ms)
			BuildScriptInfoCaches (281ms)
			ResolveRequiredComponents (9ms)
	FinalizeReload (855ms)
		SetupLoadedEditorAssemblies (0ms)
			InitializePlatformSupportModulesInManaged (3ms)
			BeforeProcessingInitializeOnLoad (114ms)
			ProcessInitializeOnLoadAttributes (333ms)
			ProcessInitializeOnLoadMethodAttributes (145ms)
			AfterProcessingInitializeOnLoad (7ms)
		AwakeInstancesAfterBackupRestoration (23ms)
Unloading 22 Unused Serialized files (Serialized files now loaded: 0)
Unloading 6442 unused Assets / (5.7 MB). Loaded Objects now: 7403.
Memory consumption went from 391.7 MB to 386.0 MB.
Total: 15.003800 ms (FindLiveObjects: 1.161800 ms CreateObjectMapping: 3.126200 ms MarkObjects: 6.724500 ms  DeleteObjects: 3.990000 ms)

Prepare: number of updated asset objects reloaded= 0
========================================================================
Received Prepare
AcceleratorClientConnectionCallback - disconnected - :0
Begin MonoManager ReloadAssembly
Native extension for WindowsStandalone target not found
Native extension for WebGL target not found
[Package Manager] Failed to launch server process. Reason: Unity was launched with the -noUpm command-line argument
[Package Manager] Unable to send message (not connected to server process).
[Package Manager] Cannot connect to Unity Package Manager local server
[Package Manager] Failed to launch server process. Reason: Unity was launched with the -noUpm command-line argument
[Package Manager] Unable to send message (not connected to server process).
[Package Manager] Cannot connect to Unity Package Manager local server
ScheduleIndexationOnStartup MainProcess:False IndexOnStartup:True
Mono: successfully reloaded assembly
- Finished resetting the current domain, in  0.976 seconds
Domain Reload Profiling: 1861ms
	BeginReloadAssembly (285ms)
		DisableScriptedObjects (10ms)
		CreateAndSetChildDomain (67ms)
	RebuildCommonClasses (11ms)
	RebuildNativeTypeToScriptingClass (29ms)
	initialDomainReloadingComplete (86ms)
	LoadAllAssembliesAndSetupDomain (473ms)
		LoadAssemblies (441ms)
		AnalyzeDomain (25ms)
			TypeCache.Refresh (11ms)
			ResolveRequiredComponents (10ms)
	FinalizeReload (978ms)
		SetupLoadedEditorAssemblies (0ms)
			InitializePlatformSupportModulesInManaged (3ms)
			BeforeProcessingInitializeOnLoad (120ms)
			ProcessInitializeOnLoadAttributes (391ms)
			ProcessInitializeOnLoadMethodAttributes (182ms)
			AfterProcessingInitializeOnLoad (9ms)
		AwakeInstancesAfterBackupRestoration (29ms)
Refreshing native plugins compatible for Editor in 2.33 ms, found 4 plugins.
Unloading 22 Unused Serialized files (Serialized files now loaded: 0)
Unloading 6442 unused Assets / (5.9 MB). Loaded Objects now: 7406.
Memory consumption went from 394.4 MB to 388.5 MB.
Total: 20.062500 ms (FindLiveObjects: 1.903500 ms CreateObjectMapping: 3.329100 ms MarkObjects: 8.800000 ms  DeleteObjects: 6.027900 ms)

Prepare: number of updated asset objects reloaded= 0
========================================================================
Received Prepare
AcceleratorClientConnectionCallback - disconnected - :0
Unloading 22 Unused Serialized files (Serialized files now loaded: 0)
Unloading 6432 unused Assets / (5.9 MB). Loaded Objects now: 7407.
Memory consumption went from 396.8 MB to 390.9 MB.
Total: 14.391300 ms (FindLiveObjects: 0.940700 ms CreateObjectMapping: 2.416300 ms MarkObjects: 5.353000 ms  DeleteObjects: 5.679800 ms)

Prepare: number of updated asset objects reloaded= 0
========================================================================
Received Prepare
AcceleratorClientConnectionCallback - disconnected - :0
[Licensing::Client] Successfully resolved entitlement details
Begin MonoManager ReloadAssembly
Refreshing native plugins compatible for Editor in 2.10 ms, found 4 plugins.
Native extension for WindowsStandalone target not found
Native extension for WebGL target not found
[Package Manager] Failed to launch server process. Reason: Unity was launched with the -noUpm command-line argument
[Package Manager] Unable to send message (not connected to server process).
[Package Manager] Cannot connect to Unity Package Manager local server
[Package Manager] Failed to launch server process. Reason: Unity was launched with the -noUpm command-line argument
[Package Manager] Unable to send message (not connected to server process).
[Package Manager] Cannot connect to Unity Package Manager local server
ScheduleIndexationOnStartup MainProcess:False IndexOnStartup:True
Mono: successfully reloaded assembly
- Finished resetting the current domain, in  1.081 seconds
Domain Reload Profiling: 2278ms
	BeginReloadAssembly (291ms)
		DisableScriptedObjects (7ms)
		CreateAndSetChildDomain (60ms)
	RebuildCommonClasses (12ms)
	RebuildNativeTypeToScriptingClass (21ms)
	initialDomainReloadingComplete (97ms)
	LoadAllAssembliesAndSetupDomain (774ms)
		LoadAssemblies (461ms)
		AnalyzeDomain (302ms)
			TypeCache.Refresh (16ms)
			BuildScriptInfoCaches (272ms)
			ResolveRequiredComponents (10ms)
	FinalizeReload (1083ms)
		SetupLoadedEditorAssemblies (0ms)
			InitializePlatformSupportModulesInManaged (3ms)
			BeforeProcessingInitializeOnLoad (127ms)
			ProcessInitializeOnLoadAttributes (355ms)
			ProcessInitializeOnLoadMethodAttributes (262ms)
			AfterProcessingInitializeOnLoad (11ms)
		AwakeInstancesAfterBackupRestoration (46ms)
Refreshing native plugins compatible for Editor in 2.23 ms, found 4 plugins.
Unloading 22 Unused Serialized files (Serialized files now loaded: 0)
Unloading 6443 unused Assets / (6.0 MB). Loaded Objects now: 7410.
Memory consumption went from 400.3 MB to 394.2 MB.
Total: 14.548100 ms (FindLiveObjects: 0.977400 ms CreateObjectMapping: 2.692600 ms MarkObjects: 5.526800 ms  DeleteObjects: 5.350000 ms)

Prepare: number of updated asset objects reloaded= 0
========================================================================
Received Prepare
AcceleratorClientConnectionCallback - disconnected - :0
Refreshing native plugins compatible for Editor in 2.07 ms, found 4 plugins.
Unloading 22 Unused Serialized files (Serialized files now loaded: 0)
Unloading 6432 unused Assets / (5.4 MB). Loaded Objects now: 7410.
Memory consumption went from 402.7 MB to 397.3 MB.
Total: 15.730200 ms (FindLiveObjects: 1.250900 ms CreateObjectMapping: 3.826400 ms MarkObjects: 6.186000 ms  DeleteObjects: 4.464900 ms)

Prepare: number of updated asset objects reloaded= 0
========================================================================
Received Prepare
AcceleratorClientConnectionCallback - disconnected - :0
Begin MonoManager ReloadAssembly
Native extension for WindowsStandalone target not found
Native extension for WebGL target not found
[Package Manager] Failed to launch server process. Reason: Unity was launched with the -noUpm command-line argument
[Package Manager] Unable to send message (not connected to server process).
[Package Manager] Cannot connect to Unity Package Manager local server
[Package Manager] Failed to launch server process. Reason: Unity was launched with the -noUpm command-line argument
[Package Manager] Unable to send message (not connected to server process).
[Package Manager] Cannot connect to Unity Package Manager local server
ScheduleIndexationOnStartup MainProcess:False IndexOnStartup:True
Mono: successfully reloaded assembly
- Finished resetting the current domain, in  0.874 seconds
Domain Reload Profiling: 2052ms
	BeginReloadAssembly (306ms)
		DisableScriptedObjects (11ms)
		CreateAndSetChildDomain (75ms)
	RebuildCommonClasses (12ms)
	RebuildNativeTypeToScriptingClass (28ms)
	initialDomainReloadingComplete (80ms)
	LoadAllAssembliesAndSetupDomain (752ms)
		LoadAssemblies (440ms)
		AnalyzeDomain (303ms)
			TypeCache.Refresh (14ms)
			BuildScriptInfoCaches (277ms)
			ResolveRequiredComponents (9ms)
	FinalizeReload (875ms)
		SetupLoadedEditorAssemblies (0ms)
			InitializePlatformSupportModulesInManaged (3ms)
			BeforeProcessingInitializeOnLoad (112ms)
			ProcessInitializeOnLoadAttributes (315ms)
			ProcessInitializeOnLoadMethodAttributes (133ms)
			AfterProcessingInitializeOnLoad (8ms)
		AwakeInstancesAfterBackupRestoration (26ms)
Unloading 22 Unused Serialized files (Serialized files now loaded: 0)
Unloading 6443 unused Assets / (5.5 MB). Loaded Objects now: 7413.
Memory consumption went from 405.6 MB to 400.1 MB.
Total: 12.091600 ms (FindLiveObjects: 0.925500 ms CreateObjectMapping: 2.366200 ms MarkObjects: 5.212300 ms  DeleteObjects: 3.586100 ms)

Prepare: number of updated asset objects reloaded= 0
========================================================================
Received Prepare
AcceleratorClientConnectionCallback - disconnected - :0
Refreshing native plugins compatible for Editor in 2.35 ms, found 4 plugins.
Unloading 22 Unused Serialized files (Serialized files now loaded: 0)
Unloading 6432 unused Assets / (5.7 MB). Loaded Objects now: 7413.
Memory consumption went from 408.0 MB to 402.3 MB.
Total: 20.243900 ms (FindLiveObjects: 1.711000 ms CreateObjectMapping: 3.877700 ms MarkObjects: 8.663200 ms  DeleteObjects: 5.989400 ms)

Prepare: number of updated asset objects reloaded= 0
========================================================================
Received Prepare
AcceleratorClientConnectionCallback - disconnected - :0
[Licensing::Client] Successfully resolved entitlement details
Begin MonoManager ReloadAssembly
Native extension for WindowsStandalone target not found
Native extension for WebGL target not found
[Package Manager] Failed to launch server process. Reason: Unity was launched with the -noUpm command-line argument
[Package Manager] Unable to send message (not connected to server process).
[Package Manager] Cannot connect to Unity Package Manager local server
[Package Manager] Failed to launch server process. Reason: Unity was launched with the -noUpm command-line argument
[Package Manager] Unable to send message (not connected to server process).
[Package Manager] Cannot connect to Unity Package Manager local server
ScheduleIndexationOnStartup MainProcess:False IndexOnStartup:True
Mono: successfully reloaded assembly
- Finished resetting the current domain, in  0.875 seconds
Domain Reload Profiling: 2111ms
	BeginReloadAssembly (295ms)
		DisableScriptedObjects (10ms)
		CreateAndSetChildDomain (66ms)
	RebuildCommonClasses (12ms)
	RebuildNativeTypeToScriptingClass (22ms)
	initialDomainReloadingComplete (80ms)
	LoadAllAssembliesAndSetupDomain (826ms)
		LoadAssemblies (462ms)
		AnalyzeDomain (336ms)
			TypeCache.Refresh (20ms)
			BuildScriptInfoCaches (299ms)
			ResolveRequiredComponents (13ms)
	FinalizeReload (876ms)
		SetupLoadedEditorAssemblies (0ms)
			InitializePlatformSupportModulesInManaged (3ms)
			BeforeProcessingInitializeOnLoad (120ms)
			ProcessInitializeOnLoadAttributes (321ms)
			ProcessInitializeOnLoadMethodAttributes (143ms)
			AfterProcessingInitializeOnLoad (8ms)
		AwakeInstancesAfterBackupRestoration (22ms)
Unloading 22 Unused Serialized files (Serialized files now loaded: 0)
Unloading 6443 unused Assets / (5.5 MB). Loaded Objects now: 7416.
Memory consumption went from 410.8 MB to 405.2 MB.
Total: 13.787300 ms (FindLiveObjects: 1.315400 ms CreateObjectMapping: 2.680200 ms MarkObjects: 5.560100 ms  DeleteObjects: 4.230700 ms)

Prepare: number of updated asset objects reloaded= 0
========================================================================
Received Prepare
AcceleratorClientConnectionCallback - disconnected - :0
Begin MonoManager ReloadAssembly
Native extension for WindowsStandalone target not found
Native extension for WebGL target not found
[Package Manager] Failed to launch server process. Reason: Unity was launched with the -noUpm command-line argument
[Package Manager] Unable to send message (not connected to server process).
[Package Manager] Cannot connect to Unity Package Manager local server
[Package Manager] Failed to launch server process. Reason: Unity was launched with the -noUpm command-line argument
[Package Manager] Unable to send message (not connected to server process).
[Package Manager] Cannot connect to Unity Package Manager local server
ScheduleIndexationOnStartup MainProcess:False IndexOnStartup:True
Mono: successfully reloaded assembly
- Finished resetting the current domain, in  0.959 seconds
Domain Reload Profiling: 1842ms
	BeginReloadAssembly (297ms)
		DisableScriptedObjects (9ms)
		CreateAndSetChildDomain (67ms)
	RebuildCommonClasses (12ms)
	RebuildNativeTypeToScriptingClass (22ms)
	initialDomainReloadingComplete (86ms)
	LoadAllAssembliesAndSetupDomain (464ms)
		LoadAssemblies (439ms)
		AnalyzeDomain (28ms)
			TypeCache.Refresh (11ms)
			ResolveRequiredComponents (12ms)
	FinalizeReload (961ms)
		SetupLoadedEditorAssemblies (0ms)
			InitializePlatformSupportModulesInManaged (4ms)
			BeforeProcessingInitializeOnLoad (113ms)
			ProcessInitializeOnLoadAttributes (372ms)
			ProcessInitializeOnLoadMethodAttributes (178ms)
			AfterProcessingInitializeOnLoad (11ms)
		AwakeInstancesAfterBackupRestoration (29ms)
Refreshing native plugins compatible for Editor in 2.50 ms, found 4 plugins.
Unloading 22 Unused Serialized files (Serialized files now loaded: 0)
Unloading 6443 unused Assets / (5.7 MB). Loaded Objects now: 7419.
Memory consumption went from 413.4 MB to 407.8 MB.
Total: 16.995000 ms (FindLiveObjects: 1.195900 ms CreateObjectMapping: 3.394200 ms MarkObjects: 7.647400 ms  DeleteObjects: 4.756300 ms)

Prepare: number of updated asset objects reloaded= 0
========================================================================
Received Prepare
AcceleratorClientConnectionCallback - disconnected - :0
Refreshing native plugins compatible for Editor in 2.21 ms, found 4 plugins.
Unloading 22 Unused Serialized files (Serialized files now loaded: 0)
Unloading 6432 unused Assets / (6.0 MB). Loaded Objects now: 7419.
Memory consumption went from 415.9 MB to 409.9 MB.
Total: 18.541900 ms (FindLiveObjects: 1.388300 ms CreateObjectMapping: 3.429300 ms MarkObjects: 7.904700 ms  DeleteObjects: 5.816600 ms)

Prepare: number of updated asset objects reloaded= 0
========================================================================
Received Prepare
AcceleratorClientConnectionCallback - disconnected - :0
[Licensing::Client] Successfully resolved entitlement details
Begin MonoManager ReloadAssembly
Refreshing native plugins compatible for Editor in 2.20 ms, found 4 plugins.
Native extension for WindowsStandalone target not found
Native extension for WebGL target not found
[Package Manager] Failed to launch server process. Reason: Unity was launched with the -noUpm command-line argument
[Package Manager] Unable to send message (not connected to server process).
[Package Manager] Cannot connect to Unity Package Manager local server
[Package Manager] Failed to launch server process. Reason: Unity was launched with the -noUpm command-line argument
[Package Manager] Unable to send message (not connected to server process).
[Package Manager] Cannot connect to Unity Package Manager local server
ScheduleIndexationOnStartup MainProcess:False IndexOnStartup:True
Mono: successfully reloaded assembly
- Finished resetting the current domain, in  1.116 seconds
Domain Reload Profiling: 2378ms
	BeginReloadAssembly (296ms)
		DisableScriptedObjects (11ms)
		CreateAndSetChildDomain (66ms)
	RebuildCommonClasses (11ms)
	RebuildNativeTypeToScriptingClass (27ms)
	initialDomainReloadingComplete (92ms)
	LoadAllAssembliesAndSetupDomain (834ms)
		LoadAssemblies (485ms)
		AnalyzeDomain (328ms)
			TypeCache.Refresh (17ms)
			BuildScriptInfoCaches (299ms)
			ResolveRequiredComponents (10ms)
	FinalizeReload (1117ms)
		SetupLoadedEditorAssemblies (0ms)
			InitializePlatformSupportModulesInManaged (3ms)
			BeforeProcessingInitializeOnLoad (157ms)
			ProcessInitializeOnLoadAttributes (405ms)
			ProcessInitializeOnLoadMethodAttributes (183ms)
			AfterProcessingInitializeOnLoad (10ms)
		AwakeInstancesAfterBackupRestoration (29ms)
Refreshing native plugins compatible for Editor in 3.12 ms, found 4 plugins.
Unloading 22 Unused Serialized files (Serialized files now loaded: 0)
Unloading 6443 unused Assets / (5.7 MB). Loaded Objects now: 7422.
Memory consumption went from 419.6 MB to 413.9 MB.
Total: 19.263200 ms (FindLiveObjects: 1.560600 ms CreateObjectMapping: 3.628300 ms MarkObjects: 8.589500 ms  DeleteObjects: 5.483200 ms)

Prepare: number of updated asset objects reloaded= 0
========================================================================
Received Prepare
AcceleratorClientConnectionCallback - disconnected - :0
Begin MonoManager ReloadAssembly
Native extension for WindowsStandalone target not found
Native extension for WebGL target not found
[Package Manager] Failed to launch server process. Reason: Unity was launched with the -noUpm command-line argument
[Package Manager] Unable to send message (not connected to server process).
[Package Manager] Cannot connect to Unity Package Manager local server
[Package Manager] Failed to launch server process. Reason: Unity was launched with the -noUpm command-line argument
[Package Manager] Unable to send message (not connected to server process).
[Package Manager] Cannot connect to Unity Package Manager local server
ScheduleIndexationOnStartup MainProcess:False IndexOnStartup:True
Mono: successfully reloaded assembly
- Finished resetting the current domain, in  0.925 seconds
Domain Reload Profiling: 1821ms
	BeginReloadAssembly (289ms)
		DisableScriptedObjects (13ms)
		CreateAndSetChildDomain (59ms)
	RebuildCommonClasses (11ms)
	RebuildNativeTypeToScriptingClass (27ms)
	initialDomainReloadingComplete (86ms)
	LoadAllAssembliesAndSetupDomain (481ms)
		LoadAssemblies (444ms)
		AnalyzeDomain (27ms)
			TypeCache.Refresh (11ms)
			ResolveRequiredComponents (12ms)
	FinalizeReload (926ms)
		SetupLoadedEditorAssemblies (0ms)
			InitializePlatformSupportModulesInManaged (3ms)
			BeforeProcessingInitializeOnLoad (119ms)
			ProcessInitializeOnLoadAttributes (331ms)
			ProcessInitializeOnLoadMethodAttributes (177ms)
			AfterProcessingInitializeOnLoad (11ms)
		AwakeInstancesAfterBackupRestoration (32ms)
Refreshing native plugins compatible for Editor in 2.96 ms, found 4 plugins.
Unloading 22 Unused Serialized files (Serialized files now loaded: 0)
Unloading 6443 unused Assets / (5.3 MB). Loaded Objects now: 7425.
Memory consumption went from 422.1 MB to 416.9 MB.
Total: 14.560100 ms (FindLiveObjects: 1.321900 ms CreateObjectMapping: 3.046400 ms MarkObjects: 5.628300 ms  DeleteObjects: 4.561800 ms)

Prepare: number of updated asset objects reloaded= 0
========================================================================
Received Prepare
AcceleratorClientConnectionCallback - disconnected - :0
[Licensing::Client] Successfully resolved entitlement details
Begin MonoManager ReloadAssembly
Native extension for WindowsStandalone target not found
Native extension for WebGL target not found
[Package Manager] Failed to launch server process. Reason: Unity was launched with the -noUpm command-line argument
[Package Manager] Unable to send message (not connected to server process).
[Package Manager] Cannot connect to Unity Package Manager local server
[Package Manager] Failed to launch server process. Reason: Unity was launched with the -noUpm command-line argument
[Package Manager] Unable to send message (not connected to server process).
[Package Manager] Cannot connect to Unity Package Manager local server
ScheduleIndexationOnStartup MainProcess:False IndexOnStartup:True
Mono: successfully reloaded assembly
- Finished resetting the current domain, in  0.962 seconds
Domain Reload Profiling: 1835ms
	BeginReloadAssembly (300ms)
		DisableScriptedObjects (10ms)
		CreateAndSetChildDomain (71ms)
	RebuildCommonClasses (12ms)
	RebuildNativeTypeToScriptingClass (21ms)
	initialDomainReloadingComplete (84ms)
	LoadAllAssembliesAndSetupDomain (455ms)
		LoadAssemblies (413ms)
		AnalyzeDomain (26ms)
			TypeCache.Refresh (11ms)
			ResolveRequiredComponents (10ms)
	FinalizeReload (963ms)
		SetupLoadedEditorAssemblies (0ms)
			InitializePlatformSupportModulesInManaged (3ms)
			BeforeProcessingInitializeOnLoad (114ms)
			ProcessInitializeOnLoadAttributes (358ms)
			ProcessInitializeOnLoadMethodAttributes (185ms)
			AfterProcessingInitializeOnLoad (12ms)
		AwakeInstancesAfterBackupRestoration (34ms)
Refreshing native plugins compatible for Editor in 2.29 ms, found 4 plugins.
Unloading 22 Unused Serialized files (Serialized files now loaded: 0)
Unloading 6443 unused Assets / (6.3 MB). Loaded Objects now: 7428.
Memory consumption went from 424.5 MB to 418.2 MB.
Total: 20.934700 ms (FindLiveObjects: 1.159000 ms CreateObjectMapping: 3.719100 ms MarkObjects: 9.877000 ms  DeleteObjects: 6.177800 ms)

Prepare: number of updated asset objects reloaded= 0
========================================================================
Received Prepare
AcceleratorClientConnectionCallback - disconnected - :0
[Licensing::Client] Successfully resolved entitlement details
Begin MonoManager ReloadAssembly
Native extension for WindowsStandalone target not found
Native extension for WebGL target not found
[Package Manager] Failed to launch server process. Reason: Unity was launched with the -noUpm command-line argument
[Package Manager] Unable to send message (not connected to server process).
[Package Manager] Cannot connect to Unity Package Manager local server
[Package Manager] Failed to launch server process. Reason: Unity was launched with the -noUpm command-line argument
[Package Manager] Unable to send message (not connected to server process).
[Package Manager] Cannot connect to Unity Package Manager local server
ScheduleIndexationOnStartup MainProcess:False IndexOnStartup:True
Mono: successfully reloaded assembly
- Finished resetting the current domain, in  1.065 seconds
Domain Reload Profiling: 2043ms
	BeginReloadAssembly (281ms)
		DisableScriptedObjects (9ms)
		CreateAndSetChildDomain (64ms)
	RebuildCommonClasses (12ms)
	RebuildNativeTypeToScriptingClass (24ms)
	initialDomainReloadingComplete (79ms)
	LoadAllAssembliesAndSetupDomain (581ms)
		LoadAssemblies (454ms)
		AnalyzeDomain (28ms)
			TypeCache.Refresh (13ms)
			ResolveRequiredComponents (9ms)
	FinalizeReload (1067ms)
		SetupLoadedEditorAssemblies (0ms)
			InitializePlatformSupportModulesInManaged (3ms)
			BeforeProcessingInitializeOnLoad (120ms)
			ProcessInitializeOnLoadAttributes (427ms)
			ProcessInitializeOnLoadMethodAttributes (184ms)
			AfterProcessingInitializeOnLoad (11ms)
		AwakeInstancesAfterBackupRestoration (44ms)
Refreshing native plugins compatible for Editor in 2.26 ms, found 4 plugins.
Unloading 22 Unused Serialized files (Serialized files now loaded: 0)
Unloading 6443 unused Assets / (5.8 MB). Loaded Objects now: 7431.
Memory consumption went from 426.9 MB to 421.0 MB.
Total: 21.671600 ms (FindLiveObjects: 2.261900 ms CreateObjectMapping: 3.911100 ms MarkObjects: 8.389200 ms  DeleteObjects: 7.106500 ms)

Prepare: number of updated asset objects reloaded= 0
========================================================================
Received Prepare
AcceleratorClientConnectionCallback - disconnected - :0
Unloading 22 Unused Serialized files (Serialized files now loaded: 0)
Unloading 22 unused Assets / (2.6 MB). Loaded Objects now: 7431.
Memory consumption went from 424.5 MB to 421.9 MB.
Total: 7.944100 ms (FindLiveObjects: 0.643100 ms CreateObjectMapping: 0.974900 ms MarkObjects: 5.777600 ms  DeleteObjects: 0.546100 ms)

Prepare: number of updated asset objects reloaded= 1
========================================================================
Received Prepare
AcceleratorClientConnectionCallback - disconnected - :0
[Licensing::Client] Successfully resolved entitlement details
Begin MonoManager ReloadAssembly
Native extension for WindowsStandalone target not found
Native extension for WebGL target not found
[Package Manager] Failed to launch server process. Reason: Unity was launched with the -noUpm command-line argument
[Package Manager] Unable to send message (not connected to server process).
[Package Manager] Cannot connect to Unity Package Manager local server
[Package Manager] Failed to launch server process. Reason: Unity was launched with the -noUpm command-line argument
[Package Manager] Unable to send message (not connected to server process).
[Package Manager] Cannot connect to Unity Package Manager local server
ScheduleIndexationOnStartup MainProcess:False IndexOnStartup:True
Mono: successfully reloaded assembly
- Finished resetting the current domain, in  1.052 seconds
Domain Reload Profiling: 1952ms
	BeginReloadAssembly (289ms)
		DisableScriptedObjects (9ms)
		CreateAndSetChildDomain (70ms)
	RebuildCommonClasses (11ms)
	RebuildNativeTypeToScriptingClass (21ms)
	initialDomainReloadingComplete (83ms)
	LoadAllAssembliesAndSetupDomain (495ms)
		LoadAssemblies (449ms)
		AnalyzeDomain (28ms)
			TypeCache.Refresh (12ms)
			ResolveRequiredComponents (11ms)
	FinalizeReload (1053ms)
		SetupLoadedEditorAssemblies (0ms)
			InitializePlatformSupportModulesInManaged (3ms)
			BeforeProcessingInitializeOnLoad (140ms)
			ProcessInitializeOnLoadAttributes (413ms)
			ProcessInitializeOnLoadMethodAttributes (188ms)
			AfterProcessingInitializeOnLoad (10ms)
		AwakeInstancesAfterBackupRestoration (33ms)
Refreshing native plugins compatible for Editor in 3.17 ms, found 4 plugins.
Unloading 22 Unused Serialized files (Serialized files now loaded: 0)
Unloading 6443 unused Assets / (6.4 MB). Loaded Objects now: 7434.
Memory consumption went from 431.5 MB to 425.1 MB.
Total: 20.818900 ms (FindLiveObjects: 1.488300 ms CreateObjectMapping: 4.800300 ms MarkObjects: 7.280700 ms  DeleteObjects: 7.246700 ms)

Prepare: number of updated asset objects reloaded= 0
========================================================================
Received Prepare
AcceleratorClientConnectionCallback - disconnected - :0
Unloading 22 Unused Serialized files (Serialized files now loaded: 0)
Unloading 22 unused Assets / (2.6 MB). Loaded Objects now: 7434.
Memory consumption went from 429.2 MB to 426.6 MB.
Total: 7.951800 ms (FindLiveObjects: 0.526900 ms CreateObjectMapping: 1.007500 ms MarkObjects: 5.877700 ms  DeleteObjects: 0.538300 ms)

Prepare: number of updated asset objects reloaded= 0
Editor requested this worker to shutdown with reason: Editor is closing down
AcceleratorClientConnectionCallback - disconnected - :0
AssetImportWorker is now disconnected from the server
Process exiting
Exiting without the bug reporter. Application will terminate with return code 0