[Licensing::Module] Trying to connect to existing licensing client channel...
Built from '6000.5/staging' branch; Version is '6000.5.0f1 (88b47c5e7076) revision 8959100'; Using compiler version '194234433'; Build Type 'Release'
[Licensing::IpcConnector] Successfully connected to: "LicenseClient-tyler" at "2026-08-09T11:49:54.8593179Z"
OS: 'Windows 11  (10.0.26220) Core' Language: 'en' Physical Memory: 16299 MB
BatchMode: 1, IsHumanControllingUs: 0, StartBugReporterOnCrash: 0, Is64bit: 1
System  architecture: x64
Process architecture: x64
Date: 2026-08-09T11:49:54Z

COMMAND LINE ARGUMENTS:
C:\Program Files\Unity\Hub\Editor\6000.5.0f1\Editor\Unity.exe
-adb2
-batchMode
-noUpm
-name
AssetImportWorkerHW0
-projectPath
C:/Users/tyler/Documents/GitHub/Game-Dev-III/My project
-logFile
Logs/AssetImportWorkerHW0.log
-srvPort
64780
-parentPid
2012
-analyticsCloudUserId
anonymous
-analyticsCloudProjectId
655af935-c563-4d7e-a444-bc081339ca92
-analyticsLocalProjectId
f1b9c14d5627bcc44b85b92b47ef70cd
-licensingIpc
LicenseClient-tyler
-noDiagnosticSwitchPersistentStore
-job-worker-count
5
-background-job-worker-count
8
-asset-garbage-collectors
1
-force-d3d12
-name
AssetImport
Successfully changed project path to: C:/Users/tyler/Documents/GitHub/Game-Dev-III/My project
C:/Users/tyler/Documents/GitHub/Game-Dev-III/My project
[UnityMemory] Configuration Parameters - Can be set up in boot.config
    "memorysetup-temp-allocator-size-gi-baking-worker=262144"
    "memorysetup-temp-allocator-size-gi-baking-worker=262144"
    "memorysetup-temp-allocator-size-gi-baking-worker=262144"
    "memorysetup-temp-allocator-size-gi-baking-worker=262144"
    "memorysetup-temp-allocator-size-gi-baking-worker=262144"
    "memorysetup-temp-allocator-size-nav-mesh-worker=65536"
    "memorysetup-temp-allocator-size-audio-worker=65536"
    "memorysetup-temp-allocator-size-cloud-worker=32768"
    "memorysetup-temp-allocator-size-gfx=262144"
    "memorysetup-temp-allocator-size-preload-manager=33554432"
    "memorysetup-allocator-temp-initial-block-size-main=262144"
    "memorysetup-allocator-temp-initial-block-size-worker=262144"
    "memorysetup-temp-allocator-size-job-worker=262144"
    "memorysetup-temp-allocator-size-background-worker=32768"
    "memorysetup-bucket-allocator-granularity=16"
    "memorysetup-bucket-allocator-bucket-count=8"
    "memorysetup-bucket-allocator-block-size=33554432"
    "memorysetup-bucket-allocator-block-count=8"
    "memorysetup-main-allocator-block-size=16777216"
    "memorysetup-thread-allocator-block-size=16777216"
    "memorysetup-main-allocator-mimalloc-enabled=0"
    "memorysetup-gfx-main-allocator-block-size=16777216"
    "memorysetup-gfx-thread-allocator-block-size=16777216"
    "memorysetup-cache-allocator-block-size=4194304"
    "memorysetup-typetree-allocator-block-size=2097152"
    "memorysetup-profiler-bucket-allocator-granularity=16"
    "memorysetup-profiler-bucket-allocator-bucket-count=8"
    "memorysetup-profiler-bucket-allocator-block-size=33554432"
    "memorysetup-profiler-bucket-allocator-block-count=8"
    "memorysetup-profiler-allocator-block-size=16777216"
    "memorysetup-profiler-editor-allocator-block-size=1048576"
    "memorysetup-temp-allocator-size-main=16777216"
    "memorysetup-job-temp-allocator-block-size=2097152"
    "memorysetup-job-temp-allocator-block-size-background=1048576"
    "memorysetup-job-temp-allocator-reduction-small-platforms=262144"
Player connection [17880]  Target information:

Player connection [17880]  * "[IP] 192.168.1.254 [Port] 0 [Flags] 2 [Guid] 2573564046 [EditorId] 2573564046 [Version] 1048832 [Id] WindowsEditor(7,DESKTOP-ONOH9UU) [Debug] 1 [PackageName] WindowsEditor [ProjectName] Editor" 

Player connection [17880] Host joined multi-casting on [225.0.0.222:54997]...
Player connection [17880] Host joined alternative multi-casting on [225.0.0.222:34997]...
JobSystem: Creating JobQueue using job-worker-count value 5
Input System module state changed to: Initialized.
[Physics::Module] Initialized fallback backend.
[Physics::Module] Id: 0xdecafbad
Library Redirect Path: Library/
[Physics::Module] Selected backend.
[Physics::Module] Name: PhysX
[Physics::Module] Id: 0xf2b8ea05
[Physics::Module] SDK Version: 4.1.2
[Physics::Module] Integration Version: 1.0.0
[Physics::Module] Threading Mode: Multi-Threaded
Refreshing native plugins compatible for Editor in 4.49 ms, found 4 plugins.
Initialize engine version: 6000.5.0f1 (88b47c5e7076)
[Subsystems] Discovering subsystems at path C:/Program Files/Unity/Hub/Editor/6000.5.0f1/Editor/Data/Resources/UnitySubsystems
[Subsystems] Discovering subsystems at path C:/Users/tyler/Documents/GitHub/Game-Dev-III/My project/Assets
Forcing GfxDevice: Direct3D 12
GfxDevice: creating device client; kGfxThreadingModeNonThreaded
d3d12: failed to query info queue interface (0x80004002).
Direct3D:
    Version:         Direct3D 12 [level 12.1]
    Renderer:        NVIDIA GeForce GTX 1070 (ID=0x1b81)
    Vendor:          NVIDIA
    VRAM:            8067 MB
    App VRAM Budget: 7299 MB
    Driver:          32.0.15.8228
Initialize mono
Mono path[0] = 'C:/Program Files/Unity/Hub/Editor/6000.5.0f1/Editor/Data/Managed'
Mono path[1] = 'C:/Program Files/Unity/Hub/Editor/6000.5.0f1/Editor/Data/BCLExtensions/runtime/netstandard2.1'
Mono path[2] = 'C:/Program Files/Unity/Hub/Editor/6000.5.0f1/Editor/Data/MonoBleedingEdge/lib/mono/unityjit-win32'
Mono config path = 'C:/Program Files/Unity/Hub/Editor/6000.5.0f1/Editor/Data/MonoBleedingEdge/etc'
Using monoOptions --debugger-agent=transport=dt_socket,embedding=1,server=y,suspend=n,address=127.0.0.1:56672
CodeReloadManager initialized
Begin MonoManager ReloadAssembly
Registering precompiled unity dll's ...
Register platform support module: C:/Program Files/Unity/Hub/Editor/6000.5.0f1/Editor/Data/PlaybackEngines/WebGLSupport/UnityEditor.WebGL.Extensions.dll
Register platform support module: C:/Program Files/Unity/Hub/Editor/6000.5.0f1/Editor/Data/PlaybackEngines/WindowsStandaloneSupport/UnityEditor.WindowsStandalone.Extensions.dll
Registered in 0.004224 seconds.
Native extension for WindowsStandalone target not found
Native extension for WebGL target not found
[Licensing::Client] Error: HandshakeResponse reported an error:
	ResponseCode: 505
	ResponseStatus: Unsupported protocol version '1.18.1'.
[Licensing::Module] Error: Failed to handshake to channel: "LicenseClient-tyler"
[Licensing::IpcConnector] LicenseClient-tyler channel disconnected successfully.
[Licensing::IpcConnector] Successfully connected to: "LicenseClient-tyler-6000.5.0" at "2026-08-09T11:50:13.0888314Z"
[Licensing::Client] Code 10 while verifying Licensing Client signature (process Id: 16688, path: "C:/Program Files/Unity/Hub/Editor/6000.5.0f1/Editor/Data/Resources/Licensing/Client/Unity.Licensing.Client.exe")
[Licensing::Module] LicensingClient has failed validation; ignoring
[Licensing::Client] Handshaking with LicensingClient:
  Version:                 1.18.1+9fbee8e
  Session Id:              7aa09f8b815747739cb9d92c7b5956ff
  Correlation Id:          030669da4b8ad09b9f2868d565af41e3
  External correlation Id: 2859423147879266838
  Machine Id:              QeWQyKUgr9slaz3hdB0ZBGZ27bw=
[Licensing::Module] Successfully connected to LicensingClient on channel: "LicenseClient-tyler-6000.5.0" (connect: 0.00s, validation: 0.00s, handshake: 0.01s)
[Licensing::IpcConnector] Successfully connected to: "LicenseClient-tyler-6000.5.0-notifications" at "2026-08-09T11:50:13.1047022Z"
[Licensing::Module] Licensing Background thread has ended after 18.25s
Package Manager log level set to [2]
[Package Manager] Failed to launch server process. Reason: Unity was launched with the -noUpm command-line argument
[Package Manager] Unable to send message (not connected to server process).
[Package Manager] Cannot connect to Unity Package Manager local server
ScheduleIndexationOnStartup MainProcess:False IndexOnStartup:True
Mono: successfully reloaded assembly
- Finished resetting the current domain, in  0.614 seconds
Domain Reload Profiling: 17454ms
	BeginReloadAssembly (232ms)
	RebuildCommonClasses (11ms)
	RebuildNativeTypeToScriptingClass (44ms)
	initialDomainReloadingComplete (317ms)
	LoadAllAssembliesAndSetupDomain (16233ms)
		LoadAssemblies (230ms)
		AnalyzeDomain (7825ms)
			TypeCache.Refresh (7818ms)
				TypeCache.ScanAssembly (7670ms)
			BuildScriptInfoCaches (3ms)
	FinalizeReload (617ms)
		SetupLoadedEditorAssemblies (0ms)
			InitializePlatformSupportModulesInManaged (3ms)
			BeforeProcessingInitializeOnLoad (137ms)
			ProcessInitializeOnLoadAttributes (152ms)
			ProcessInitializeOnLoadMethodAttributes (156ms)
Initializing Unity extensions:
[Licensing::Client] Successfully resolved entitlement details
[Licensing::Module] License group:
  Id: 16768056786696-UnityPersXXXX
  Product: Unity Personal
  Type: Assigned
  Expiration: Unlimited
Curl error 3: URL rejected: Malformed input to a URL function
========================================================================
Worker process is ready to serve import requests
Import Worker Mode flag is 0x00
Begin MonoManager ReloadAssembly
Shader 'Hidden/Universal/HDRDebugView': fallback shader 'Hidden/Core/FallbackError' not found
Shader 'Universal Render Pipeline/Nature/SpeedTree7': fallback shader 'Hidden/Universal Render Pipeline/FallbackError' not found
Shader 'Universal Render Pipeline/Nature/SpeedTree7': dependency 'BillboardShader' shader 'Universal Render Pipeline/Nature/SpeedTree7 Billboard' not found
Shader 'Hidden/Universal Render Pipeline/StencilDeferred': fallback shader 'Hidden/Universal Render Pipeline/FallbackError' not found
Shader 'Hidden/Universal Render Pipeline/ClusterDeferred': fallback shader 'Hidden/Universal Render Pipeline/FallbackError' not found
Shader 'Hidden/Universal Render Pipeline/FallbackError': fallback shader 'Hidden/Core/FallbackError' not found
Shader 'Universal Render Pipeline/Lit': fallback shader 'Hidden/Universal Render Pipeline/FallbackError' not found
Shader 'Universal Render Pipeline/Simple Lit': fallback shader 'Hidden/Universal Render Pipeline/FallbackError' not found
Shader 'Universal Render Pipeline/Particles/Unlit': fallback shader 'Hidden/Universal Render Pipeline/FallbackError' not found
Shader 'Universal Render Pipeline/Terrain/Lit': fallback shader 'Hidden/Universal Render Pipeline/FallbackError' not found
Shader 'Universal Render Pipeline/Terrain/Lit': dependency 'AddPassShader' shader 'Hidden/Universal Render Pipeline/Terrain/Lit (Add Pass)' not found
Shader 'Universal Render Pipeline/Terrain/Lit': dependency 'BaseMapShader' shader 'Hidden/Universal Render Pipeline/Terrain/Lit (Base Pass)' not found
Shader 'Universal Render Pipeline/Terrain/Lit': dependency 'BaseMapGenShader' shader 'Hidden/Universal Render Pipeline/Terrain/Lit (Basemap Gen)' not found
Native extension for WindowsStandalone target not found
Native extension for WebGL target not found
[Package Manager] Failed to launch server process. Reason: Unity was launched with the -noUpm command-line argument
[Package Manager] Unable to send message (not connected to server process).
[Package Manager] Cannot connect to Unity Package Manager local server
[Package Manager] Failed to launch server process. Reason: Unity was launched with the -noUpm command-line argument
[Package Manager] Unable to send message (not connected to server process).
[Package Manager] Cannot connect to Unity Package Manager local server
ScheduleIndexationOnStartup MainProcess:False IndexOnStartup:True
Mono: successfully reloaded assembly
- Finished resetting the current domain, in  1.031 seconds
Domain Reload Profiling: 2222ms
	BeginReloadAssembly (254ms)
		DisableScriptedObjects (10ms)
		CreateAndSetChildDomain (38ms)
	RebuildCommonClasses (11ms)
	RebuildNativeTypeToScriptingClass (21ms)
	initialDomainReloadingComplete (76ms)
	LoadAllAssembliesAndSetupDomain (829ms)
		LoadAssemblies (431ms)
		AnalyzeDomain (366ms)
			TypeCache.Refresh (233ms)
				TypeCache.ScanAssembly (214ms)
			BuildScriptInfoCaches (119ms)
			ResolveRequiredComponents (10ms)
	FinalizeReload (1032ms)
		SetupLoadedEditorAssemblies (0ms)
			BeforeProcessingInitializeOnLoad (113ms)
			ProcessInitializeOnLoadAttributes (424ms)
			ProcessInitializeOnLoadMethodAttributes (152ms)
			AfterProcessingInitializeOnLoad (7ms)
		AwakeInstancesAfterBackupRestoration (3ms)
AcceleratorClientConnectionCallback - disconnected - :0
WARNING: Shader Unsupported: 'Hidden/Universal Render Pipeline/Terrain/Lit (Base Pass)' - All subshaders removed
WARNING: Shader Did you use #pragma only_renderers and omit this platform?
WARNING: Shader If subshaders removal was intentional, you may have forgotten turning Fallback off?
Launched and connected shader compiler UnityShaderCompiler.exe after 0.02 seconds
Unloading 84 Unused Serialized files (Serialized files now loaded: 0)
Curl error 3: URL rejected: Malformed input to a URL function
Unloading 6497 unused Assets / (14.6 MB). Loaded Objects now: 7220.
Memory consumption went from 329.4 MB to 314.8 MB.
Total: 20.962200 ms (FindLiveObjects: 0.917400 ms CreateObjectMapping: 4.796900 ms MarkObjects: 6.966800 ms  DeleteObjects: 8.278400 ms)

========================================================================
Received Prepare
AcceleratorClientConnectionCallback - disconnected - :0
Unloading 78 Unused Serialized files (Serialized files now loaded: 0)
Unloading 78 unused Assets / (6.4 MB). Loaded Objects now: 7220.
Memory consumption went from 319.8 MB to 313.3 MB.
Total: 14.272200 ms (FindLiveObjects: 0.437400 ms CreateObjectMapping: 0.970300 ms MarkObjects: 10.056100 ms  DeleteObjects: 2.806800 ms)

Prepare: number of updated asset objects reloaded= 0
========================================================================
Received Import Request.
  Time of request: 2026-08-09T11:50:21.2352116Z
  Time since last request: 31839.14689100000032 seconds.
  importAddress: GUID: a7c3a74a36fe6d143aa9fb286f231733 - Path: Assets/Assets/Prototype 3/Scene/New SceneTemplate.scenetemplate - Importer: PreviewImporter
Importing 'GUID: a7c3a74a36fe6d143aa9fb286f231733 - Path: Assets/Assets/Prototype 3/Scene/New SceneTemplate.scenetemplate - Importer: PreviewImporter' with importer (PreviewImporter)
Imported 'GUID: a7c3a74a36fe6d143aa9fb286f231733' -> (Import Result ID: '00753a4b308268d7fdc84007ba0f9463') in 0.050 seconds [static and dynamic dependencies]. Details - ImportResultOutputID=5563f5a5ba7d5920a079f4bdbce6d5ea DependenciesID=fb834dea22c823cae565e041eb300dfd StaticDependenciesID=9629a610a2990248e28aa043c769f981 
Number of updated asset objects reloaded before import = 0
Number of asset objects unloaded after import = 1
========================================================================
Received Prepare
AcceleratorClientConnectionCallback - disconnected - :0
Refreshing native plugins compatible for Editor in 3.58 ms, found 4 plugins.
Unloading 78 Unused Serialized files (Serialized files now loaded: 0)
Unloading 78 unused Assets / (6.4 MB). Loaded Objects now: 7223.
Memory consumption went from 320.7 MB to 314.3 MB.
Total: 28.622000 ms (FindLiveObjects: 0.738500 ms CreateObjectMapping: 1.302600 ms MarkObjects: 21.163000 ms  DeleteObjects: 5.416200 ms)

Prepare: number of updated asset objects reloaded= 0
========================================================================
Received Import Request.
  Time of request: 2026-08-09T12:13:12.7624584Z
  Time since last request: 1371.4648803 seconds.
  importAddress: GUID: 2cd06ce754d66c447920fdaf60e52d33 - Path: Assets/Course Library/Materials/PolygonPrototype_Texture_Grid_08.mat - Importer: ScriptedImporter/UnityEditor.QuickSearchModule:UnityEditor.Search:ASIAI0B
Importing 'GUID: 2cd06ce754d66c447920fdaf60e52d33 - Path: Assets/Course Library/Materials/PolygonPrototype_Texture_Grid_08.mat - Importer: ScriptedImporter/UnityEditor.QuickSearchModule:UnityEditor.Search:ASIAI0B' with importer (ScriptedImporter : UnityEditor.QuickSearchModule:UnityEditor.Search:ASIAI0B)
Imported 'GUID: 2cd06ce754d66c447920fdaf60e52d33' -> (Import Result ID: '0591f1d44c5007268aabfc8fba0bfb7e') in 0.125 seconds [static and dynamic dependencies]. Details - ImportResultOutputID=dae067b454b5fad9c30062372bfdabb6 DependenciesID=346884366d5608ed7d6adbac45b00662 StaticDependenciesID=7775467fe72893c2ba05399cb316fe77 
Number of updated asset objects reloaded before import = 0
Number of asset objects unloaded after import = 3
========================================================================
Received Import Request.
  Time of request: 2026-08-09T12:13:12.9188311Z
  Time since last request: 0.0174772 seconds.
  importAddress: GUID: bc6f15befefa03546a583706345f1d59 - Path: Assets/Course Library/Source_Files/Textures/SumoBalls.png - Importer: ScriptedImporter/UnityEditor.QuickSearchModule:UnityEditor.Search:ASIAI0B
Importing 'GUID: bc6f15befefa03546a583706345f1d59 - Path: Assets/Course Library/Source_Files/Textures/SumoBalls.png - Importer: ScriptedImporter/UnityEditor.QuickSearchModule:UnityEditor.Search:ASIAI0B' with importer (ScriptedImporter : UnityEditor.QuickSearchModule:UnityEditor.Search:ASIAI0B)
Imported 'GUID: bc6f15befefa03546a583706345f1d59' -> (Import Result ID: 'a23d542add1dd6fa90da06edec24c210') in 0.071 seconds [static and dynamic dependencies]. Details - ImportResultOutputID=51eb2e8d9e08664c0163b7d6f5c306b4 DependenciesID=6e53cb684cfb0f83f06f12fe5f2a5da4 StaticDependenciesID=94510b1c031762daffe96f2861713682 
Number of updated asset objects reloaded before import = 0
Number of asset objects unloaded after import = 1
========================================================================
Received Import Request.
  Time of request: 2026-08-09T12:13:13.007039Z
  Time since last request: 0.0004781 seconds.
  importAddress: GUID: 124c112a6e8f1a54e8b0870e881b56d8 - Path: Assets/TextMesh Pro/Shaders/TMP_SDF-URP Unlit.shadergraph - Importer: ScriptedImporter/UnityEditor.QuickSearchModule:UnityEditor.Search:ASIAI0B
Importing 'GUID: 124c112a6e8f1a54e8b0870e881b56d8 - Path: Assets/TextMesh Pro/Shaders/TMP_SDF-URP Unlit.shadergraph - Importer: ScriptedImporter/UnityEditor.QuickSearchModule:UnityEditor.Search:ASIAI0B' with importer (ScriptedImporter : UnityEditor.QuickSearchModule:UnityEditor.Search:ASIAI0B)
Imported 'GUID: 124c112a6e8f1a54e8b0870e881b56d8' -> (Import Result ID: 'b1a69fdea2dd673a46d50c96de494441') in 0.082 seconds [static and dynamic dependencies]. Details - ImportResultOutputID=d798c2c9a5c8aee773db3776a1dabe41 DependenciesID=a9bba3603fa163308370a61062d9bef2 StaticDependenciesID=7c41728fb3e017ca15ffa833c3ca7995 
Number of updated asset objects reloaded before import = 0
Number of asset objects unloaded after import = 6
========================================================================
Received Import Request.
  Time of request: 2026-08-09T12:13:13.1019565Z
  Time since last request: 0.0000256 seconds.
  importAddress: GUID: 85187c2149c549c5b33f0cdb02836b17 - Path: Assets/TextMesh Pro/Shaders/TMP_SDF-Surface-Mobile.shader - Importer: ScriptedImporter/UnityEditor.QuickSearchModule:UnityEditor.Search:ASIAI0B
Importing 'GUID: 85187c2149c549c5b33f0cdb02836b17 - Path: Assets/TextMesh Pro/Shaders/TMP_SDF-Surface-Mobile.shader - Importer: ScriptedImporter/UnityEditor.QuickSearchModule:UnityEditor.Search:ASIAI0B' with importer (ScriptedImporter : UnityEditor.QuickSearchModule:UnityEditor.Search:ASIAI0B)
Imported 'GUID: 85187c2149c549c5b33f0cdb02836b17' -> (Import Result ID: '06f117e54efc7b850fa2abbc8cb46c30') in 0.016 seconds [static and dynamic dependencies]. Details - ImportResultOutputID=be174668fe6543573628d491e6c8decb DependenciesID=9762d42a3f441650ab894a0d9b7f6b90 StaticDependenciesID=6df0009e896bd231a8832a84f5d886bf 
Number of updated asset objects reloaded before import = 0
Number of asset objects unloaded after import = 1
========================================================================
Received Import Request.
  Time of request: 2026-08-09T12:13:13.1351637Z
  Time since last request: 0.0005136 seconds.
  importAddress: GUID: 4dde0702baa17054abf2001fbfcb7fe0 - Path: Assets/Assets/Prototype 2/Scripts/Sun.cs - Importer: ScriptedImporter/UnityEditor.QuickSearchModule:UnityEditor.Search:ASIAI0B
Importing 'GUID: 4dde0702baa17054abf2001fbfcb7fe0 - Path: Assets/Assets/Prototype 2/Scripts/Sun.cs - Importer: ScriptedImporter/UnityEditor.QuickSearchModule:UnityEditor.Search:ASIAI0B' with importer (ScriptedImporter : UnityEditor.QuickSearchModule:UnityEditor.Search:ASIAI0B)
Imported 'GUID: 4dde0702baa17054abf2001fbfcb7fe0' -> (Import Result ID: 'c930c9d1a398012a5bb360e7896137a6') in 0.011 seconds [static and dynamic dependencies]. Details - ImportResultOutputID=c7f86decb5c54e67b043a647298761a9 DependenciesID=d54d72d868b83d457cd4dcf291fc5337 StaticDependenciesID=f9563329e605b460b8234fe22bed8b7b 
Number of updated asset objects reloaded before import = 0
Number of asset objects unloaded after import = 0
========================================================================
Received Import Request.
  Time of request: 2026-08-09T12:13:13.1558914Z
  Time since last request: 0.0004307 seconds.
  importAddress: GUID: 0779dbb263c79eb42a856eeb83797719 - Path: Assets/Course Library/_Source_Files/FBX/SM_Item_Ball_Soccer_01.fbx - Importer: ScriptedImporter/UnityEditor.QuickSearchModule:UnityEditor.Search:ASIAI0B
Importing 'GUID: 0779dbb263c79eb42a856eeb83797719 - Path: Assets/Course Library/_Source_Files/FBX/SM_Item_Ball_Soccer_01.fbx - Importer: ScriptedImporter/UnityEditor.QuickSearchModule:UnityEditor.Search:ASIAI0B' with importer (ScriptedImporter : UnityEditor.QuickSearchModule:UnityEditor.Search:ASIAI0B)
Imported 'GUID: 0779dbb263c79eb42a856eeb83797719' -> (Import Result ID: '363e373bc2d441c56829d3f442a83fcf') in 0.075 seconds [static and dynamic dependencies]. Details - ImportResultOutputID=765456ff58081caa0b33415f4f2890a6 DependenciesID=4c026dcdc29e4b89221664b70c9c5d58 StaticDependenciesID=857f24cbc8c2cf26d8a4e218e3315fc4 
Number of updated asset objects reloaded before import = 0
Number of asset objects unloaded after import = 7
========================================================================
Received Import Request.
  Time of request: 2026-08-09T12:13:13.240479Z
  Time since last request: 0.0005274 seconds.
  importAddress: GUID: e3265ab4bf004d28a9537516768c1c75 - Path: Assets/TextMesh Pro/Fonts/LiberationSans.ttf - Importer: ScriptedImporter/UnityEditor.QuickSearchModule:UnityEditor.Search:ASIAI0B
Importing 'GUID: e3265ab4bf004d28a9537516768c1c75 - Path: Assets/TextMesh Pro/Fonts/LiberationSans.ttf - Importer: ScriptedImporter/UnityEditor.QuickSearchModule:UnityEditor.Search:ASIAI0B' with importer (ScriptedImporter : UnityEditor.QuickSearchModule:UnityEditor.Search:ASIAI0B)
Imported 'GUID: e3265ab4bf004d28a9537516768c1c75' -> (Import Result ID: 'c19b1eac1f1ffbe3214fc4073b817743') in 0.020 seconds [static and dynamic dependencies]. Details - ImportResultOutputID=90444723f1014cfddb76ca95e6494cdd DependenciesID=1627cb434a6388ba4ed74c0a03576b03 StaticDependenciesID=86b16a62049967da1596cc166b0a84a0 
Number of updated asset objects reloaded before import = 0
Number of asset objects unloaded after import = 3
========================================================================
Received Import Request.
  Time of request: 2026-08-09T12:13:13.273085Z
  Time since last request: 0.0002591 seconds.
  importAddress: GUID: a3d800b099a06e0478fb790c5e79057a - Path: Assets/TextMesh Pro/Shaders/TMP_SDF-URP Lit.shadergraph - Importer: ScriptedImporter/UnityEditor.QuickSearchModule:UnityEditor.Search:ASIAI0B
Importing 'GUID: a3d800b099a06e0478fb790c5e79057a - Path: Assets/TextMesh Pro/Shaders/TMP_SDF-URP Lit.shadergraph - Importer: ScriptedImporter/UnityEditor.QuickSearchModule:UnityEditor.Search:ASIAI0B' with importer (ScriptedImporter : UnityEditor.QuickSearchModule:UnityEditor.Search:ASIAI0B)
Imported 'GUID: a3d800b099a06e0478fb790c5e79057a' -> (Import Result ID: 'e5c85aa8603231f8dbc55550a55c99bd') in 0.039 seconds [static and dynamic dependencies]. Details - ImportResultOutputID=30db7f7ff72155ebbcffee70ede99ff9 DependenciesID=a822f1c877f6c324432eb2b1807117d7 StaticDependenciesID=de20137c72143058da853b2d0fcdfda0 
Number of updated asset objects reloaded before import = 0
Number of asset objects unloaded after import = 6
========================================================================
Received Import Request.
  Time of request: 2026-08-09T12:13:13.3247597Z
  Time since last request: 0.0000233 seconds.
  importAddress: GUID: 4c97b24d72ebade4d98acaf3b75c90ee - Path: Assets/Course Library/Materials/PolygonPrototype_Texture_Grid_07.mat - Importer: ScriptedImporter/UnityEditor.QuickSearchModule:UnityEditor.Search:ASIAI0B
Importing 'GUID: 4c97b24d72ebade4d98acaf3b75c90ee - Path: Assets/Course Library/Materials/PolygonPrototype_Texture_Grid_07.mat - Importer: ScriptedImporter/UnityEditor.QuickSearchModule:UnityEditor.Search:ASIAI0B' with importer (ScriptedImporter : UnityEditor.QuickSearchModule:UnityEditor.Search:ASIAI0B)
Imported 'GUID: 4c97b24d72ebade4d98acaf3b75c90ee' -> (Import Result ID: '6d79cc28c42bca9a0b2b2b19aa8969ed') in 0.014 seconds [static and dynamic dependencies]. Details - ImportResultOutputID=50fe650b14059fb532f58671c794336a DependenciesID=3505c874d62eb29f3fa37853b89beac6 StaticDependenciesID=5d4ea01d6a44474f60e7f3f9a2f907e0 
Number of updated asset objects reloaded before import = 0
Number of asset objects unloaded after import = 3
========================================================================
Received Import Request.
  Time of request: 2026-08-09T12:13:13.3528844Z
  Time since last request: 0.0005882 seconds.
  importAddress: GUID: 10fc4df2da32a41aaa32d77bc913491c - Path: Assets/Settings/SampleSceneProfile.asset - Importer: ScriptedImporter/UnityEditor.QuickSearchModule:UnityEditor.Search:ASIAI0B
Importing 'GUID: 10fc4df2da32a41aaa32d77bc913491c - Path: Assets/Settings/SampleSceneProfile.asset - Importer: ScriptedImporter/UnityEditor.QuickSearchModule:UnityEditor.Search:ASIAI0B' with importer (ScriptedImporter : UnityEditor.QuickSearchModule:UnityEditor.Search:ASIAI0B)
Imported 'GUID: 10fc4df2da32a41aaa32d77bc913491c' -> (Import Result ID: '9e42bdd70c355c521c28c372712ab654') in 0.009 seconds [static and dynamic dependencies]. Details - ImportResultOutputID=4a225d493ff84ebed5fb1d746527bef8 DependenciesID=442ea61606212e184152106c78094af2 StaticDependenciesID=68e5324a9ddf5137761ad27ebee2a398 
Number of updated asset objects reloaded before import = 0
Number of asset objects unloaded after import = 1
========================================================================
Received Import Request.
  Time of request: 2026-08-09T12:13:13.3744131Z
  Time since last request: 0.0005364 seconds.
  importAddress: GUID: 96de908384869cd409c75efa351d5edf - Path: Assets/TextMesh Pro/Shaders/SDFFunctions.hlsl - Importer: ScriptedImporter/UnityEditor.QuickSearchModule:UnityEditor.Search:ASIAI0B
Importing 'GUID: 96de908384869cd409c75efa351d5edf - Path: Assets/TextMesh Pro/Shaders/SDFFunctions.hlsl - Importer: ScriptedImporter/UnityEditor.QuickSearchModule:UnityEditor.Search:ASIAI0B' with importer (ScriptedImporter : UnityEditor.QuickSearchModule:UnityEditor.Search:ASIAI0B)
Imported 'GUID: 96de908384869cd409c75efa351d5edf' -> (Import Result ID: '774b6260f1e6f341307f026fe8ea455a') in 0.007 seconds [static and dynamic dependencies]. Details - ImportResultOutputID=960c3b905348544f6333d39948357528 DependenciesID=dd976672be22b8e2960bd3e43006cacd StaticDependenciesID=41e686b587f534ae520c83e9d0b370bd 
Number of updated asset objects reloaded before import = 0
Number of asset objects unloaded after import = 1
========================================================================
Received Import Request.
  Time of request: 2026-08-09T12:13:13.3950176Z
  Time since last request: 0.0005165 seconds.
  importAddress: GUID: 052faaac586de48259a63d0c4782560b - Path: Assets/InputSystem_Actions.inputactions - Importer: ScriptedImporter/UnityEditor.QuickSearchModule:UnityEditor.Search:ASIAI0B
Importing 'GUID: 052faaac586de48259a63d0c4782560b - Path: Assets/InputSystem_Actions.inputactions - Importer: ScriptedImporter/UnityEditor.QuickSearchModule:UnityEditor.Search:ASIAI0B' with importer (ScriptedImporter : UnityEditor.QuickSearchModule:UnityEditor.Search:ASIAI0B)
Imported 'GUID: 052faaac586de48259a63d0c4782560b' -> (Import Result ID: '57f86893303f36e76de1796920173902') in 0.329 seconds [static and dynamic dependencies]. Details - ImportResultOutputID=091bcef13192adead61d249a1586e0e7 DependenciesID=02766a8332bec640c8ae42788883585b StaticDependenciesID=d9aef1cba26b16761f272994a3f6ce44 
Number of updated asset objects reloaded before import = 0
Number of asset objects unloaded after import = 22
========================================================================
Received Import Request.
  Time of request: 2026-08-09T12:13:13.7359568Z
  Time since last request: 0.0002355 seconds.
  importAddress: GUID: c334973cef89a9840b0b0c507e0377ab - Path: Assets/TextMesh Pro/Shaders/TMPro_Mobile.cginc - Importer: ScriptedImporter/UnityEditor.QuickSearchModule:UnityEditor.Search:ASIAI0B
Importing 'GUID: c334973cef89a9840b0b0c507e0377ab - Path: Assets/TextMesh Pro/Shaders/TMPro_Mobile.cginc - Importer: ScriptedImporter/UnityEditor.QuickSearchModule:UnityEditor.Search:ASIAI0B' with importer (ScriptedImporter : UnityEditor.QuickSearchModule:UnityEditor.Search:ASIAI0B)
Imported 'GUID: c334973cef89a9840b0b0c507e0377ab' -> (Import Result ID: 'f3afb576427e58035341b2d65bff8989') in 0.010 seconds [static and dynamic dependencies]. Details - ImportResultOutputID=758fd5e70b0cd89807aee50378658ec7 DependenciesID=e6b7558aaa70f6496d0de3384991e537 StaticDependenciesID=8ca8fe046091e65b4df4876046449a18 
Number of updated asset objects reloaded before import = 0
Number of asset objects unloaded after import = 1
========================================================================
Received Import Request.
  Time of request: 2026-08-09T12:13:13.7586058Z
  Time since last request: 0.0004519 seconds.
  importAddress: GUID: 082bb58de12a0d24197a2a668920518b - Path: Assets/Assets/Prototype 2/Prefabs/Sunlight.prefab - Importer: ScriptedImporter/UnityEditor.QuickSearchModule:UnityEditor.Search:ASIAI0B
Importing 'GUID: 082bb58de12a0d24197a2a668920518b - Path: Assets/Assets/Prototype 2/Prefabs/Sunlight.prefab - Importer: ScriptedImporter/UnityEditor.QuickSearchModule:UnityEditor.Search:ASIAI0B' with importer (ScriptedImporter : UnityEditor.QuickSearchModule:UnityEditor.Search:ASIAI0B)
Imported 'GUID: 082bb58de12a0d24197a2a668920518b' -> (Import Result ID: 'f883d43e04819ce8be316e4e66db2633') in 0.044 seconds [static and dynamic dependencies]. Details - ImportResultOutputID=4582abe66172861f9b669d6e489a6be9 DependenciesID=5dfb5a68e89e731bdf8aef8e62f77d56 StaticDependenciesID=27d25ae4e5fc98ec1171c1c3ac758de2 
Number of updated asset objects reloaded before import = 0
Number of asset objects unloaded after import = 7
========================================================================
Received Import Request.
  Time of request: 2026-08-09T12:13:13.8120422Z
  Time since last request: 0.0003248 seconds.
  importAddress: GUID: e6e6f7a3c9f4839409af1eae15839382 - Path: Assets/Course Library/Materials/PolygonPrototype_Texture_Grid_Glass_01.mat - Importer: ScriptedImporter/UnityEditor.QuickSearchModule:UnityEditor.Search:ASIAI0B
Importing 'GUID: e6e6f7a3c9f4839409af1eae15839382 - Path: Assets/Course Library/Materials/PolygonPrototype_Texture_Grid_Glass_01.mat - Importer: ScriptedImporter/UnityEditor.QuickSearchModule:UnityEditor.Search:ASIAI0B' with importer (ScriptedImporter : UnityEditor.QuickSearchModule:UnityEditor.Search:ASIAI0B)
Imported 'GUID: e6e6f7a3c9f4839409af1eae15839382' -> (Import Result ID: '6c1771949fdb999a1b3b35ac6ed61c4f') in 0.019 seconds [static and dynamic dependencies]. Details - ImportResultOutputID=035963790b772bab0ccebf7c8ac02ed6 DependenciesID=f9ab2d3bbe68472c1a3ff8f94d0a8169 StaticDependenciesID=ddcb2700998fdccf6ac2cd85ad812ecd 
Number of updated asset objects reloaded before import = 0
Number of asset objects unloaded after import = 3
========================================================================
Received Import Request.
  Time of request: 2026-08-09T12:13:13.8436Z
  Time since last request: 0.0001919 seconds.
  importAddress: GUID: f288ae1f4751b564a96ac7587541f7a2 - Path: Assets/Settings/PC_Renderer.asset - Importer: ScriptedImporter/UnityEditor.QuickSearchModule:UnityEditor.Search:ASIAI0B
Importing 'GUID: f288ae1f4751b564a96ac7587541f7a2 - Path: Assets/Settings/PC_Renderer.asset - Importer: ScriptedImporter/UnityEditor.QuickSearchModule:UnityEditor.Search:ASIAI0B' with importer (ScriptedImporter : UnityEditor.QuickSearchModule:UnityEditor.Search:ASIAI0B)
Imported 'GUID: f288ae1f4751b564a96ac7587541f7a2' -> (Import Result ID: '3b42be9ddff4d09a210a3652046d47d8') in 0.041 seconds [static and dynamic dependencies]. Details - ImportResultOutputID=790c4012172f858ed5368014d85e8b2b DependenciesID=ef645fa047e932cfa0ef710295e0f183 StaticDependenciesID=5fa109c534d431893aa2bc2515f028a5 
Number of updated asset objects reloaded before import = 0
Number of asset objects unloaded after import = 1
========================================================================
Received Import Request.
  Time of request: 2026-08-09T12:13:13.8950384Z
  Time since last request: 0.0003599 seconds.
  importAddress: GUID: 4b83569d67af61e458304325a23e5dfd - Path: Assets/Settings/PC_RPAsset.asset - Importer: ScriptedImporter/UnityEditor.QuickSearchModule:UnityEditor.Search:ASIAI0B
Importing 'GUID: 4b83569d67af61e458304325a23e5dfd - Path: Assets/Settings/PC_RPAsset.asset - Importer: ScriptedImporter/UnityEditor.QuickSearchModule:UnityEditor.Search:ASIAI0B' with importer (ScriptedImporter : UnityEditor.QuickSearchModule:UnityEditor.Search:ASIAI0B)
Imported 'GUID: 4b83569d67af61e458304325a23e5dfd' -> (Import Result ID: '7d395c569469b18690fb90dcad6f7459') in 0.079 seconds [static and dynamic dependencies]. Details - ImportResultOutputID=c80deb6c49edb59eccba731f754eaca6 DependenciesID=3bb041c7888c8698a8912859af352901 StaticDependenciesID=4a13c5171f819d9cf265903cdfa13379 
Number of updated asset objects reloaded before import = 0
Number of asset objects unloaded after import = 1
========================================================================
Received Import Request.
  Time of request: 2026-08-09T12:13:13.9856158Z
  Time since last request: 0.000647 seconds.
  importAddress: GUID: 2e498d1c8094910479dc3e1b768306a4 - Path: Assets/TextMesh Pro/Resources/Fonts & Materials/LiberationSans SDF - Fallback.asset - Importer: ScriptedImporter/UnityEditor.QuickSearchModule:UnityEditor.Search:ASIAI0B
Importing 'GUID: 2e498d1c8094910479dc3e1b768306a4 - Path: Assets/TextMesh Pro/Resources/Fonts & Materials/LiberationSans SDF - Fallback.asset - Importer: ScriptedImporter/UnityEditor.QuickSearchModule:UnityEditor.Search:ASIAI0B' with importer (ScriptedImporter : UnityEditor.QuickSearchModule:UnityEditor.Search:ASIAI0B)
Imported 'GUID: 2e498d1c8094910479dc3e1b768306a4' -> (Import Result ID: 'e6d36800936d9094ff87362756a4b837') in 0.048 seconds [static and dynamic dependencies]. Details - ImportResultOutputID=59a717e421d32b53a06336cc161bc606 DependenciesID=2189c524f488d37ff809ed8808b6a4ad StaticDependenciesID=d091a485a7d28c0fc4cbbcb92d14b356 
Number of updated asset objects reloaded before import = 0
Number of asset objects unloaded after import = 6
========================================================================
Received Import Request.
  Time of request: 2026-08-09T12:13:14.0484482Z
  Time since last request: 0.0000264 seconds.
  importAddress: GUID: db0cf9da036e36f489fd85fee2203dfa - Path: Assets/Assets/Prototype 3/Scene/TimeGame.unity - Importer: ScriptedImporter/UnityEditor.QuickSearchModule:UnityEditor.Search:ASIAI0B
Importing 'GUID: db0cf9da036e36f489fd85fee2203dfa - Path: Assets/Assets/Prototype 3/Scene/TimeGame.unity - Importer: ScriptedImporter/UnityEditor.QuickSearchModule:UnityEditor.Search:ASIAI0B' with importer (ScriptedImporter : UnityEditor.QuickSearchModule:UnityEditor.Search:ASIAI0B)
Imported 'GUID: db0cf9da036e36f489fd85fee2203dfa' -> (Import Result ID: 'cdd001d93bfa3fed66c716211900ea81') in 0.011 seconds [static and dynamic dependencies]. Details - ImportResultOutputID=73a90b336bdb9e19d7c98476bf3068db DependenciesID=5781487633e80990879f2a983a5c7d82 StaticDependenciesID=e5411c38bc934569c44b66e1c706f864 
Number of updated asset objects reloaded before import = 0
Number of asset objects unloaded after import = 1
========================================================================
Received Import Request.
  Time of request: 2026-08-09T12:13:14.0742654Z
  Time since last request: 0.000822 seconds.
  importAddress: GUID: be825ff7d64d9724e8cd3da5602b1318 - Path: Assets/Scenes/Prototype 4.unity - Importer: ScriptedImporter/UnityEditor.QuickSearchModule:UnityEditor.Search:ASIAI0B
Importing 'GUID: be825ff7d64d9724e8cd3da5602b1318 - Path: Assets/Scenes/Prototype 4.unity - Importer: ScriptedImporter/UnityEditor.QuickSearchModule:UnityEditor.Search:ASIAI0B' with importer (ScriptedImporter : UnityEditor.QuickSearchModule:UnityEditor.Search:ASIAI0B)
Imported 'GUID: be825ff7d64d9724e8cd3da5602b1318' -> (Import Result ID: '3162d1b2489c0162fefe61552972f3ce') in 0.012 seconds [static and dynamic dependencies]. Details - ImportResultOutputID=e4dad92ed5e7e8b06c0420ba554338d3 DependenciesID=f100b21602603c4a538d3032d656fb67 StaticDependenciesID=ee830da0360c578fcca2b77cefb15224 
Number of updated asset objects reloaded before import = 0
Number of asset objects unloaded after import = 1
========================================================================
Received Import Request.
  Time of request: 2026-08-09T12:13:14.1053126Z
  Time since last request: 0.0015524 seconds.
  importAddress: GUID: d930090c0cd643c7b55f19a38538c162 - Path: Assets/TextMesh Pro/Shaders/TMPro_Surface.cginc - Importer: ScriptedImporter/UnityEditor.QuickSearchModule:UnityEditor.Search:ASIAI0B
Importing 'GUID: d930090c0cd643c7b55f19a38538c162 - Path: Assets/TextMesh Pro/Shaders/TMPro_Surface.cginc - Importer: ScriptedImporter/UnityEditor.QuickSearchModule:UnityEditor.Search:ASIAI0B' with importer (ScriptedImporter : UnityEditor.QuickSearchModule:UnityEditor.Search:ASIAI0B)
Imported 'GUID: d930090c0cd643c7b55f19a38538c162' -> (Import Result ID: '1e889b75f2235aae4ba5a5705ec8db73') in 0.008 seconds [static and dynamic dependencies]. Details - ImportResultOutputID=c9fea7d884f7fbdebec4aebebf220ddc DependenciesID=0d0e7b1c8f792cd64e4aa3cfc4ca6086 StaticDependenciesID=dae9f076e2a6b6bc622dd87fe2a54ee1 
Number of updated asset objects reloaded before import = 0
Number of asset objects unloaded after import = 1
========================================================================
Received Import Request.
  Time of request: 2026-08-09T12:13:14.1294374Z
  Time since last request: 0.0005188 seconds.
  importAddress: GUID: fe393ace9b354375a9cb14cdbbc28be4 - Path: Assets/TextMesh Pro/Shaders/TMP_SDF-Mobile.shader - Importer: ScriptedImporter/UnityEditor.QuickSearchModule:UnityEditor.Search:ASIAI0B
Importing 'GUID: fe393ace9b354375a9cb14cdbbc28be4 - Path: Assets/TextMesh Pro/Shaders/TMP_SDF-Mobile.shader - Importer: ScriptedImporter/UnityEditor.QuickSearchModule:UnityEditor.Search:ASIAI0B' with importer (ScriptedImporter : UnityEditor.QuickSearchModule:UnityEditor.Search:ASIAI0B)
Imported 'GUID: fe393ace9b354375a9cb14cdbbc28be4' -> (Import Result ID: '0e5d9210a040351b82b769a731428050') in 0.014 seconds [static and dynamic dependencies]. Details - ImportResultOutputID=cee9ea37f7687563786fa2f08722e4a7 DependenciesID=1b327c56c8ff672498fccefbce68dd0c StaticDependenciesID=1d5424932efb2a18e2aa9eda8ae5e448 
Number of updated asset objects reloaded before import = 0
Number of asset objects unloaded after import = 1
========================================================================
Received Import Request.
  Time of request: 2026-08-09T12:13:14.1612282Z
  Time since last request: 0.0008797 seconds.
  importAddress: GUID: b90809d564cf84a4f9162b1a474ea6d5 - Path: Assets/Assets/Prototype 2/Scene/Tree game.unity - Importer: ScriptedImporter/UnityEditor.QuickSearchModule:UnityEditor.Search:ASIAI0B
Importing 'GUID: b90809d564cf84a4f9162b1a474ea6d5 - Path: Assets/Assets/Prototype 2/Scene/Tree game.unity - Importer: ScriptedImporter/UnityEditor.QuickSearchModule:UnityEditor.Search:ASIAI0B' with importer (ScriptedImporter : UnityEditor.QuickSearchModule:UnityEditor.Search:ASIAI0B)
Imported 'GUID: b90809d564cf84a4f9162b1a474ea6d5' -> (Import Result ID: '4d9c641b9de776c9f0b52d00d89bc4d7') in 0.011 seconds [static and dynamic dependencies]. Details - ImportResultOutputID=44d747da03c3d1156af9edf6ab1145e9 DependenciesID=915e9cc99005d3917b02c336ea35e1de StaticDependenciesID=ecdcd9ed5772de41c00a847eb9cd83e8 
Number of updated asset objects reloaded before import = 0
Number of asset objects unloaded after import = 1
========================================================================
Received Import Request.
  Time of request: 2026-08-09T12:13:14.1877582Z
  Time since last request: 0.0005358 seconds.
  importAddress: GUID: bafab91dee6434fbcb28a5a16e78982f - Path: Assets/Assets/Prototype 1/Challenge 4/Challenge 4.unity - Importer: ScriptedImporter/UnityEditor.QuickSearchModule:UnityEditor.Search:ASIAI0B
Importing 'GUID: bafab91dee6434fbcb28a5a16e78982f - Path: Assets/Assets/Prototype 1/Challenge 4/Challenge 4.unity - Importer: ScriptedImporter/UnityEditor.QuickSearchModule:UnityEditor.Search:ASIAI0B' with importer (ScriptedImporter : UnityEditor.QuickSearchModule:UnityEditor.Search:ASIAI0B)
Imported 'GUID: bafab91dee6434fbcb28a5a16e78982f' -> (Import Result ID: '9be17b0b229fe12ce4a4f808540b671f') in 0.012 seconds [static and dynamic dependencies]. Details - ImportResultOutputID=ffaefae3452f52935091843f6e87616d DependenciesID=aa4414b7837f0b08a06824916b1b5e58 StaticDependenciesID=fcc5394daf1b8c54238c03ed02ff3c28 
Number of updated asset objects reloaded before import = 0
Number of asset objects unloaded after import = 1
========================================================================
Received Import Request.
  Time of request: 2026-08-09T12:13:14.2140039Z
  Time since last request: 0.0006934 seconds.
  importAddress: GUID: 14eb328de4b8eb245bb7cea29e4ac00b - Path: Assets/TextMesh Pro/Shaders/TMP_SDF SSD.shader - Importer: ScriptedImporter/UnityEditor.QuickSearchModule:UnityEditor.Search:ASIAI0B
Importing 'GUID: 14eb328de4b8eb245bb7cea29e4ac00b - Path: Assets/TextMesh Pro/Shaders/TMP_SDF SSD.shader - Importer: ScriptedImporter/UnityEditor.QuickSearchModule:UnityEditor.Search:ASIAI0B' with importer (ScriptedImporter : UnityEditor.QuickSearchModule:UnityEditor.Search:ASIAI0B)
Imported 'GUID: 14eb328de4b8eb245bb7cea29e4ac00b' -> (Import Result ID: 'a673e981652a2de2a1e77b298456697f') in 0.016 seconds [static and dynamic dependencies]. Details - ImportResultOutputID=fe5b0633e0cefd13e71df59b4c1adffd DependenciesID=914a6a955afa27fdfd7a04f189ebb73e StaticDependenciesID=14cc34b896595dd508bdabbf5c4444d7 
Number of updated asset objects reloaded before import = 0
Number of asset objects unloaded after import = 2
========================================================================
Received Import Request.
  Time of request: 2026-08-09T12:13:14.2437076Z
  Time since last request: 0.0003207 seconds.
  importAddress: GUID: a309f372450ffa1499b8b16ea9c33a3d - Path: Assets/Assets/Prototype 2/Scripts/WaterPickup.cs - Importer: ScriptedImporter/UnityEditor.QuickSearchModule:UnityEditor.Search:ASIAI0B
Importing 'GUID: a309f372450ffa1499b8b16ea9c33a3d - Path: Assets/Assets/Prototype 2/Scripts/WaterPickup.cs - Importer: ScriptedImporter/UnityEditor.QuickSearchModule:UnityEditor.Search:ASIAI0B' with importer (ScriptedImporter : UnityEditor.QuickSearchModule:UnityEditor.Search:ASIAI0B)
Imported 'GUID: a309f372450ffa1499b8b16ea9c33a3d' -> (Import Result ID: '68fe62a38c8b94618e9b9d44df5314f1') in 0.010 seconds [static and dynamic dependencies]. Details - ImportResultOutputID=f3a21eecb130967b7af384136a65f078 DependenciesID=5e27845b8a1932435ef4ee0f234f0927 StaticDependenciesID=1733e242a1d4570ff5cf7506e23286e6 
Number of updated asset objects reloaded before import = 0
Number of asset objects unloaded after import = 0
========================================================================
Received Import Request.
  Time of request: 2026-08-09T12:13:14.2687621Z
  Time since last request: 0.0005889 seconds.
  importAddress: GUID: 3f5b5dff67a942289a9defa416b206f3 - Path: Assets/TextMesh Pro/Resources/TMP Settings.asset - Importer: ScriptedImporter/UnityEditor.QuickSearchModule:UnityEditor.Search:ASIAI0B
Importing 'GUID: 3f5b5dff67a942289a9defa416b206f3 - Path: Assets/TextMesh Pro/Resources/TMP Settings.asset - Importer: ScriptedImporter/UnityEditor.QuickSearchModule:UnityEditor.Search:ASIAI0B' with importer (ScriptedImporter : UnityEditor.QuickSearchModule:UnityEditor.Search:ASIAI0B)
Imported 'GUID: 3f5b5dff67a942289a9defa416b206f3' -> (Import Result ID: '77c20cf020a6d241bfa0709a5faf8493') in 0.046 seconds [static and dynamic dependencies]. Details - ImportResultOutputID=56f478aa6152574087dddf4570242a5e DependenciesID=ec2da7cd514c0e2b6be40fd55fc6a39f StaticDependenciesID=c63672f52263e9ea2ea755d7b56b92d3 
Number of updated asset objects reloaded before import = 0
Number of asset objects unloaded after import = 13
========================================================================
Received Import Request.
  Time of request: 2026-08-09T12:13:14.3308003Z
  Time since last request: 0.0001038 seconds.
  importAddress: GUID: 128e987d567d4e2c824d754223b3f3b0 - Path: Assets/TextMesh Pro/Shaders/TMP_Bitmap.shader - Importer: ScriptedImporter/UnityEditor.QuickSearchModule:UnityEditor.Search:ASIAI0B
Importing 'GUID: 128e987d567d4e2c824d754223b3f3b0 - Path: Assets/TextMesh Pro/Shaders/TMP_Bitmap.shader - Importer: ScriptedImporter/UnityEditor.QuickSearchModule:UnityEditor.Search:ASIAI0B' with importer (ScriptedImporter : UnityEditor.QuickSearchModule:UnityEditor.Search:ASIAI0B)
Imported 'GUID: 128e987d567d4e2c824d754223b3f3b0' -> (Import Result ID: 'd5ed4d1207352189f1110b30e7ef5626') in 0.011 seconds [static and dynamic dependencies]. Details - ImportResultOutputID=83783f3b612ee71cdf8cf95d9ce79604 DependenciesID=8eedbf3a0272a9afcabcecdf58e9f99c StaticDependenciesID=fac6872cb7f3e18474abb0b95f1321c2 
Number of updated asset objects reloaded before import = 0
Number of asset objects unloaded after import = 1
========================================================================
Received Prepare
AcceleratorClientConnectionCallback - disconnected - :0
Refreshing native plugins compatible for Editor in 3.25 ms, found 4 plugins.
Unloading 78 Unused Serialized files (Serialized files now loaded: 0)
Unloading 81 unused Assets / (6.4 MB). Loaded Objects now: 7224.
Memory consumption went from 329.8 MB to 323.4 MB.
Total: 17.624700 ms (FindLiveObjects: 0.846500 ms CreateObjectMapping: 1.388900 ms MarkObjects: 10.052100 ms  DeleteObjects: 5.334400 ms)

Prepare: number of updated asset objects reloaded= 0
========================================================================
Received Import Request.
  Time of request: 2026-08-09T12:13:14.9849722Z
  Time since last request: 0.6293265 seconds.
  importAddress: GUID: bb23d4bc7fa034889b1cc2639129c7eb - Path: Assets/Assets/Prototype 1/Challenge 4/_Source_Files/Materials/Red.mat - Importer: ScriptedImporter/UnityEditor.QuickSearchModule:UnityEditor.Search:ASIAI0B
Importing 'GUID: bb23d4bc7fa034889b1cc2639129c7eb - Path: Assets/Assets/Prototype 1/Challenge 4/_Source_Files/Materials/Red.mat - Importer: ScriptedImporter/UnityEditor.QuickSearchModule:UnityEditor.Search:ASIAI0B' with importer (ScriptedImporter : UnityEditor.QuickSearchModule:UnityEditor.Search:ASIAI0B)
Imported 'GUID: bb23d4bc7fa034889b1cc2639129c7eb' -> (Import Result ID: '249f1a559aafd7bf27576f0529e0abc7') in 0.010 seconds [static and dynamic dependencies]. Details - ImportResultOutputID=f8f4ab654d07c77aad81be3310450c2f DependenciesID=04f37ad72e7841f61cb10cf275c6f5ee StaticDependenciesID=83e608dc012cbcb0da36ccc4b71ca07e 
Number of updated asset objects reloaded before import = 0
Number of asset objects unloaded after import = 2
========================================================================
Received Import Request.
  Time of request: 2026-08-09T12:13:15.0083678Z
  Time since last request: 0.0006161 seconds.
  importAddress: GUID: 76ea1527b6fdf4800b07a6538eee6563 - Path: Assets/Assets/Prototype 1/Challenge 4/Instructions/Challenge 4 - Outcome.mov - Importer: ScriptedImporter/UnityEditor.QuickSearchModule:UnityEditor.Search:ASIAI0B
Importing 'GUID: 76ea1527b6fdf4800b07a6538eee6563 - Path: Assets/Assets/Prototype 1/Challenge 4/Instructions/Challenge 4 - Outcome.mov - Importer: ScriptedImporter/UnityEditor.QuickSearchModule:UnityEditor.Search:ASIAI0B' with importer (ScriptedImporter : UnityEditor.QuickSearchModule:UnityEditor.Search:ASIAI0B)
Imported 'GUID: 76ea1527b6fdf4800b07a6538eee6563' -> (Import Result ID: 'e20d1d35d53589b64236858b7fd6a388') in 0.011 seconds [static and dynamic dependencies]. Details - ImportResultOutputID=f79c96aaa37d1cadf62e29fff5fd784c DependenciesID=50ad45c915d929ea41ce95e1817a01f2 StaticDependenciesID=907b1dbddf5492dccf5c54bf6a244e68 
Number of updated asset objects reloaded before import = 0
Number of asset objects unloaded after import = 1
========================================================================
Received Import Request.
  Time of request: 2026-08-09T12:13:15.0331921Z
  Time since last request: 0.0004955 seconds.
  importAddress: GUID: a23ff2708d9482e42b37fcc0c30dde67 - Path: Assets/Assets/Prototype 1/Tutorial/Course Library/_Source_Files/FBX/SI_RepairIcon.fbx - Importer: ScriptedImporter/UnityEditor.QuickSearchModule:UnityEditor.Search:ASIAI0B
Importing 'GUID: a23ff2708d9482e42b37fcc0c30dde67 - Path: Assets/Assets/Prototype 1/Tutorial/Course Library/_Source_Files/FBX/SI_RepairIcon.fbx - Importer: ScriptedImporter/UnityEditor.QuickSearchModule:UnityEditor.Search:ASIAI0B' with importer (ScriptedImporter : UnityEditor.QuickSearchModule:UnityEditor.Search:ASIAI0B)
Imported 'GUID: a23ff2708d9482e42b37fcc0c30dde67' -> (Import Result ID: 'f78dbd6a92e0a2d20937c6d8bf08f333') in 0.017 seconds [static and dynamic dependencies]. Details - ImportResultOutputID=b17f1f3ecd53e1c71da9d5c1996174fa DependenciesID=356a252016decb46983ade0fcaede2a6 StaticDependenciesID=49eddeec5b4d5af5d3979aea6da6f9ce 
Number of updated asset objects reloaded before import = 0
Number of asset objects unloaded after import = 7
========================================================================
Received Import Request.
  Time of request: 2026-08-09T12:13:15.0616323Z
  Time since last request: 0.0005405 seconds.
  importAddress: GUID: 658d96199cc7d3b4880fa76714523436 - Path: Assets/Assets/Prototype 1/Tutorial/Course Library/_Source_Files/FBX/SI_RadiationIcon.fbx - Importer: ScriptedImporter/UnityEditor.QuickSearchModule:UnityEditor.Search:ASIAI0B
Importing 'GUID: 658d96199cc7d3b4880fa76714523436 - Path: Assets/Assets/Prototype 1/Tutorial/Course Library/_Source_Files/FBX/SI_RadiationIcon.fbx - Importer: ScriptedImporter/UnityEditor.QuickSearchModule:UnityEditor.Search:ASIAI0B' with importer (ScriptedImporter : UnityEditor.QuickSearchModule:UnityEditor.Search:ASIAI0B)
Imported 'GUID: 658d96199cc7d3b4880fa76714523436' -> (Import Result ID: '7c253c9ee8d848082edc2c2f3ff38652') in 0.015 seconds [static and dynamic dependencies]. Details - ImportResultOutputID=254a774f37fb69b79e61539fbe9e5157 DependenciesID=0683bcf7e31526908e1ae8499de78b5f StaticDependenciesID=d2b079f7fd1c0b9092260d768efe9867 
Number of updated asset objects reloaded before import = 0
Number of asset objects unloaded after import = 7
========================================================================
Received Import Request.
  Time of request: 2026-08-09T12:13:15.0910771Z
  Time since last request: 0.000489 seconds.
  importAddress: GUID: 8634f8cf5ba74134c972fb2d36355077 - Path: Assets/Assets/Prototype 1/Tutorial/Course Library/Textures/PolygonPrototype_Texture_Grid_05.png - Importer: ScriptedImporter/UnityEditor.QuickSearchModule:UnityEditor.Search:ASIAI0B
Importing 'GUID: 8634f8cf5ba74134c972fb2d36355077 - Path: Assets/Assets/Prototype 1/Tutorial/Course Library/Textures/PolygonPrototype_Texture_Grid_05.png - Importer: ScriptedImporter/UnityEditor.QuickSearchModule:UnityEditor.Search:ASIAI0B' with importer (ScriptedImporter : UnityEditor.QuickSearchModule:UnityEditor.Search:ASIAI0B)
Imported 'GUID: 8634f8cf5ba74134c972fb2d36355077' -> (Import Result ID: '18b25fcbb58b7a681b45f7b93d550e42') in 0.015 seconds [static and dynamic dependencies]. Details - ImportResultOutputID=75b779161e50aaf597a01bb617e24361 DependenciesID=e71abb6fa7deed826f9343034846f256 StaticDependenciesID=a7d6e49cee3348bd8e408a5f305b814b 
Number of updated asset objects reloaded before import = 0
Number of asset objects unloaded after import = 1
========================================================================
Received Import Request.
  Time of request: 2026-08-09T12:13:15.1209745Z
  Time since last request: 0.000668 seconds.
  importAddress: GUID: 1432e62c10501d147a873c128326f711 - Path: Assets/Assets/Prototype 1/Tutorial/Course Library/Textures/PolygonPrototype_Texture_Grid_Glass_01.png - Importer: ScriptedImporter/UnityEditor.QuickSearchModule:UnityEditor.Search:ASIAI0B
Importing 'GUID: 1432e62c10501d147a873c128326f711 - Path: Assets/Assets/Prototype 1/Tutorial/Course Library/Textures/PolygonPrototype_Texture_Grid_Glass_01.png - Importer: ScriptedImporter/UnityEditor.QuickSearchModule:UnityEditor.Search:ASIAI0B' with importer (ScriptedImporter : UnityEditor.QuickSearchModule:UnityEditor.Search:ASIAI0B)
Imported 'GUID: 1432e62c10501d147a873c128326f711' -> (Import Result ID: '7d900f0922f0797a93a4330a12304999') in 0.018 seconds [static and dynamic dependencies]. Details - ImportResultOutputID=c58e6e7cc32e8ee1609c37d91b39b843 DependenciesID=66dd0feffc616aece35a1172a21e398c StaticDependenciesID=06166e5d403e67aa9e5396563f44bc06 
Number of updated asset objects reloaded before import = 0
Number of asset objects unloaded after import = 1
========================================================================
Received Import Request.
  Time of request: 2026-08-09T12:13:15.1522343Z
  Time since last request: 0.0007497 seconds.
  importAddress: GUID: f20d096cd65070b4a89b6957463d432d - Path: Assets/Assets/Prototype 1/Tutorial/Course Library/Pickups/GoldCupIcon.prefab - Importer: ScriptedImporter/UnityEditor.QuickSearchModule:UnityEditor.Search:ASIAI0B
Importing 'GUID: f20d096cd65070b4a89b6957463d432d - Path: Assets/Assets/Prototype 1/Tutorial/Course Library/Pickups/GoldCupIcon.prefab - Importer: ScriptedImporter/UnityEditor.QuickSearchModule:UnityEditor.Search:ASIAI0B' with importer (ScriptedImporter : UnityEditor.QuickSearchModule:UnityEditor.Search:ASIAI0B)
Imported 'GUID: f20d096cd65070b4a89b6957463d432d' -> (Import Result ID: '4c934cf970aec55f66c400665fa217b5') in 0.014 seconds [static and dynamic dependencies]. Details - ImportResultOutputID=058d59902be8449353ebf24cd9e8fe4a DependenciesID=a916de4f82d46e7dc5b0bb3936b61b58 StaticDependenciesID=86e82b6f86bbcc5a1863d1c1245ffb69 
Number of updated asset objects reloaded before import = 0
Number of asset objects unloaded after import = 8
========================================================================
Received Import Request.
  Time of request: 2026-08-09T12:13:15.180014Z
  Time since last request: 0.0001664 seconds.
  importAddress: GUID: 0782c4fdae5f1624ba26300a1dc7a0a7 - Path: Assets/Assets/Prototype 1/Tutorial/Course Library/Pickups/PowerIcon.prefab - Importer: ScriptedImporter/UnityEditor.QuickSearchModule:UnityEditor.Search:ASIAI0B
Importing 'GUID: 0782c4fdae5f1624ba26300a1dc7a0a7 - Path: Assets/Assets/Prototype 1/Tutorial/Course Library/Pickups/PowerIcon.prefab - Importer: ScriptedImporter/UnityEditor.QuickSearchModule:UnityEditor.Search:ASIAI0B' with importer (ScriptedImporter : UnityEditor.QuickSearchModule:UnityEditor.Search:ASIAI0B)
Imported 'GUID: 0782c4fdae5f1624ba26300a1dc7a0a7' -> (Import Result ID: '5cfc4f559dbf92089d340397f42298c4') in 0.012 seconds [static and dynamic dependencies]. Details - ImportResultOutputID=9d1386378f8914bc7272892c49bcadc8 DependenciesID=b25156deba27e37045a0fdc2cbb25f4c StaticDependenciesID=951ebf104403273efccab2166b89f243 
Number of updated asset objects reloaded before import = 0
Number of asset objects unloaded after import = 8
========================================================================
Received Import Request.
  Time of request: 2026-08-09T12:13:15.2056755Z
  Time since last request: 0.0004407 seconds.
  importAddress: GUID: e4e685e955ee3484387a599c4319d22b - Path: Assets/Assets/Prototype 1/Tutorial/Course Library/Materials/PolygonPrototype_Texture_Grid_07.mat - Importer: ScriptedImporter/UnityEditor.QuickSearchModule:UnityEditor.Search:ASIAI0B
Importing 'GUID: e4e685e955ee3484387a599c4319d22b - Path: Assets/Assets/Prototype 1/Tutorial/Course Library/Materials/PolygonPrototype_Texture_Grid_07.mat - Importer: ScriptedImporter/UnityEditor.QuickSearchModule:UnityEditor.Search:ASIAI0B' with importer (ScriptedImporter : UnityEditor.QuickSearchModule:UnityEditor.Search:ASIAI0B)
Imported 'GUID: e4e685e955ee3484387a599c4319d22b' -> (Import Result ID: '0c07d997dca6da138425cafb3d95430b') in 0.011 seconds [static and dynamic dependencies]. Details - ImportResultOutputID=f2bfe8dc7e0435704270e1dcb4b12541 DependenciesID=6d32fa8302f3a6ebf5c943031d17508b StaticDependenciesID=0a34fea550d71f14db207c9edba41eba 
Number of updated asset objects reloaded before import = 0
Number of asset objects unloaded after import = 3
========================================================================
Received Import Request.
  Time of request: 2026-08-09T12:13:15.2273157Z
  Time since last request: 0.0004718 seconds.
  importAddress: GUID: 31e6dd0b1a83d2545a63dfc9ef21c42f - Path: Assets/Assets/Prototype 1/Tutorial/Course Library/_Source_Files/FBX/SI_FireIcon.fbx - Importer: ScriptedImporter/UnityEditor.QuickSearchModule:UnityEditor.Search:ASIAI0B
Importing 'GUID: 31e6dd0b1a83d2545a63dfc9ef21c42f - Path: Assets/Assets/Prototype 1/Tutorial/Course Library/_Source_Files/FBX/SI_FireIcon.fbx - Importer: ScriptedImporter/UnityEditor.QuickSearchModule:UnityEditor.Search:ASIAI0B' with importer (ScriptedImporter : UnityEditor.QuickSearchModule:UnityEditor.Search:ASIAI0B)
Imported 'GUID: 31e6dd0b1a83d2545a63dfc9ef21c42f' -> (Import Result ID: 'd509ff4cfdea258f7b393e0885090a14') in 0.012 seconds [static and dynamic dependencies]. Details - ImportResultOutputID=f0b590d8ddb35d80fed82946f2dae42c DependenciesID=f611de4158cc22b3c9baf065886633cd StaticDependenciesID=502a647aede9d9e2b4d941ce70320243 
Number of updated asset objects reloaded before import = 0
Number of asset objects unloaded after import = 7
========================================================================
Received Import Request.
  Time of request: 2026-08-09T12:13:15.2525366Z
  Time since last request: 0.0004858 seconds.
  importAddress: GUID: 6f3d65a695e7abd46bde807842983d4a - Path: Assets/Assets/Prototype 1/Tutorial/Course Library/Pickups/RadiationIcon.prefab - Importer: ScriptedImporter/UnityEditor.QuickSearchModule:UnityEditor.Search:ASIAI0B
Importing 'GUID: 6f3d65a695e7abd46bde807842983d4a - Path: Assets/Assets/Prototype 1/Tutorial/Course Library/Pickups/RadiationIcon.prefab - Importer: ScriptedImporter/UnityEditor.QuickSearchModule:UnityEditor.Search:ASIAI0B' with importer (ScriptedImporter : UnityEditor.QuickSearchModule:UnityEditor.Search:ASIAI0B)
Imported 'GUID: 6f3d65a695e7abd46bde807842983d4a' -> (Import Result ID: 'e535520577ffe1e8bbe572ca9fd9de71') in 0.013 seconds [static and dynamic dependencies]. Details - ImportResultOutputID=eaf396b7aa63259ea7961a10dd9e2df9 DependenciesID=ada6c08e2728de996b34c1ae6703f53b StaticDependenciesID=4f92e798d94d5136d99678d45b738768 
Number of updated asset objects reloaded before import = 0
Number of asset objects unloaded after import = 8
========================================================================
Received Import Request.
  Time of request: 2026-08-09T12:13:15.2776302Z
  Time since last request: 0.0002326 seconds.
  importAddress: GUID: 9e928de923724f54ea836e735efdd8b6 - Path: Assets/Assets/Prototype 1/Tutorial/Course Library/Pickups/Gem_01.prefab - Importer: ScriptedImporter/UnityEditor.QuickSearchModule:UnityEditor.Search:ASIAI0B
Importing 'GUID: 9e928de923724f54ea836e735efdd8b6 - Path: Assets/Assets/Prototype 1/Tutorial/Course Library/Pickups/Gem_01.prefab - Importer: ScriptedImporter/UnityEditor.QuickSearchModule:UnityEditor.Search:ASIAI0B' with importer (ScriptedImporter : UnityEditor.QuickSearchModule:UnityEditor.Search:ASIAI0B)
Imported 'GUID: 9e928de923724f54ea836e735efdd8b6' -> (Import Result ID: '623b2d05019bd8860112abd3962d6626') in 0.012 seconds [static and dynamic dependencies]. Details - ImportResultOutputID=cc6ebc1af6238a958ade994bbb2e6ec5 DependenciesID=962908edc71e5ebe59945bf2af137d39 StaticDependenciesID=592fb1638dec15c9c46c24cdc24083ba 
Number of updated asset objects reloaded before import = 0
Number of asset objects unloaded after import = 8
========================================================================
Received Import Request.
  Time of request: 2026-08-09T12:13:15.3045589Z
  Time since last request: 0.0002373 seconds.
  importAddress: GUID: 6562db3a873684fa9b7da3aef8329d82 - Path: Assets/Assets/Prototype 1/Challenge 4/Prefabs/Smoke_Particle.prefab - Importer: ScriptedImporter/UnityEditor.QuickSearchModule:UnityEditor.Search:ASIAI0B
Importing 'GUID: 6562db3a873684fa9b7da3aef8329d82 - Path: Assets/Assets/Prototype 1/Challenge 4/Prefabs/Smoke_Particle.prefab - Importer: ScriptedImporter/UnityEditor.QuickSearchModule:UnityEditor.Search:ASIAI0B' with importer (ScriptedImporter : UnityEditor.QuickSearchModule:UnityEditor.Search:ASIAI0B)
Imported 'GUID: 6562db3a873684fa9b7da3aef8329d82' -> (Import Result ID: '98e00e85f0ab6b65a690160ed3231ca9') in 0.105 seconds [static and dynamic dependencies]. Details - ImportResultOutputID=82387541631b379123df99d4859b4f15 DependenciesID=f46dc11111cc68c9c1bbaaa4237db38c StaticDependenciesID=da7fcc5759d477bb4fc2c24223040e71 
Number of updated asset objects reloaded before import = 0
Number of asset objects unloaded after import = 6
========================================================================
Received Import Request.
  Time of request: 2026-08-09T12:13:15.4203912Z
  Time since last request: 0.0003245 seconds.
  importAddress: GUID: da2a5bfc8f62c41e8ad989c97bd3886e - Path: Assets/Assets/Prototype 1/Challenge 4/Scripts/EnemyX.cs - Importer: ScriptedImporter/UnityEditor.QuickSearchModule:UnityEditor.Search:ASIAI0B
Importing 'GUID: da2a5bfc8f62c41e8ad989c97bd3886e - Path: Assets/Assets/Prototype 1/Challenge 4/Scripts/EnemyX.cs - Importer: ScriptedImporter/UnityEditor.QuickSearchModule:UnityEditor.Search:ASIAI0B' with importer (ScriptedImporter : UnityEditor.QuickSearchModule:UnityEditor.Search:ASIAI0B)
Imported 'GUID: da2a5bfc8f62c41e8ad989c97bd3886e' -> (Import Result ID: '402c9ce8edda507517822f63342ad9af') in 0.009 seconds [static and dynamic dependencies]. Details - ImportResultOutputID=16e26fc37a0c35f0d9cd4168570d1df4 DependenciesID=26def16ea2e3d48719b68460dfc772f3 StaticDependenciesID=a9021c0b0182cd44b7749e65b8d0d4af 
Number of updated asset objects reloaded before import = 0
Number of asset objects unloaded after import = 0
========================================================================
Received Import Request.
  Time of request: 2026-08-09T12:13:15.4421761Z
  Time since last request: 0.0005622 seconds.
  importAddress: GUID: 47045ccb8f3944b9b8a55f6b07f0aefc - Path: Assets/Assets/Prototype 1/Challenge 4/Prefabs/Enemy.prefab - Importer: ScriptedImporter/UnityEditor.QuickSearchModule:UnityEditor.Search:ASIAI0B
Importing 'GUID: 47045ccb8f3944b9b8a55f6b07f0aefc - Path: Assets/Assets/Prototype 1/Challenge 4/Prefabs/Enemy.prefab - Importer: ScriptedImporter/UnityEditor.QuickSearchModule:UnityEditor.Search:ASIAI0B' with importer (ScriptedImporter : UnityEditor.QuickSearchModule:UnityEditor.Search:ASIAI0B)
Imported 'GUID: 47045ccb8f3944b9b8a55f6b07f0aefc' -> (Import Result ID: '74c5e75f1e4e5b9c3f15609064693402') in 0.015 seconds [static and dynamic dependencies]. Details - ImportResultOutputID=409309e973192c5c848cd6d14758da1c DependenciesID=a2e8877afc16c9b3218755c2738c6eb1 StaticDependenciesID=f0846e8fc5738be3fe99c2f7eec814bb 
Number of updated asset objects reloaded before import = 0
Number of asset objects unloaded after import = 12
========================================================================
Received Import Request.
  Time of request: 2026-08-09T12:13:15.472984Z
  Time since last request: 0.0003387 seconds.
  importAddress: GUID: ad5d390831542d44ab1c4843a8cdd74d - Path: Assets/Assets/Prototype 1/Tutorial/Scripts/Enemy.cs - Importer: ScriptedImporter/UnityEditor.QuickSearchModule:UnityEditor.Search:ASIAI0B
Importing 'GUID: ad5d390831542d44ab1c4843a8cdd74d - Path: Assets/Assets/Prototype 1/Tutorial/Scripts/Enemy.cs - Importer: ScriptedImporter/UnityEditor.QuickSearchModule:UnityEditor.Search:ASIAI0B' with importer (ScriptedImporter : UnityEditor.QuickSearchModule:UnityEditor.Search:ASIAI0B)
Imported 'GUID: ad5d390831542d44ab1c4843a8cdd74d' -> (Import Result ID: '8ffe464ef2b7932e08c08317d9a3a025') in 0.008 seconds [static and dynamic dependencies]. Details - ImportResultOutputID=1374803149ee26cbcdd303710b743e22 DependenciesID=1cea37964f7c480c2dde0d6fb3130673 StaticDependenciesID=4184ba4288791ae7ba21617ce6d34ac6 
Number of updated asset objects reloaded before import = 0
Number of asset objects unloaded after import = 0
========================================================================
Received Import Request.
  Time of request: 2026-08-09T12:13:15.4924527Z
  Time since last request: 0.0004189 seconds.
  importAddress: GUID: 5b7ef1bced4514b68ad742afc6c66e35 - Path: Assets/Course Library/Textures/Ground/Materials/Grass.mat - Importer: ScriptedImporter/UnityEditor.QuickSearchModule:UnityEditor.Search:ASIAI0B
Importing 'GUID: 5b7ef1bced4514b68ad742afc6c66e35 - Path: Assets/Course Library/Textures/Ground/Materials/Grass.mat - Importer: ScriptedImporter/UnityEditor.QuickSearchModule:UnityEditor.Search:ASIAI0B' with importer (ScriptedImporter : UnityEditor.QuickSearchModule:UnityEditor.Search:ASIAI0B)
Imported 'GUID: 5b7ef1bced4514b68ad742afc6c66e35' -> (Import Result ID: '844fa3fe1963957da9d4f88b2a6d0b3b') in 0.015 seconds [static and dynamic dependencies]. Details - ImportResultOutputID=dfbf4e47d46a1ff2e9a94299bdd5c4cc DependenciesID=3bf6492b5b0af3a8cf19dd52a28b6cb4 StaticDependenciesID=8762b79d37db123b91d61ae472cd1c63 
Number of updated asset objects reloaded before import = 0
Number of asset objects unloaded after import = 3
========================================================================
Received Import Request.
  Time of request: 2026-08-09T12:13:15.5198652Z
  Time since last request: 0.0004894 seconds.
  importAddress: GUID: 9a99be6bae8ed9b4e93c3f899a5e4b1e - Path: Assets/Assets/Prototype 1/Tutorial/Scripts/RotateCamera.cs - Importer: ScriptedImporter/UnityEditor.QuickSearchModule:UnityEditor.Search:ASIAI0B
Importing 'GUID: 9a99be6bae8ed9b4e93c3f899a5e4b1e - Path: Assets/Assets/Prototype 1/Tutorial/Scripts/RotateCamera.cs - Importer: ScriptedImporter/UnityEditor.QuickSearchModule:UnityEditor.Search:ASIAI0B' with importer (ScriptedImporter : UnityEditor.QuickSearchModule:UnityEditor.Search:ASIAI0B)
Imported 'GUID: 9a99be6bae8ed9b4e93c3f899a5e4b1e' -> (Import Result ID: 'fd0b708c2defe027568fae9450c04072') in 0.008 seconds [static and dynamic dependencies]. Details - ImportResultOutputID=d3171fe7e26419fb9d9091797c4b3268 DependenciesID=d8cb56cf2da4076025187396c94e4b86 StaticDependenciesID=e14836185cac50ba34a10a358ea0ca8e 
Number of updated asset objects reloaded before import = 0
Number of asset objects unloaded after import = 0
========================================================================
Received Import Request.
  Time of request: 2026-08-09T12:13:15.5433608Z
  Time since last request: 0.0006116 seconds.
  importAddress: GUID: 2a09470ada0c47849ad79d26363f8e4a - Path: Assets/Assets/Prototype 1/Tutorial/Course Library/Textures/PolygonPrototype_Texture_Grid_01.png - Importer: ScriptedImporter/UnityEditor.QuickSearchModule:UnityEditor.Search:ASIAI0B
Importing 'GUID: 2a09470ada0c47849ad79d26363f8e4a - Path: Assets/Assets/Prototype 1/Tutorial/Course Library/Textures/PolygonPrototype_Texture_Grid_01.png - Importer: ScriptedImporter/UnityEditor.QuickSearchModule:UnityEditor.Search:ASIAI0B' with importer (ScriptedImporter : UnityEditor.QuickSearchModule:UnityEditor.Search:ASIAI0B)
Imported 'GUID: 2a09470ada0c47849ad79d26363f8e4a' -> (Import Result ID: 'dd85723648d9802be505accd6b3bed1a') in 0.015 seconds [static and dynamic dependencies]. Details - ImportResultOutputID=d0286bb41d3f591520b85eb7a146a6fb DependenciesID=b736feb09eca1a6513b0b9570d2c5ed8 StaticDependenciesID=ea9ad69e8f0ee32371fcf21a396e12e2 
Number of updated asset objects reloaded before import = 0
Number of asset objects unloaded after import = 1
========================================================================
Received Import Request.
  Time of request: 2026-08-09T12:13:15.5719295Z
  Time since last request: 0.000549 seconds.
  importAddress: GUID: 5e5b016a0cd771740aae0b664476d77d - Path: Assets/Assets/Prototype 1/Tutorial/Course Library/Powerup Indicators/Balloon_01.prefab - Importer: ScriptedImporter/UnityEditor.QuickSearchModule:UnityEditor.Search:ASIAI0B
Importing 'GUID: 5e5b016a0cd771740aae0b664476d77d - Path: Assets/Assets/Prototype 1/Tutorial/Course Library/Powerup Indicators/Balloon_01.prefab - Importer: ScriptedImporter/UnityEditor.QuickSearchModule:UnityEditor.Search:ASIAI0B' with importer (ScriptedImporter : UnityEditor.QuickSearchModule:UnityEditor.Search:ASIAI0B)
Imported 'GUID: 5e5b016a0cd771740aae0b664476d77d' -> (Import Result ID: '5a1a1470219bc1b33148eaee5bbc790b') in 0.016 seconds [static and dynamic dependencies]. Details - ImportResultOutputID=c8b51a69bdaf744d0bf0c824c2b25339 DependenciesID=b8184c22a5e12bb9f32b925579e5e85c StaticDependenciesID=b85b5da76e5e9ee5c206d526c3910fbb 
Number of updated asset objects reloaded before import = 0
Number of asset objects unloaded after import = 8
========================================================================
Received Import Request.
  Time of request: 2026-08-09T12:13:15.6021927Z
  Time since last request: 0.0004134 seconds.
  importAddress: GUID: a4b96ad7a65484fd4a83cb97540eee50 - Path: Assets/Assets/Prototype 1/Tutorial/Scenes/Testing Grounds.unity - Importer: ScriptedImporter/UnityEditor.QuickSearchModule:UnityEditor.Search:ASIAI0B
Importing 'GUID: a4b96ad7a65484fd4a83cb97540eee50 - Path: Assets/Assets/Prototype 1/Tutorial/Scenes/Testing Grounds.unity - Importer: ScriptedImporter/UnityEditor.QuickSearchModule:UnityEditor.Search:ASIAI0B' with importer (ScriptedImporter : UnityEditor.QuickSearchModule:UnityEditor.Search:ASIAI0B)
Imported 'GUID: a4b96ad7a65484fd4a83cb97540eee50' -> (Import Result ID: '6d0992f6892a32e8d2483d09284e0bfc') in 0.010 seconds [static and dynamic dependencies]. Details - ImportResultOutputID=2c0880a9bfa9958bf186b9a328263d24 DependenciesID=302b5575b8197f3e02aa13b4d19b1c3c StaticDependenciesID=8b8b0a8f0cc60b01589d5cf26feb3af1 
Number of updated asset objects reloaded before import = 0
Number of asset objects unloaded after import = 1
========================================================================
Received Import Request.
  Time of request: 2026-08-09T12:13:15.6266334Z
  Time since last request: 0.0004841 seconds.
  importAddress: GUID: 33a04b0ac29b748b2976410da1397566 - Path: Assets/Assets/Prototype 1/Challenge 4/_Source_Files/Materials/Blue.mat - Importer: ScriptedImporter/UnityEditor.QuickSearchModule:UnityEditor.Search:ASIAI0B
Importing 'GUID: 33a04b0ac29b748b2976410da1397566 - Path: Assets/Assets/Prototype 1/Challenge 4/_Source_Files/Materials/Blue.mat - Importer: ScriptedImporter/UnityEditor.QuickSearchModule:UnityEditor.Search:ASIAI0B' with importer (ScriptedImporter : UnityEditor.QuickSearchModule:UnityEditor.Search:ASIAI0B)
Imported 'GUID: 33a04b0ac29b748b2976410da1397566' -> (Import Result ID: '08106e17cbeb7ae2e119288e803c3413') in 0.010 seconds [static and dynamic dependencies]. Details - ImportResultOutputID=8a67bdd7a0ccecd50a20c2fa769ba99b DependenciesID=91cd9441715a4032c2d22507105c65d5 StaticDependenciesID=d82df029dbcb8f15ed214fd5f517a1ab 
Number of updated asset objects reloaded before import = 0
Number of asset objects unloaded after import = 2
========================================================================
Received Import Request.
  Time of request: 2026-08-09T12:13:15.6501437Z
  Time since last request: 0.0009226 seconds.
  importAddress: GUID: 705913170e39c457aabc669261e60fa0 - Path: Assets/Assets/Prototype 1/Challenge 4/_Source_Files/Materials/BouncyX.physicMaterial - Importer: ScriptedImporter/UnityEditor.QuickSearchModule:UnityEditor.Search:ASIAI0B
Importing 'GUID: 705913170e39c457aabc669261e60fa0 - Path: Assets/Assets/Prototype 1/Challenge 4/_Source_Files/Materials/BouncyX.physicMaterial - Importer: ScriptedImporter/UnityEditor.QuickSearchModule:UnityEditor.Search:ASIAI0B' with importer (ScriptedImporter : UnityEditor.QuickSearchModule:UnityEditor.Search:ASIAI0B)
Imported 'GUID: 705913170e39c457aabc669261e60fa0' -> (Import Result ID: 'fd424edb6472b555acdd285ae95d29d6') in 0.009 seconds [static and dynamic dependencies]. Details - ImportResultOutputID=7259de22160b5a9f078de9172e0a3dba DependenciesID=a647318417cf0a6b7a8dc57ca67f6a96 StaticDependenciesID=6c9e64b0e7ab04fe477dfab0ed58c836 
Number of updated asset objects reloaded before import = 0
Number of asset objects unloaded after import = 1
========================================================================
Received Import Request.
  Time of request: 2026-08-09T12:13:15.6739136Z
  Time since last request: 0.0004641 seconds.
  importAddress: GUID: 5036a60f22d8542ca830e4578804462b - Path: Assets/Assets/Prototype 1/Challenge 4/Scripts/PlayerControllerX.cs - Importer: ScriptedImporter/UnityEditor.QuickSearchModule:UnityEditor.Search:ASIAI0B
Importing 'GUID: 5036a60f22d8542ca830e4578804462b - Path: Assets/Assets/Prototype 1/Challenge 4/Scripts/PlayerControllerX.cs - Importer: ScriptedImporter/UnityEditor.QuickSearchModule:UnityEditor.Search:ASIAI0B' with importer (ScriptedImporter : UnityEditor.QuickSearchModule:UnityEditor.Search:ASIAI0B)
Imported 'GUID: 5036a60f22d8542ca830e4578804462b' -> (Import Result ID: '505fd849cefa3085026bc488e37988aa') in 0.006 seconds [static and dynamic dependencies]. Details - ImportResultOutputID=d07c04f7411e8b6e74625952c723f4a3 DependenciesID=2bb2906ae64a06f8cf48805412225a8d StaticDependenciesID=37c79033873da6017fdc8a4b0e8eb832 
Number of updated asset objects reloaded before import = 0
Number of asset objects unloaded after import = 0
========================================================================
Received Import Request.
  Time of request: 2026-08-09T12:13:15.6949164Z
  Time since last request: 0.0005258 seconds.
  importAddress: GUID: 6daf71e7a619b48adbeaaa274958dacf - Path: Assets/Assets/Prototype 1/Tutorial/Course Library/_Source_Files/_LICENSE.txt - Importer: ScriptedImporter/UnityEditor.QuickSearchModule:UnityEditor.Search:ASIAI0B
Importing 'GUID: 6daf71e7a619b48adbeaaa274958dacf - Path: Assets/Assets/Prototype 1/Tutorial/Course Library/_Source_Files/_LICENSE.txt - Importer: ScriptedImporter/UnityEditor.QuickSearchModule:UnityEditor.Search:ASIAI0B' with importer (ScriptedImporter : UnityEditor.QuickSearchModule:UnityEditor.Search:ASIAI0B)
Imported 'GUID: 6daf71e7a619b48adbeaaa274958dacf' -> (Import Result ID: 'bf00a8da606b8b46da6f021cd0b8c988') in 0.008 seconds [static and dynamic dependencies]. Details - ImportResultOutputID=ea93a594badd06c159c70eeb7859d76b DependenciesID=332f62be0131bdda2a3f95e018a3c06e StaticDependenciesID=d8c9a6bfb4d23b57b88db50a05249595 
Number of updated asset objects reloaded before import = 0
Number of asset objects unloaded after import = 1
========================================================================
Received Import Request.
  Time of request: 2026-08-09T12:13:15.7145601Z
  Time since last request: 0.0005931 seconds.
  importAddress: GUID: 510349479745aac4b9209e9326e42601 - Path: Assets/Assets/Prototype 1/Tutorial/Course Library/Pickups/RepairIcon.prefab - Importer: ScriptedImporter/UnityEditor.QuickSearchModule:UnityEditor.Search:ASIAI0B
Importing 'GUID: 510349479745aac4b9209e9326e42601 - Path: Assets/Assets/Prototype 1/Tutorial/Course Library/Pickups/RepairIcon.prefab - Importer: ScriptedImporter/UnityEditor.QuickSearchModule:UnityEditor.Search:ASIAI0B' with importer (ScriptedImporter : UnityEditor.QuickSearchModule:UnityEditor.Search:ASIAI0B)
Imported 'GUID: 510349479745aac4b9209e9326e42601' -> (Import Result ID: 'bd18b7ccb2cc0efbfaf19c96fa432ed6') in 0.015 seconds [static and dynamic dependencies]. Details - ImportResultOutputID=f5a8b785511c10d7800616074802e155 DependenciesID=535ea4721edd43779a04a9690eba58ef StaticDependenciesID=4ba565ef582789b6bb89a4aa29fcbc89 
Number of updated asset objects reloaded before import = 0
Number of asset objects unloaded after import = 8
========================================================================
Received Import Request.
  Time of request: 2026-08-09T12:13:15.7415257Z
  Time since last request: 0.0000772 seconds.
  importAddress: GUID: 18d064e59e399ac4ebf74eada94947af - Path: Assets/Assets/Prototype 1/Tutorial/Course Library/Pickups/FireIcon.prefab - Importer: ScriptedImporter/UnityEditor.QuickSearchModule:UnityEditor.Search:ASIAI0B
Importing 'GUID: 18d064e59e399ac4ebf74eada94947af - Path: Assets/Assets/Prototype 1/Tutorial/Course Library/Pickups/FireIcon.prefab - Importer: ScriptedImporter/UnityEditor.QuickSearchModule:UnityEditor.Search:ASIAI0B' with importer (ScriptedImporter : UnityEditor.QuickSearchModule:UnityEditor.Search:ASIAI0B)
Imported 'GUID: 18d064e59e399ac4ebf74eada94947af' -> (Import Result ID: '9a5f60ac56c063c779042de4eb4e869c') in 0.024 seconds [static and dynamic dependencies]. Details - ImportResultOutputID=89de14b81f794403b5bc06a0be2aee15 DependenciesID=4dd7841011d881152e8aae51fc223970 StaticDependenciesID=dec554566b405e5f4ba6db7394002c87 
Number of updated asset objects reloaded before import = 0
Number of asset objects unloaded after import = 8
========================================================================
Received Import Request.
  Time of request: 2026-08-09T12:13:15.7811194Z
  Time since last request: 0.0002798 seconds.
  importAddress: GUID: 923deea38dc6a8843b15db7638919c1e - Path: Assets/Assets/Prototype 1/Tutorial/Course Library/Powerup Indicators/SelectionRing_02.prefab - Importer: ScriptedImporter/UnityEditor.QuickSearchModule:UnityEditor.Search:ASIAI0B
Importing 'GUID: 923deea38dc6a8843b15db7638919c1e - Path: Assets/Assets/Prototype 1/Tutorial/Course Library/Powerup Indicators/SelectionRing_02.prefab - Importer: ScriptedImporter/UnityEditor.QuickSearchModule:UnityEditor.Search:ASIAI0B' with importer (ScriptedImporter : UnityEditor.QuickSearchModule:UnityEditor.Search:ASIAI0B)
Imported 'GUID: 923deea38dc6a8843b15db7638919c1e' -> (Import Result ID: '31e216d982e3f3e70cee73a7c96618da') in 0.017 seconds [static and dynamic dependencies]. Details - ImportResultOutputID=03d17055e6662ab8ab97c77c75788b7d DependenciesID=6a6783e3e4619582ecb9058875bd6c8b StaticDependenciesID=235a162c71793e4a9582e76de9558700 
Number of updated asset objects reloaded before import = 0
Number of asset objects unloaded after import = 8
========================================================================
Received Import Request.
  Time of request: 2026-08-09T12:13:15.8172616Z
  Time since last request: 0.0003128 seconds.
  importAddress: GUID: 970401e3cf0ca1b4e8a4c14d30d566ca - Path: Assets/Assets/Prototype 1/Tutorial/Course Library/Materials/PolygonPrototype_Texture_Grid_Glass_01.mat - Importer: ScriptedImporter/UnityEditor.QuickSearchModule:UnityEditor.Search:ASIAI0B
Importing 'GUID: 970401e3cf0ca1b4e8a4c14d30d566ca - Path: Assets/Assets/Prototype 1/Tutorial/Course Library/Materials/PolygonPrototype_Texture_Grid_Glass_01.mat - Importer: ScriptedImporter/UnityEditor.QuickSearchModule:UnityEditor.Search:ASIAI0B' with importer (ScriptedImporter : UnityEditor.QuickSearchModule:UnityEditor.Search:ASIAI0B)
Imported 'GUID: 970401e3cf0ca1b4e8a4c14d30d566ca' -> (Import Result ID: '1043e561cac765cf2e86d8d1eb2b6483') in 0.016 seconds [static and dynamic dependencies]. Details - ImportResultOutputID=b4b3e9ec875d2f43bc65c6e2956e3071 DependenciesID=b5cddc1cfe8de305c2b8b5de5f0f4197 StaticDependenciesID=a09ffd54a6b6f2f5f92960b9e117ca66 
Number of updated asset objects reloaded before import = 0
Number of asset objects unloaded after import = 3
========================================================================
Received Import Request.
  Time of request: 2026-08-09T12:13:15.8502833Z
  Time since last request: 0.0004183 seconds.
  importAddress: GUID: 79459efec17a4d00a321bdcc27bbc385 - Path: Assets/TextMesh Pro/Resources/Fonts & Materials/LiberationSans SDF - Outline.mat - Importer: ScriptedImporter/UnityEditor.QuickSearchModule:UnityEditor.Search:ASIAI0B
Importing 'GUID: 79459efec17a4d00a321bdcc27bbc385 - Path: Assets/TextMesh Pro/Resources/Fonts & Materials/LiberationSans SDF - Outline.mat - Importer: ScriptedImporter/UnityEditor.QuickSearchModule:UnityEditor.Search:ASIAI0B' with importer (ScriptedImporter : UnityEditor.QuickSearchModule:UnityEditor.Search:ASIAI0B)
Imported 'GUID: 79459efec17a4d00a321bdcc27bbc385' -> (Import Result ID: '083f6229d0e7231bf7391fd5e94f63fe') in 0.041 seconds [static and dynamic dependencies]. Details - ImportResultOutputID=bb44ba7af3d2ec05550318d22ebb2de3 DependenciesID=1ea66755179392772f5f52ed6869abe3 StaticDependenciesID=055b5577a34ced43c1aa1fd1c9775d7d 
Number of updated asset objects reloaded before import = 0
Number of asset objects unloaded after import = 3
========================================================================
Received Import Request.
  Time of request: 2026-08-09T12:13:15.9116472Z
  Time since last request: 0.0002607 seconds.
  importAddress: GUID: 363a8f737719f4d2eafb35f885f3706f - Path: Assets/Assets/Prototype 1/Tutorial/Course Library/Sky/SkyDome.prefab - Importer: ScriptedImporter/UnityEditor.QuickSearchModule:UnityEditor.Search:ASIAI0B
Importing 'GUID: 363a8f737719f4d2eafb35f885f3706f - Path: Assets/Assets/Prototype 1/Tutorial/Course Library/Sky/SkyDome.prefab - Importer: ScriptedImporter/UnityEditor.QuickSearchModule:UnityEditor.Search:ASIAI0B' with importer (ScriptedImporter : UnityEditor.QuickSearchModule:UnityEditor.Search:ASIAI0B)
Imported 'GUID: 363a8f737719f4d2eafb35f885f3706f' -> (Import Result ID: '56b7eaaa9c2503f5dc10236a871084ff') in 0.019 seconds [static and dynamic dependencies]. Details - ImportResultOutputID=a3157f533ab238937fdb7d9e3b46a55d DependenciesID=d539da1befbe4bd95476597a4c58ccc7 StaticDependenciesID=52fd9dc5fd18020b554c4a3b5ab77f70 
Number of updated asset objects reloaded before import = 0
Number of asset objects unloaded after import = 27
========================================================================
Received Import Request.
  Time of request: 2026-08-09T12:13:15.9478973Z
  Time since last request: 0.0001417 seconds.
  importAddress: GUID: 7789f4efbb0f45c4780925243375a18e - Path: Assets/Assets/Prototype 1/Tutorial/Course Library/Textures/PolygonPrototype_Texture_Grid_07.png - Importer: ScriptedImporter/UnityEditor.QuickSearchModule:UnityEditor.Search:ASIAI0B
Importing 'GUID: 7789f4efbb0f45c4780925243375a18e - Path: Assets/Assets/Prototype 1/Tutorial/Course Library/Textures/PolygonPrototype_Texture_Grid_07.png - Importer: ScriptedImporter/UnityEditor.QuickSearchModule:UnityEditor.Search:ASIAI0B' with importer (ScriptedImporter : UnityEditor.QuickSearchModule:UnityEditor.Search:ASIAI0B)
Imported 'GUID: 7789f4efbb0f45c4780925243375a18e' -> (Import Result ID: '73c06fad13fa5dadb275f93ec947d1b4') in 0.018 seconds [static and dynamic dependencies]. Details - ImportResultOutputID=6ec3cc443e9edc6cea26c60ccf00d05a DependenciesID=41b624ae4f7ed043c5ce8af0111e5e29 StaticDependenciesID=c4f2157ac45ac9dce36db747aec85043 
Number of updated asset objects reloaded before import = 0
Number of asset objects unloaded after import = 1
========================================================================
Received Import Request.
  Time of request: 2026-08-09T12:13:15.9822488Z
  Time since last request: 0.0004287 seconds.
  importAddress: GUID: 86507321c175292409cc422c5e33d711 - Path: Assets/Assets/Prototype 1/Tutorial/Course Library/Textures/PolygonPrototype_Texture_Grid_03.png - Importer: ScriptedImporter/UnityEditor.QuickSearchModule:UnityEditor.Search:ASIAI0B
Importing 'GUID: 86507321c175292409cc422c5e33d711 - Path: Assets/Assets/Prototype 1/Tutorial/Course Library/Textures/PolygonPrototype_Texture_Grid_03.png - Importer: ScriptedImporter/UnityEditor.QuickSearchModule:UnityEditor.Search:ASIAI0B' with importer (ScriptedImporter : UnityEditor.QuickSearchModule:UnityEditor.Search:ASIAI0B)
Imported 'GUID: 86507321c175292409cc422c5e33d711' -> (Import Result ID: 'd55b725e3caf4b95586fa6665d1b6f32') in 0.021 seconds [static and dynamic dependencies]. Details - ImportResultOutputID=e50126ae3865d90701f251575ef408b3 DependenciesID=9f9f0959c8f615c9e230f096ddde8e7c StaticDependenciesID=1b8cb6e274213603af50ea74a0dbc481 
Number of updated asset objects reloaded before import = 0
Number of asset objects unloaded after import = 1
========================================================================
Received Import Request.
  Time of request: 2026-08-09T12:13:16.0208314Z
  Time since last request: 0.000476 seconds.
  importAddress: GUID: 7839335a130424380bc9acae54c8e140 - Path: Assets/Assets/Prototype 1/Challenge 4/Challenge 4/ReflectionProbe-0.exr - Importer: ScriptedImporter/UnityEditor.QuickSearchModule:UnityEditor.Search:ASIAI0B
Importing 'GUID: 7839335a130424380bc9acae54c8e140 - Path: Assets/Assets/Prototype 1/Challenge 4/Challenge 4/ReflectionProbe-0.exr - Importer: ScriptedImporter/UnityEditor.QuickSearchModule:UnityEditor.Search:ASIAI0B' with importer (ScriptedImporter : UnityEditor.QuickSearchModule:UnityEditor.Search:ASIAI0B)
Imported 'GUID: 7839335a130424380bc9acae54c8e140' -> (Import Result ID: 'cd61cdeca404bebc0c66b488f1d93858') in 0.025 seconds [static and dynamic dependencies]. Details - ImportResultOutputID=edf7f9213ef7624eb8f0dbb2a60b6841 DependenciesID=15d5877bbb06706b0f71ecee7b6c153d StaticDependenciesID=b4c79a6a08c249f2f5f4d67867b76eb7 
Number of updated asset objects reloaded before import = 0
Number of asset objects unloaded after import = 1
========================================================================
Received Import Request.
  Time of request: 2026-08-09T12:13:16.0618916Z
  Time since last request: 0.0015943 seconds.
  importAddress: GUID: bbc54c0e722a346408cd09eef6dc0cd6 - Path: Assets/Assets/Prototype 1/Tutorial/Course Library/Textures/PolygonPrototype_Texture_Grid_06.png - Importer: ScriptedImporter/UnityEditor.QuickSearchModule:UnityEditor.Search:ASIAI0B
Importing 'GUID: bbc54c0e722a346408cd09eef6dc0cd6 - Path: Assets/Assets/Prototype 1/Tutorial/Course Library/Textures/PolygonPrototype_Texture_Grid_06.png - Importer: ScriptedImporter/UnityEditor.QuickSearchModule:UnityEditor.Search:ASIAI0B' with importer (ScriptedImporter : UnityEditor.QuickSearchModule:UnityEditor.Search:ASIAI0B)
Imported 'GUID: bbc54c0e722a346408cd09eef6dc0cd6' -> (Import Result ID: '4cfc063c893695d56a3a2e137b82cfe6') in 0.018 seconds [static and dynamic dependencies]. Details - ImportResultOutputID=f5eb1d4d153002761d1e36695d698ea3 DependenciesID=f06848d53a35e67aad10d559a919e6e4 StaticDependenciesID=c12df31e097c369ab1d18d06f638966e 
Number of updated asset objects reloaded before import = 0
Number of asset objects unloaded after import = 1
========================================================================
Received Import Request.
  Time of request: 2026-08-09T12:13:16.0942839Z
  Time since last request: 0.0003981 seconds.
  importAddress: GUID: 9e06209d219644e1a8caa7a17a982e92 - Path: Assets/Assets/Prototype 1/Challenge 4/_Source_Files/Materials/Grey.mat - Importer: ScriptedImporter/UnityEditor.QuickSearchModule:UnityEditor.Search:ASIAI0B
Importing 'GUID: 9e06209d219644e1a8caa7a17a982e92 - Path: Assets/Assets/Prototype 1/Challenge 4/_Source_Files/Materials/Grey.mat - Importer: ScriptedImporter/UnityEditor.QuickSearchModule:UnityEditor.Search:ASIAI0B' with importer (ScriptedImporter : UnityEditor.QuickSearchModule:UnityEditor.Search:ASIAI0B)
Imported 'GUID: 9e06209d219644e1a8caa7a17a982e92' -> (Import Result ID: 'cdabd4f8a52f9e0ddf4f09deb5f096ad') in 0.011 seconds [static and dynamic dependencies]. Details - ImportResultOutputID=43d361ab04bdaea8ae82aade2cd5b7fb DependenciesID=52fed70a9b48789f9abcf39378ed512a StaticDependenciesID=7a9734d7c4447f6e713570253d08baf7 
Number of updated asset objects reloaded before import = 0
Number of asset objects unloaded after import = 2
========================================================================
Received Import Request.
  Time of request: 2026-08-09T12:13:16.1540534Z
  Time since last request: 0.036276 seconds.
  importAddress: GUID: 8654e43d5b3a28d4f821bc6203abdf26 - Path: Assets/Assets/Prototype 1/Tutorial/Course Library/_Source_Files/FBX/SM_Tile_Cube_FloatingIsland_01.fbx - Importer: ScriptedImporter/UnityEditor.QuickSearchModule:UnityEditor.Search:ASIAI0B
Importing 'GUID: 8654e43d5b3a28d4f821bc6203abdf26 - Path: Assets/Assets/Prototype 1/Tutorial/Course Library/_Source_Files/FBX/SM_Tile_Cube_FloatingIsland_01.fbx - Importer: ScriptedImporter/UnityEditor.QuickSearchModule:UnityEditor.Search:ASIAI0B' with importer (ScriptedImporter : UnityEditor.QuickSearchModule:UnityEditor.Search:ASIAI0B)
Imported 'GUID: 8654e43d5b3a28d4f821bc6203abdf26' -> (Import Result ID: '8c13dced6a20bd331bcd8f4b260bb8f9') in 0.016 seconds [static and dynamic dependencies]. Details - ImportResultOutputID=b4ec0afa1d529919a16b593459303b23 DependenciesID=b6eab42a5fa85230db6d3aa8928971a7 StaticDependenciesID=a0d5def18a08a45a4d4ee0f8dca61d85 
Number of updated asset objects reloaded before import = 0
Number of asset objects unloaded after import = 7
========================================================================
Received Import Request.
  Time of request: 2026-08-09T12:13:16.1813204Z
  Time since last request: 0.0003917 seconds.
  importAddress: GUID: cd97a4f0bfba00a46a4a29156f2a23bd - Path: Assets/Assets/Prototype 1/Tutorial/Course Library/_Source_Files/Materials/FX_Dust.mat - Importer: ScriptedImporter/UnityEditor.QuickSearchModule:UnityEditor.Search:ASIAI0B
Importing 'GUID: cd97a4f0bfba00a46a4a29156f2a23bd - Path: Assets/Assets/Prototype 1/Tutorial/Course Library/_Source_Files/Materials/FX_Dust.mat - Importer: ScriptedImporter/UnityEditor.QuickSearchModule:UnityEditor.Search:ASIAI0B' with importer (ScriptedImporter : UnityEditor.QuickSearchModule:UnityEditor.Search:ASIAI0B)
Imported 'GUID: cd97a4f0bfba00a46a4a29156f2a23bd' -> (Import Result ID: '13daa28faaf2d75a7da0e8669842bc46') in 0.013 seconds [static and dynamic dependencies]. Details - ImportResultOutputID=28cb920e1e2a66226772be249a8292d6 DependenciesID=437f23727ae5de67afe6cebea41952fd StaticDependenciesID=b3b04dfa7016d48624d50476136acf85 
Number of updated asset objects reloaded before import = 0
Number of asset objects unloaded after import = 1
========================================================================
Received Import Request.
  Time of request: 2026-08-09T12:13:16.2083392Z
  Time since last request: 0.0005576 seconds.
  importAddress: GUID: 8878a37eb67ddac4ead51890a31d6a18 - Path: Assets/Assets/Prototype 1/Tutorial/Course Library/_Source_Files/FBX/SM_Tile_Hex_FloatingIsland_01.fbx - Importer: ScriptedImporter/UnityEditor.QuickSearchModule:UnityEditor.Search:ASIAI0B
Importing 'GUID: 8878a37eb67ddac4ead51890a31d6a18 - Path: Assets/Assets/Prototype 1/Tutorial/Course Library/_Source_Files/FBX/SM_Tile_Hex_FloatingIsland_01.fbx - Importer: ScriptedImporter/UnityEditor.QuickSearchModule:UnityEditor.Search:ASIAI0B' with importer (ScriptedImporter : UnityEditor.QuickSearchModule:UnityEditor.Search:ASIAI0B)
Imported 'GUID: 8878a37eb67ddac4ead51890a31d6a18' -> (Import Result ID: '9db8116baa3977de741487ab76fc042c') in 0.023 seconds [static and dynamic dependencies]. Details - ImportResultOutputID=815dbb94e68931be3ab460069beeb733 DependenciesID=11fe30f25a3a5972e81f4e15e94ec119 StaticDependenciesID=d96dc8e327f2fe7b6ce084b52d6f0e0e 
Number of updated asset objects reloaded before import = 0
Number of asset objects unloaded after import = 7
========================================================================
Received Import Request.
  Time of request: 2026-08-09T12:13:16.2440017Z
  Time since last request: 0.0004385 seconds.
  importAddress: GUID: 9b654102de6ae3749a41941671a2cbe7 - Path: Assets/Assets/Prototype 1/Tutorial/Course Library/_Source_Files/Textures/PolygonMinis_Texture_01_Purple.png - Importer: ScriptedImporter/UnityEditor.QuickSearchModule:UnityEditor.Search:ASIAI0B
Importing 'GUID: 9b654102de6ae3749a41941671a2cbe7 - Path: Assets/Assets/Prototype 1/Tutorial/Course Library/_Source_Files/Textures/PolygonMinis_Texture_01_Purple.png - Importer: ScriptedImporter/UnityEditor.QuickSearchModule:UnityEditor.Search:ASIAI0B' with importer (ScriptedImporter : UnityEditor.QuickSearchModule:UnityEditor.Search:ASIAI0B)
Imported 'GUID: 9b654102de6ae3749a41941671a2cbe7' -> (Import Result ID: '506906174e4456f346c645b3dbbe5026') in 0.018 seconds [static and dynamic dependencies]. Details - ImportResultOutputID=ff6b30cf3dfe4b4b87d265c64eb14efc DependenciesID=485821b586406e4a2b36d2d31df0d0a0 StaticDependenciesID=d8d28dc0f238e5b30fdd087ed438f7ac 
Number of updated asset objects reloaded before import = 0
Number of asset objects unloaded after import = 1
========================================================================
Received Import Request.
  Time of request: 2026-08-09T12:13:16.2769745Z
  Time since last request: 0.0005218 seconds.
  importAddress: GUID: f7ec8369cac1a7e4ab36747b35f91c24 - Path: Assets/Assets/Prototype 1/Tutorial/Course Library/_Source_Files/FBX/SM_Icon_Star_01.fbx - Importer: ScriptedImporter/UnityEditor.QuickSearchModule:UnityEditor.Search:ASIAI0B
Importing 'GUID: f7ec8369cac1a7e4ab36747b35f91c24 - Path: Assets/Assets/Prototype 1/Tutorial/Course Library/_Source_Files/FBX/SM_Icon_Star_01.fbx - Importer: ScriptedImporter/UnityEditor.QuickSearchModule:UnityEditor.Search:ASIAI0B' with importer (ScriptedImporter : UnityEditor.QuickSearchModule:UnityEditor.Search:ASIAI0B)
Imported 'GUID: f7ec8369cac1a7e4ab36747b35f91c24' -> (Import Result ID: '3f1eec90d3638ee27ade44f0530a56c5') in 0.018 seconds [static and dynamic dependencies]. Details - ImportResultOutputID=70cd47ccc81a5c592776044e5d278ad5 DependenciesID=dddd6da3e7a6077c4cb9dd3e4dd84112 StaticDependenciesID=d251a6de1423685d05db3b2c0be68ea1 
Number of updated asset objects reloaded before import = 0
Number of asset objects unloaded after import = 7
========================================================================
Received Import Request.
  Time of request: 2026-08-09T12:13:16.3096626Z
  Time since last request: 0.0003989 seconds.
  importAddress: GUID: bbe7d787b124aa64481203efb7463c45 - Path: Assets/Assets/Prototype 1/Tutorial/Course Library/_Source_Files/FBX/SM_Icon_Potion_02.fbx - Importer: ScriptedImporter/UnityEditor.QuickSearchModule:UnityEditor.Search:ASIAI0B
Importing 'GUID: bbe7d787b124aa64481203efb7463c45 - Path: Assets/Assets/Prototype 1/Tutorial/Course Library/_Source_Files/FBX/SM_Icon_Potion_02.fbx - Importer: ScriptedImporter/UnityEditor.QuickSearchModule:UnityEditor.Search:ASIAI0B' with importer (ScriptedImporter : UnityEditor.QuickSearchModule:UnityEditor.Search:ASIAI0B)
Imported 'GUID: bbe7d787b124aa64481203efb7463c45' -> (Import Result ID: '8ceab5b134f62aba34e2c584cef079f8') in 0.019 seconds [static and dynamic dependencies]. Details - ImportResultOutputID=b4ae854553dc252e856fb6bb19a7bfab DependenciesID=0dde1cfaa9dc9448a18172007247469a StaticDependenciesID=201d1b134b638b3c90d4b61c06b2e7b0 
Number of updated asset objects reloaded before import = 0
Number of asset objects unloaded after import = 7
========================================================================
Received Import Request.
  Time of request: 2026-08-09T12:13:16.3434559Z
  Time since last request: 0.0004417 seconds.
  importAddress: GUID: 41680dad0f0243748b4e228f49a2e3c4 - Path: Assets/Assets/Prototype 1/Tutorial/Course Library/_Source_Files/Materials/PolygonPrototype_Texture_01.mat - Importer: ScriptedImporter/UnityEditor.QuickSearchModule:UnityEditor.Search:ASIAI0B
Importing 'GUID: 41680dad0f0243748b4e228f49a2e3c4 - Path: Assets/Assets/Prototype 1/Tutorial/Course Library/_Source_Files/Materials/PolygonPrototype_Texture_01.mat - Importer: ScriptedImporter/UnityEditor.QuickSearchModule:UnityEditor.Search:ASIAI0B' with importer (ScriptedImporter : UnityEditor.QuickSearchModule:UnityEditor.Search:ASIAI0B)
Imported 'GUID: 41680dad0f0243748b4e228f49a2e3c4' -> (Import Result ID: '71509f8075137e160e766925272f085a') in 0.013 seconds [static and dynamic dependencies]. Details - ImportResultOutputID=fe151ce0595925ffdf8c745e09b937ea DependenciesID=e9c2a202453ce0fbb10259ce8e8822f9 StaticDependenciesID=f157e9df8f1425c23ecef388523fe91b 
Number of updated asset objects reloaded before import = 0
Number of asset objects unloaded after import = 3
========================================================================
Received Import Request.
  Time of request: 2026-08-09T12:13:16.3684499Z
  Time since last request: 0.0004544 seconds.
  importAddress: GUID: 2b1600b8b48e3ac4c87e5d81a4153ab7 - Path: Assets/Assets/Prototype 1/Tutorial/Course Library/_Source_Files/FBX/SM_Icon_Balloon_01.fbx - Importer: ScriptedImporter/UnityEditor.QuickSearchModule:UnityEditor.Search:ASIAI0B
Importing 'GUID: 2b1600b8b48e3ac4c87e5d81a4153ab7 - Path: Assets/Assets/Prototype 1/Tutorial/Course Library/_Source_Files/FBX/SM_Icon_Balloon_01.fbx - Importer: ScriptedImporter/UnityEditor.QuickSearchModule:UnityEditor.Search:ASIAI0B' with importer (ScriptedImporter : UnityEditor.QuickSearchModule:UnityEditor.Search:ASIAI0B)
Imported 'GUID: 2b1600b8b48e3ac4c87e5d81a4153ab7' -> (Import Result ID: 'b8f15d7602ad79f6051fdda787a3f4b2') in 0.022 seconds [static and dynamic dependencies]. Details - ImportResultOutputID=a8d334ca70528054ac13336a792aaa21 DependenciesID=cc92e850b99af7eae20009e09aeece13 StaticDependenciesID=9111a9c80a5ba232ff52c1d9b453f414 
Number of updated asset objects reloaded before import = 0
Number of asset objects unloaded after import = 7
========================================================================
Received Import Request.
  Time of request: 2026-08-09T12:13:16.4078803Z
  Time since last request: 0.0005688 seconds.
  importAddress: GUID: 65bf252a1d0243b40a63ee08ad703289 - Path: Assets/Assets/Prototype 1/Tutorial/Course Library/_Source_Files/Textures/PolygonMinis_Texture_01.png - Importer: ScriptedImporter/UnityEditor.QuickSearchModule:UnityEditor.Search:ASIAI0B
Importing 'GUID: 65bf252a1d0243b40a63ee08ad703289 - Path: Assets/Assets/Prototype 1/Tutorial/Course Library/_Source_Files/Textures/PolygonMinis_Texture_01.png - Importer: ScriptedImporter/UnityEditor.QuickSearchModule:UnityEditor.Search:ASIAI0B' with importer (ScriptedImporter : UnityEditor.QuickSearchModule:UnityEditor.Search:ASIAI0B)
Imported 'GUID: 65bf252a1d0243b40a63ee08ad703289' -> (Import Result ID: '2231c4aa63725e9269d6dc442db6dfa9') in 0.011 seconds [static and dynamic dependencies]. Details - ImportResultOutputID=fbabecf310bf756173278059c46aad3c DependenciesID=71147dd6951c248e58dece6dc862484c StaticDependenciesID=e660787705fdef7df10f007083b2513d 
Number of updated asset objects reloaded before import = 0
Number of asset objects unloaded after import = 1
========================================================================
Received Import Request.
  Time of request: 2026-08-09T12:13:16.4343328Z
  Time since last request: 0.0006971 seconds.
  importAddress: GUID: 7bab9ac1487e10c40b9ed77d4c551e04 - Path: Assets/Assets/Prototype 1/Tutorial/Course Library/_Source_Files/Textures/SimpleSky.png - Importer: ScriptedImporter/UnityEditor.QuickSearchModule:UnityEditor.Search:ASIAI0B
Importing 'GUID: 7bab9ac1487e10c40b9ed77d4c551e04 - Path: Assets/Assets/Prototype 1/Tutorial/Course Library/_Source_Files/Textures/SimpleSky.png - Importer: ScriptedImporter/UnityEditor.QuickSearchModule:UnityEditor.Search:ASIAI0B' with importer (ScriptedImporter : UnityEditor.QuickSearchModule:UnityEditor.Search:ASIAI0B)
Imported 'GUID: 7bab9ac1487e10c40b9ed77d4c551e04' -> (Import Result ID: '4170816b155392ab86a350a62fb37e1b') in 0.011 seconds [static and dynamic dependencies]. Details - ImportResultOutputID=79f52e007b4da2dace02ec90a3ccefe0 DependenciesID=35251587b6dfc9cb97bbcafffe78e206 StaticDependenciesID=b5c24cad8949f544e6d5221d4c6876f9 
Number of updated asset objects reloaded before import = 0
Number of asset objects unloaded after import = 1
========================================================================
Received Import Request.
  Time of request: 2026-08-09T12:13:16.458169Z
  Time since last request: 0.0003523 seconds.
  importAddress: GUID: 3e3e7739c37f6df4a9ac958352bdd251 - Path: Assets/Assets/Prototype 1/Tutorial/Course Library/_Source_Files/Textures/SimpleIcons_Texture.png - Importer: ScriptedImporter/UnityEditor.QuickSearchModule:UnityEditor.Search:ASIAI0B
Importing 'GUID: 3e3e7739c37f6df4a9ac958352bdd251 - Path: Assets/Assets/Prototype 1/Tutorial/Course Library/_Source_Files/Textures/SimpleIcons_Texture.png - Importer: ScriptedImporter/UnityEditor.QuickSearchModule:UnityEditor.Search:ASIAI0B' with importer (ScriptedImporter : UnityEditor.QuickSearchModule:UnityEditor.Search:ASIAI0B)
Imported 'GUID: 3e3e7739c37f6df4a9ac958352bdd251' -> (Import Result ID: '48fde56924e91ce2d2d4b2aeada11798') in 0.016 seconds [static and dynamic dependencies]. Details - ImportResultOutputID=8dea2ad76f17259e21f5315e9f267dd0 DependenciesID=784e6053c6c3a5ee43b0f04fa268101c StaticDependenciesID=fc0aa0c380a1f37f3440ad7498ddffa2 
Number of updated asset objects reloaded before import = 0
Number of asset objects unloaded after import = 1
========================================================================
Received Import Request.
  Time of request: 2026-08-09T12:13:16.4888317Z
  Time since last request: 0.0012863 seconds.
  importAddress: GUID: 86cb957541c7c8542a6306ffb82e6833 - Path: Assets/Assets/Prototype 1/Tutorial/Course Library/_Source_Files/Textures/PolygonPrototype_Texture_01.png - Importer: ScriptedImporter/UnityEditor.QuickSearchModule:UnityEditor.Search:ASIAI0B
Importing 'GUID: 86cb957541c7c8542a6306ffb82e6833 - Path: Assets/Assets/Prototype 1/Tutorial/Course Library/_Source_Files/Textures/PolygonPrototype_Texture_01.png - Importer: ScriptedImporter/UnityEditor.QuickSearchModule:UnityEditor.Search:ASIAI0B' with importer (ScriptedImporter : UnityEditor.QuickSearchModule:UnityEditor.Search:ASIAI0B)
Imported 'GUID: 86cb957541c7c8542a6306ffb82e6833' -> (Import Result ID: '86d309cedb83bcc2d438772259a17fd2') in 0.016 seconds [static and dynamic dependencies]. Details - ImportResultOutputID=de951fe4bc415bd3a06eca358732b02c DependenciesID=70db59c125d2ec66048a881c320be537 StaticDependenciesID=7b918800066c0166f71ecd0d8b087294 
Number of updated asset objects reloaded before import = 0
Number of asset objects unloaded after import = 1
========================================================================
Received Import Request.
  Time of request: 2026-08-09T12:15:44.447006Z
  Time since last request: 147.9279085 seconds.
  importAddress: GUID: 052faaac586de48259a63d0c4782560b - Path: Assets/InputSystem_Actions.inputactions - Importer: PreviewImporter
Importing 'GUID: 052faaac586de48259a63d0c4782560b - Path: Assets/InputSystem_Actions.inputactions - Importer: PreviewImporter' with importer (PreviewImporter)
Imported 'GUID: 052faaac586de48259a63d0c4782560b' -> (Import Result ID: '3e50c2db51800bea531305dc24d7c6b5') in 0.004 seconds [static and dynamic dependencies]. Details - ImportResultOutputID=4e6866f0f84aa3519782f1e548f633af DependenciesID=67ae2e81357bfca53e5bfd0ffa6478b5 StaticDependenciesID=7ef29081a1265892f3ed3368384ddd70 
Number of updated asset objects reloaded before import = 0
Number of asset objects unloaded after import = 20
========================================================================
Received Import Request.
  Time of request: 2026-08-09T12:15:48.6479603Z
  Time since last request: 4.1896049 seconds.
  importAddress: GUID: 8e80db6c74ac2b944ba29ba6be8a9d76 - Path: Assets/Scenes - Importer: PreviewImporter
Importing 'GUID: 8e80db6c74ac2b944ba29ba6be8a9d76 - Path: Assets/Scenes - Importer: PreviewImporter' with importer (PreviewImporter)
Imported 'GUID: 8e80db6c74ac2b944ba29ba6be8a9d76' -> (Import Result ID: 'fcec35dc9267a66fb671c0185b98d2f5') in 0.001 seconds [static and dynamic dependencies]. Details - ImportResultOutputID=fd406898684f3603a05894bafd75ee67 DependenciesID=348d5c2b8b440d15335fa24a08fc8563 StaticDependenciesID=1f5dbc7ad24531733249ede1b87c7272 
Number of updated asset objects reloaded before import = 0
Number of asset objects unloaded after import = 0
========================================================================
Received Import Request.
  Time of request: 2026-08-09T12:15:51.4391552Z
  Time since last request: 2.7811183 seconds.
  importAddress: GUID: 9bfb0b924f68f5a478998bbadccd58b6 - Path: Assets/Assets - Importer: PreviewImporter
Importing 'GUID: 9bfb0b924f68f5a478998bbadccd58b6 - Path: Assets/Assets - Importer: PreviewImporter' with importer (PreviewImporter)
Imported 'GUID: 9bfb0b924f68f5a478998bbadccd58b6' -> (Import Result ID: '951831470ae932d5f08bfa714f03f5e7') in 0.001 seconds [static and dynamic dependencies]. Details - ImportResultOutputID=ecfc10aec6040c6becc857aae6779926 DependenciesID=f06e0f92cfcaebb873827b2828dbebf5 StaticDependenciesID=c568b6167108eb9267d52c14e4750af2 
Number of updated asset objects reloaded before import = 0
Number of asset objects unloaded after import = 0
========================================================================
Received Import Request.
  Time of request: 2026-08-09T12:15:53.2217474Z
  Time since last request: 1.7740028 seconds.
  importAddress: GUID: c9c5932018e28aa44bd314371778a5d1 - Path: Assets/Assets/Universal - Importer: PreviewImporter
Importing 'GUID: c9c5932018e28aa44bd314371778a5d1 - Path: Assets/Assets/Universal - Importer: PreviewImporter' with importer (PreviewImporter)
Imported 'GUID: c9c5932018e28aa44bd314371778a5d1' -> (Import Result ID: 'f9b61d76fe64ccf8f291a22c1916a865') in 0.001 seconds [static and dynamic dependencies]. Details - ImportResultOutputID=8cb74e1e43319ec0d43ea88cd874f111 DependenciesID=5058cee3846062aae9ec91ab5d3a5d6f StaticDependenciesID=0e4fa64eca42c8f69f160f7f1e192a83 
Number of updated asset objects reloaded before import = 0
Number of asset objects unloaded after import = 0
========================================================================
Received Import Request.
  Time of request: 2026-08-09T12:15:57.657258Z
  Time since last request: 4.4243764 seconds.
  importAddress: GUID: a74b51cbf9940a7458afb0ce779f9902 - Path: Assets/Assets/Universal/Scripts - Importer: PreviewImporter
Importing 'GUID: a74b51cbf9940a7458afb0ce779f9902 - Path: Assets/Assets/Universal/Scripts - Importer: PreviewImporter' with importer (PreviewImporter)
Imported 'GUID: a74b51cbf9940a7458afb0ce779f9902' -> (Import Result ID: '77480bf4ea4b887b874df4ebce88ada1') in 0.001 seconds [static and dynamic dependencies]. Details - ImportResultOutputID=5c5010b682dae19ec82f69ed94a3dd75 DependenciesID=d3701675d5d418ecd5edc6a5d69e1e5a StaticDependenciesID=96a22e78846c1554c0e069e8d0fd2ac4 
Number of updated asset objects reloaded before import = 0
Number of asset objects unloaded after import = 0
========================================================================
Received Prepare
AcceleratorClientConnectionCallback - disconnected - :0
Unloading 78 Unused Serialized files (Serialized files now loaded: 0)
Unloading 6484 unused Assets / (13.0 MB). Loaded Objects now: 7226.
Memory consumption went from 335.1 MB to 322.1 MB.
Total: 19.528900 ms (FindLiveObjects: 1.014600 ms CreateObjectMapping: 2.908500 ms MarkObjects: 8.748700 ms  DeleteObjects: 6.855800 ms)

Prepare: number of updated asset objects reloaded= 0
========================================================================
Received Import Request.
  Time of request: 2026-08-09T12:16:10.2696202Z
  Time since last request: 12.6033088 seconds.
  importAddress: GUID: 8657db006c23606419ed8c1e3ca05b69 - Path: Assets/Assets/Universal/Scripts/PlayerMovement.cs - Importer: ScriptedImporter/UnityEditor.QuickSearchModule:UnityEditor.Search:ASIAI0B
Importing 'GUID: 8657db006c23606419ed8c1e3ca05b69 - Path: Assets/Assets/Universal/Scripts/PlayerMovement.cs - Importer: ScriptedImporter/UnityEditor.QuickSearchModule:UnityEditor.Search:ASIAI0B' with importer (ScriptedImporter : UnityEditor.QuickSearchModule:UnityEditor.Search:ASIAI0B)
Imported 'GUID: 8657db006c23606419ed8c1e3ca05b69' -> (Import Result ID: 'b39d2281ed5d56e1173cbf745351d08d') in 0.006 seconds [static and dynamic dependencies]. Details - ImportResultOutputID=34d98285d79b0f1d674409295df787cc DependenciesID=8656165f9ccddf0b628ad3a85bbb57ef StaticDependenciesID=53ac3d62c0aa9175f2f65e27cba24a1c 
Number of updated asset objects reloaded before import = 0
Number of asset objects unloaded after import = 0
========================================================================
Received Prepare
AcceleratorClientConnectionCallback - disconnected - :0
[Licensing::Client] Successfully resolved entitlement details
Begin MonoManager ReloadAssembly
Refreshing native plugins compatible for Editor in 2.49 ms, found 4 plugins.
Native extension for WindowsStandalone target not found
Native extension for WebGL target not found
[Package Manager] Failed to launch server process. Reason: Unity was launched with the -noUpm command-line argument
[Package Manager] Unable to send message (not connected to server process).
[Package Manager] Cannot connect to Unity Package Manager local server
[Package Manager] Failed to launch server process. Reason: Unity was launched with the -noUpm command-line argument
[Package Manager] Unable to send message (not connected to server process).
[Package Manager] Cannot connect to Unity Package Manager local server
ScheduleIndexationOnStartup MainProcess:False IndexOnStartup:True
Mono: successfully reloaded assembly
- Finished resetting the current domain, in  0.905 seconds
Domain Reload Profiling: 2018ms
	BeginReloadAssembly (276ms)
		DisableScriptedObjects (7ms)
		CreateAndSetChildDomain (67ms)
	RebuildCommonClasses (11ms)
	RebuildNativeTypeToScriptingClass (20ms)
	initialDomainReloadingComplete (93ms)
	LoadAllAssembliesAndSetupDomain (712ms)
		LoadAssemblies (432ms)
		AnalyzeDomain (268ms)
			TypeCache.Refresh (16ms)
			BuildScriptInfoCaches (242ms)
			ResolveRequiredComponents (9ms)
	FinalizeReload (906ms)
		SetupLoadedEditorAssemblies (0ms)
			BeforeProcessingInitializeOnLoad (107ms)
			ProcessInitializeOnLoadAttributes (323ms)
			ProcessInitializeOnLoadMethodAttributes (134ms)
			AfterProcessingInitializeOnLoad (8ms)
		AwakeInstancesAfterBackupRestoration (17ms)
Unloading 77 Unused Serialized files (Serialized files now loaded: 0)
Unloading 6492 unused Assets / (12.8 MB). Loaded Objects now: 7273.
Memory consumption went from 337.0 MB to 324.2 MB.
Total: 16.246600 ms (FindLiveObjects: 0.833900 ms CreateObjectMapping: 2.848300 ms MarkObjects: 5.365300 ms  DeleteObjects: 7.197800 ms)

Prepare: number of updated asset objects reloaded= 0
========================================================================
Received Import Request.
  Time of request: 2026-08-09T12:17:28.3392498Z
  Time since last request: 78.0537961 seconds.
  importAddress: GUID: a0598332366aded4da6adb89e4190c98 - Path: Assets/Assets/Prototype 3/Scripts - Importer: PreviewImporter
Importing 'GUID: a0598332366aded4da6adb89e4190c98 - Path: Assets/Assets/Prototype 3/Scripts - Importer: PreviewImporter' with importer (PreviewImporter)
Imported 'GUID: a0598332366aded4da6adb89e4190c98' -> (Import Result ID: 'e70d3d13b9180076022aac469c8d0885') in 0.002 seconds [static and dynamic dependencies]. Details - ImportResultOutputID=51fcfb31ea20d5f640b0040bd6c6a9df DependenciesID=a5783eb45ac90b366e2c77edb0cd0a78 StaticDependenciesID=1bc58442e443f64d1a4c0938ac1ff139 
Number of updated asset objects reloaded before import = 0
Number of asset objects unloaded after import = 0
========================================================================
Received Prepare
AcceleratorClientConnectionCallback - disconnected - :0
Refreshing native plugins compatible for Editor in 2.52 ms, found 4 plugins.
Unloading 77 Unused Serialized files (Serialized files now loaded: 0)
Unloading 6482 unused Assets / (14.8 MB). Loaded Objects now: 7274.
Memory consumption went from 337.2 MB to 322.4 MB.
Total: 21.316900 ms (FindLiveObjects: 0.922100 ms CreateObjectMapping: 2.786600 ms MarkObjects: 7.352200 ms  DeleteObjects: 10.254900 ms)

Prepare: number of updated asset objects reloaded= 0
========================================================================
Received Import Request.
  Time of request: 2026-08-09T12:17:35.2294092Z
  Time since last request: 6.8759989 seconds.
  importAddress: GUID: 63122b46394184d4bb8599b347096b5f - Path: Assets/Assets/Prototype 3/Scripts/TimeRewind.cs - Importer: PreviewImporter
Importing 'GUID: 63122b46394184d4bb8599b347096b5f - Path: Assets/Assets/Prototype 3/Scripts/TimeRewind.cs - Importer: PreviewImporter' with importer (PreviewImporter)
Imported 'GUID: 63122b46394184d4bb8599b347096b5f' -> (Import Result ID: 'a948dfccfe9c773a8296c0f910a194b1') in 0.001 seconds [static and dynamic dependencies]. Details - ImportResultOutputID=dfb32f671f046fb567a26bd8f1514a5c DependenciesID=a1440e9e394f5b2c80893cfea4d558bf StaticDependenciesID=8ed31ebb8ff3274ef312bde9604df9e8 
Number of updated asset objects reloaded before import = 0
Number of asset objects unloaded after import = 0
========================================================================
Received Import Request.
  Time of request: 2026-08-09T12:17:35.5766444Z
  Time since last request: 0.3340597 seconds.
  importAddress: GUID: 63122b46394184d4bb8599b347096b5f - Path: Assets/Assets/Prototype 3/Scripts/TimeRewind.cs - Importer: ScriptedImporter/UnityEditor.QuickSearchModule:UnityEditor.Search:ASIAI0B
Importing 'GUID: 63122b46394184d4bb8599b347096b5f - Path: Assets/Assets/Prototype 3/Scripts/TimeRewind.cs - Importer: ScriptedImporter/UnityEditor.QuickSearchModule:UnityEditor.Search:ASIAI0B' with importer (ScriptedImporter : UnityEditor.QuickSearchModule:UnityEditor.Search:ASIAI0B)
Imported 'GUID: 63122b46394184d4bb8599b347096b5f' -> (Import Result ID: '491e0c758ef0844bfb449bcb2d63e7ad') in 0.086 seconds [static and dynamic dependencies]. Details - ImportResultOutputID=411deca1c4e8ac281cbada4dde5e8c3d DependenciesID=dc286ee0e2deda8b1024c0b3b3db6b86 StaticDependenciesID=dd25b9ab6b7df6b49867e26eda3f62b4 
Number of updated asset objects reloaded before import = 0
Number of asset objects unloaded after import = 0
========================================================================
Received Prepare
AcceleratorClientConnectionCallback - disconnected - :0
[Licensing::Client] Successfully resolved entitlement details
Begin MonoManager ReloadAssembly
Native extension for WindowsStandalone target not found
Native extension for WebGL target not found
[Package Manager] Failed to launch server process. Reason: Unity was launched with the -noUpm command-line argument
[Package Manager] Unable to send message (not connected to server process).
[Package Manager] Cannot connect to Unity Package Manager local server
[Package Manager] Failed to launch server process. Reason: Unity was launched with the -noUpm command-line argument
[Package Manager] Unable to send message (not connected to server process).
[Package Manager] Cannot connect to Unity Package Manager local server
ScheduleIndexationOnStartup MainProcess:False IndexOnStartup:True
Mono: successfully reloaded assembly
- Finished resetting the current domain, in  0.910 seconds
Domain Reload Profiling: 2045ms
	BeginReloadAssembly (290ms)
		DisableScriptedObjects (11ms)
		CreateAndSetChildDomain (63ms)
	RebuildCommonClasses (14ms)
	RebuildNativeTypeToScriptingClass (21ms)
	initialDomainReloadingComplete (90ms)
	LoadAllAssembliesAndSetupDomain (720ms)
		LoadAssemblies (434ms)
		AnalyzeDomain (278ms)
			TypeCache.Refresh (17ms)
			BuildScriptInfoCaches (250ms)
			ResolveRequiredComponents (9ms)
	FinalizeReload (911ms)
		SetupLoadedEditorAssemblies (0ms)
			InitializePlatformSupportModulesInManaged (3ms)
			BeforeProcessingInitializeOnLoad (117ms)
			ProcessInitializeOnLoadAttributes (358ms)
			ProcessInitializeOnLoadMethodAttributes (132ms)
			AfterProcessingInitializeOnLoad (7ms)
		AwakeInstancesAfterBackupRestoration (21ms)
Unloading 77 Unused Serialized files (Serialized files now loaded: 0)
Unloading 6493 unused Assets / (13.0 MB). Loaded Objects now: 7277.
Memory consumption went from 338.3 MB to 325.3 MB.
Total: 16.163600 ms (FindLiveObjects: 1.032200 ms CreateObjectMapping: 2.858600 ms MarkObjects: 5.371900 ms  DeleteObjects: 6.899900 ms)

Prepare: number of updated asset objects reloaded= 0
========================================================================
Received Import Request.
  Time of request: 2026-08-09T12:17:44.3438603Z
  Time since last request: 8.6724495 seconds.
  importAddress: GUID: 63122b46394184d4bb8599b347096b5f - Path: Assets/Assets/Prototype 3/Scripts/TimeRewind.cs - Importer: PreviewImporter
Importing 'GUID: 63122b46394184d4bb8599b347096b5f - Path: Assets/Assets/Prototype 3/Scripts/TimeRewind.cs - Importer: PreviewImporter' with importer (PreviewImporter)
Imported 'GUID: 63122b46394184d4bb8599b347096b5f' -> (Import Result ID: 'f4b27e996827ed79020704b4bd083f10') in 0.001 seconds [static and dynamic dependencies]. Details - ImportResultOutputID=dfb32f671f046fb567a26bd8f1514a5c DependenciesID=9fd3dd0a2415b0fbba2752ad8728832b StaticDependenciesID=8ed31ebb8ff3274ef312bde9604df9e8 
Number of updated asset objects reloaded before import = 0
Number of asset objects unloaded after import = 0
========================================================================
Received Prepare
AcceleratorClientConnectionCallback - disconnected - :0
Unloading 77 Unused Serialized files (Serialized files now loaded: 0)
Unloading 6482 unused Assets / (13.2 MB). Loaded Objects now: 7277.
Memory consumption went from 338.5 MB to 325.3 MB.
Total: 20.566200 ms (FindLiveObjects: 1.676700 ms CreateObjectMapping: 3.097400 ms MarkObjects: 6.098000 ms  DeleteObjects: 9.693100 ms)

Prepare: number of updated asset objects reloaded= 0
========================================================================
Received Import Request.
  Time of request: 2026-08-09T12:18:14.011497Z
  Time since last request: 29.656305 seconds.
  importAddress: GUID: 63122b46394184d4bb8599b347096b5f - Path: Assets/Assets/Prototype 3/Scripts/TimeRewind.cs - Importer: PreviewImporter
Importing 'GUID: 63122b46394184d4bb8599b347096b5f - Path: Assets/Assets/Prototype 3/Scripts/TimeRewind.cs - Importer: PreviewImporter' with importer (PreviewImporter)
Imported 'GUID: 63122b46394184d4bb8599b347096b5f' -> (Import Result ID: '3ac9c7431acfa0841af92a2ecbfb7172') in 0.001 seconds [static and dynamic dependencies]. Details - ImportResultOutputID=dfb32f671f046fb567a26bd8f1514a5c DependenciesID=debee494e3ca11b6d7b1ca695ce56ebb StaticDependenciesID=d25f4a37ceaa45ae08097820ead9ae37 
Number of updated asset objects reloaded before import = 0
Number of asset objects unloaded after import = 0
========================================================================
Received Prepare
AcceleratorClientConnectionCallback - disconnected - :0
Begin MonoManager ReloadAssembly
Native extension for WindowsStandalone target not found
Native extension for WebGL target not found
[Package Manager] Failed to launch server process. Reason: Unity was launched with the -noUpm command-line argument
[Package Manager] Unable to send message (not connected to server process).
[Package Manager] Cannot connect to Unity Package Manager local server
[Package Manager] Failed to launch server process. Reason: Unity was launched with the -noUpm command-line argument
[Package Manager] Unable to send message (not connected to server process).
[Package Manager] Cannot connect to Unity Package Manager local server
ScheduleIndexationOnStartup MainProcess:False IndexOnStartup:True
Mono: successfully reloaded assembly
- Finished resetting the current domain, in  0.875 seconds
Domain Reload Profiling: 2023ms
	BeginReloadAssembly (286ms)
		DisableScriptedObjects (10ms)
		CreateAndSetChildDomain (62ms)
	RebuildCommonClasses (11ms)
	RebuildNativeTypeToScriptingClass (24ms)
	initialDomainReloadingComplete (83ms)
	LoadAllAssembliesAndSetupDomain (742ms)
		LoadAssemblies (460ms)
		AnalyzeDomain (271ms)
			TypeCache.Refresh (14ms)
			BuildScriptInfoCaches (245ms)
			ResolveRequiredComponents (9ms)
	FinalizeReload (876ms)
		SetupLoadedEditorAssemblies (0ms)
			InitializePlatformSupportModulesInManaged (3ms)
			BeforeProcessingInitializeOnLoad (114ms)
			ProcessInitializeOnLoadAttributes (322ms)
			ProcessInitializeOnLoadMethodAttributes (141ms)
			AfterProcessingInitializeOnLoad (8ms)
		AwakeInstancesAfterBackupRestoration (22ms)
Unloading 77 Unused Serialized files (Serialized files now loaded: 0)
Unloading 6493 unused Assets / (13.1 MB). Loaded Objects now: 7280.
Memory consumption went from 338.4 MB to 325.4 MB.
Total: 15.919300 ms (FindLiveObjects: 0.846900 ms CreateObjectMapping: 2.675000 ms MarkObjects: 4.916500 ms  DeleteObjects: 7.480100 ms)

Prepare: number of updated asset objects reloaded= 0
========================================================================
Received Prepare
AcceleratorClientConnectionCallback - disconnected - :0
Refreshing native plugins compatible for Editor in 2.23 ms, found 4 plugins.
Unloading 77 Unused Serialized files (Serialized files now loaded: 0)
Unloading 6482 unused Assets / (12.8 MB). Loaded Objects now: 7280.
Memory consumption went from 338.7 MB to 325.9 MB.
Total: 19.505700 ms (FindLiveObjects: 1.243100 ms CreateObjectMapping: 3.040000 ms MarkObjects: 8.213800 ms  DeleteObjects: 7.007300 ms)

Prepare: number of updated asset objects reloaded= 0
========================================================================
Received Prepare
AcceleratorClientConnectionCallback - disconnected - :0
[Licensing::Client] Successfully resolved entitlement details
Begin MonoManager ReloadAssembly
Native extension for WindowsStandalone target not found
Native extension for WebGL target not found
[Package Manager] Failed to launch server process. Reason: Unity was launched with the -noUpm command-line argument
[Package Manager] Unable to send message (not connected to server process).
[Package Manager] Cannot connect to Unity Package Manager local server
[Package Manager] Failed to launch server process. Reason: Unity was launched with the -noUpm command-line argument
[Package Manager] Unable to send message (not connected to server process).
[Package Manager] Cannot connect to Unity Package Manager local server
ScheduleIndexationOnStartup MainProcess:False IndexOnStartup:True
Mono: successfully reloaded assembly
- Finished resetting the current domain, in  0.879 seconds
Domain Reload Profiling: 1972ms
	BeginReloadAssembly (269ms)
		DisableScriptedObjects (9ms)
		CreateAndSetChildDomain (53ms)
	RebuildCommonClasses (10ms)
	RebuildNativeTypeToScriptingClass (21ms)
	initialDomainReloadingComplete (86ms)
	LoadAllAssembliesAndSetupDomain (707ms)
		LoadAssemblies (422ms)
		AnalyzeDomain (278ms)
			TypeCache.Refresh (16ms)
			BuildScriptInfoCaches (251ms)
			ResolveRequiredComponents (9ms)
	FinalizeReload (880ms)
		SetupLoadedEditorAssemblies (0ms)
			InitializePlatformSupportModulesInManaged (3ms)
			BeforeProcessingInitializeOnLoad (119ms)
			ProcessInitializeOnLoadAttributes (325ms)
			ProcessInitializeOnLoadMethodAttributes (137ms)
			AfterProcessingInitializeOnLoad (8ms)
		AwakeInstancesAfterBackupRestoration (22ms)
Unloading 77 Unused Serialized files (Serialized files now loaded: 0)
Unloading 6493 unused Assets / (13.7 MB). Loaded Objects now: 7283.
Memory consumption went from 338.7 MB to 325.0 MB.
Total: 20.240800 ms (FindLiveObjects: 0.849000 ms CreateObjectMapping: 2.757000 ms MarkObjects: 5.459200 ms  DeleteObjects: 11.174400 ms)

Prepare: number of updated asset objects reloaded= 0
========================================================================
Received Prepare
AcceleratorClientConnectionCallback - disconnected - :0
Begin MonoManager ReloadAssembly
Native extension for WindowsStandalone target not found
Native extension for WebGL target not found
[Package Manager] Failed to launch server process. Reason: Unity was launched with the -noUpm command-line argument
[Package Manager] Unable to send message (not connected to server process).
[Package Manager] Cannot connect to Unity Package Manager local server
[Package Manager] Failed to launch server process. Reason: Unity was launched with the -noUpm command-line argument
[Package Manager] Unable to send message (not connected to server process).
[Package Manager] Cannot connect to Unity Package Manager local server
ScheduleIndexationOnStartup MainProcess:False IndexOnStartup:True
Mono: successfully reloaded assembly
- Finished resetting the current domain, in  0.878 seconds
Domain Reload Profiling: 1733ms
	BeginReloadAssembly (279ms)
		DisableScriptedObjects (9ms)
		CreateAndSetChildDomain (55ms)
	RebuildCommonClasses (12ms)
	RebuildNativeTypeToScriptingClass (21ms)
	initialDomainReloadingComplete (82ms)
	LoadAllAssembliesAndSetupDomain (459ms)
		LoadAssemblies (431ms)
		AnalyzeDomain (27ms)
			TypeCache.Refresh (12ms)
			ResolveRequiredComponents (10ms)
	FinalizeReload (880ms)
		SetupLoadedEditorAssemblies (0ms)
			InitializePlatformSupportModulesInManaged (3ms)
			BeforeProcessingInitializeOnLoad (112ms)
			ProcessInitializeOnLoadAttributes (337ms)
			ProcessInitializeOnLoadMethodAttributes (146ms)
			AfterProcessingInitializeOnLoad (8ms)
		AwakeInstancesAfterBackupRestoration (27ms)
Refreshing native plugins compatible for Editor in 2.44 ms, found 4 plugins.
Unloading 77 Unused Serialized files (Serialized files now loaded: 0)
Unloading 6493 unused Assets / (13.0 MB). Loaded Objects now: 7286.
Memory consumption went from 338.6 MB to 325.7 MB.
Total: 20.439300 ms (FindLiveObjects: 0.988600 ms CreateObjectMapping: 3.461000 ms MarkObjects: 6.030400 ms  DeleteObjects: 9.958300 ms)

Prepare: number of updated asset objects reloaded= 0
========================================================================
Received Prepare
AcceleratorClientConnectionCallback - disconnected - :0
Unloading 77 Unused Serialized files (Serialized files now loaded: 0)
Unloading 6482 unused Assets / (12.5 MB). Loaded Objects now: 7286.
Memory consumption went from 338.9 MB to 326.3 MB.
Total: 16.609000 ms (FindLiveObjects: 0.936400 ms CreateObjectMapping: 2.859600 ms MarkObjects: 5.938500 ms  DeleteObjects: 6.873400 ms)

Prepare: number of updated asset objects reloaded= 0
========================================================================
Received Prepare
AcceleratorClientConnectionCallback - disconnected - :0
[Licensing::Client] Successfully resolved entitlement details
Begin MonoManager ReloadAssembly
Native extension for WindowsStandalone target not found
Native extension for WebGL target not found
[Package Manager] Failed to launch server process. Reason: Unity was launched with the -noUpm command-line argument
[Package Manager] Unable to send message (not connected to server process).
[Package Manager] Cannot connect to Unity Package Manager local server
[Package Manager] Failed to launch server process. Reason: Unity was launched with the -noUpm command-line argument
[Package Manager] Unable to send message (not connected to server process).
[Package Manager] Cannot connect to Unity Package Manager local server
ScheduleIndexationOnStartup MainProcess:False IndexOnStartup:True
Mono: successfully reloaded assembly
- Finished resetting the current domain, in  0.810 seconds
Domain Reload Profiling: 2213ms
	BeginReloadAssembly (283ms)
		DisableScriptedObjects (14ms)
		CreateAndSetChildDomain (55ms)
	RebuildCommonClasses (11ms)
	RebuildNativeTypeToScriptingClass (21ms)
	initialDomainReloadingComplete (78ms)
	LoadAllAssembliesAndSetupDomain (1007ms)
		LoadAssemblies (737ms)
		AnalyzeDomain (263ms)
			TypeCache.Refresh (12ms)
			BuildScriptInfoCaches (239ms)
			ResolveRequiredComponents (9ms)
	FinalizeReload (812ms)
		SetupLoadedEditorAssemblies (0ms)
			BeforeProcessingInitializeOnLoad (107ms)
			ProcessInitializeOnLoadAttributes (306ms)
			ProcessInitializeOnLoadMethodAttributes (132ms)
			AfterProcessingInitializeOnLoad (7ms)
		AwakeInstancesAfterBackupRestoration (21ms)
Unloading 77 Unused Serialized files (Serialized files now loaded: 0)
Unloading 6493 unused Assets / (12.1 MB). Loaded Objects now: 7289.
Memory consumption went from 339.1 MB to 326.9 MB.
Total: 14.468700 ms (FindLiveObjects: 0.834400 ms CreateObjectMapping: 2.518700 ms MarkObjects: 5.101700 ms  DeleteObjects: 6.013100 ms)

Prepare: number of updated asset objects reloaded= 0
========================================================================
Received Prepare
AcceleratorClientConnectionCallback - disconnected - :0
Begin MonoManager ReloadAssembly
Native extension for WindowsStandalone target not found
Native extension for WebGL target not found
[Package Manager] Failed to launch server process. Reason: Unity was launched with the -noUpm command-line argument
[Package Manager] Unable to send message (not connected to server process).
[Package Manager] Cannot connect to Unity Package Manager local server
[Package Manager] Failed to launch server process. Reason: Unity was launched with the -noUpm command-line argument
[Package Manager] Unable to send message (not connected to server process).
[Package Manager] Cannot connect to Unity Package Manager local server
ScheduleIndexationOnStartup MainProcess:False IndexOnStartup:True
Mono: successfully reloaded assembly
- Finished resetting the current domain, in  0.932 seconds
Domain Reload Profiling: 1833ms
	BeginReloadAssembly (286ms)
		DisableScriptedObjects (8ms)
		CreateAndSetChildDomain (62ms)
	RebuildCommonClasses (12ms)
	RebuildNativeTypeToScriptingClass (34ms)
	initialDomainReloadingComplete (93ms)
	LoadAllAssembliesAndSetupDomain (476ms)
		LoadAssemblies (451ms)
		AnalyzeDomain (27ms)
			TypeCache.Refresh (12ms)
			ResolveRequiredComponents (10ms)
	FinalizeReload (934ms)
		SetupLoadedEditorAssemblies (0ms)
			InitializePlatformSupportModulesInManaged (3ms)
			BeforeProcessingInitializeOnLoad (112ms)
			ProcessInitializeOnLoadAttributes (369ms)
			ProcessInitializeOnLoadMethodAttributes (167ms)
			AfterProcessingInitializeOnLoad (8ms)
		AwakeInstancesAfterBackupRestoration (30ms)
Refreshing native plugins compatible for Editor in 3.33 ms, found 4 plugins.
Unloading 77 Unused Serialized files (Serialized files now loaded: 0)
Unloading 6493 unused Assets / (12.5 MB). Loaded Objects now: 7292.
Memory consumption went from 339.2 MB to 326.6 MB.
Total: 24.211800 ms (FindLiveObjects: 1.255900 ms CreateObjectMapping: 3.768800 ms MarkObjects: 8.960800 ms  DeleteObjects: 10.223500 ms)

Prepare: number of updated asset objects reloaded= 0
========================================================================
Received Prepare
AcceleratorClientConnectionCallback - disconnected - :0
Unloading 77 Unused Serialized files (Serialized files now loaded: 0)
Unloading 6482 unused Assets / (12.7 MB). Loaded Objects now: 7292.
Memory consumption went from 339.4 MB to 326.7 MB.
Total: 17.461700 ms (FindLiveObjects: 0.975400 ms CreateObjectMapping: 2.882400 ms MarkObjects: 6.627800 ms  DeleteObjects: 6.974700 ms)

Prepare: number of updated asset objects reloaded= 0
========================================================================
Received Prepare
AcceleratorClientConnectionCallback - disconnected - :0
[Licensing::Client] Successfully resolved entitlement details
Begin MonoManager ReloadAssembly
Native extension for WindowsStandalone target not found
Native extension for WebGL target not found
[Package Manager] Failed to launch server process. Reason: Unity was launched with the -noUpm command-line argument
[Package Manager] Unable to send message (not connected to server process).
[Package Manager] Cannot connect to Unity Package Manager local server
[Package Manager] Failed to launch server process. Reason: Unity was launched with the -noUpm command-line argument
[Package Manager] Unable to send message (not connected to server process).
[Package Manager] Cannot connect to Unity Package Manager local server
ScheduleIndexationOnStartup MainProcess:False IndexOnStartup:True
Mono: successfully reloaded assembly
- Finished resetting the current domain, in  0.895 seconds
Domain Reload Profiling: 3949ms
	BeginReloadAssembly (460ms)
		DisableScriptedObjects (7ms)
		CreateAndSetChildDomain (57ms)
	RebuildCommonClasses (11ms)
	RebuildNativeTypeToScriptingClass (131ms)
	initialDomainReloadingComplete (88ms)
	LoadAllAssembliesAndSetupDomain (2364ms)
		LoadAssemblies (2150ms)
		AnalyzeDomain (377ms)
			TypeCache.Refresh (17ms)
			BuildScriptInfoCaches (345ms)
			ResolveRequiredComponents (11ms)
	FinalizeReload (896ms)
		SetupLoadedEditorAssemblies (0ms)
			InitializePlatformSupportModulesInManaged (3ms)
			BeforeProcessingInitializeOnLoad (110ms)
			ProcessInitializeOnLoadAttributes (366ms)
			ProcessInitializeOnLoadMethodAttributes (142ms)
			AfterProcessingInitializeOnLoad (9ms)
		AwakeInstancesAfterBackupRestoration (32ms)
Unloading 77 Unused Serialized files (Serialized files now loaded: 0)
Unloading 6493 unused Assets / (14.1 MB). Loaded Objects now: 7295.
Memory consumption went from 341.6 MB to 327.4 MB.
Total: 23.191900 ms (FindLiveObjects: 1.296100 ms CreateObjectMapping: 3.133000 ms MarkObjects: 6.613400 ms  DeleteObjects: 12.148300 ms)

Prepare: number of updated asset objects reloaded= 0
========================================================================
Received Prepare
AcceleratorClientConnectionCallback - disconnected - :0
Begin MonoManager ReloadAssembly
Refreshing native plugins compatible for Editor in 2.67 ms, found 4 plugins.
Native extension for WindowsStandalone target not found
Native extension for WebGL target not found
[Package Manager] Failed to launch server process. Reason: Unity was launched with the -noUpm command-line argument
[Package Manager] Unable to send message (not connected to server process).
[Package Manager] Cannot connect to Unity Package Manager local server
[Package Manager] Failed to launch server process. Reason: Unity was launched with the -noUpm command-line argument
[Package Manager] Unable to send message (not connected to server process).
[Package Manager] Cannot connect to Unity Package Manager local server
ScheduleIndexationOnStartup MainProcess:False IndexOnStartup:True
Mono: successfully reloaded assembly
- Finished resetting the current domain, in  0.946 seconds
Domain Reload Profiling: 1827ms
	BeginReloadAssembly (281ms)
		DisableScriptedObjects (9ms)
		CreateAndSetChildDomain (55ms)
	RebuildCommonClasses (11ms)
	RebuildNativeTypeToScriptingClass (22ms)
	initialDomainReloadingComplete (82ms)
	LoadAllAssembliesAndSetupDomain (483ms)
		LoadAssemblies (435ms)
		AnalyzeDomain (43ms)
			TypeCache.Refresh (13ms)
			ResolveRequiredComponents (24ms)
	FinalizeReload (948ms)
		SetupLoadedEditorAssemblies (0ms)
			InitializePlatformSupportModulesInManaged (3ms)
			BeforeProcessingInitializeOnLoad (115ms)
			ProcessInitializeOnLoadAttributes (363ms)
			ProcessInitializeOnLoadMethodAttributes (168ms)
			AfterProcessingInitializeOnLoad (9ms)
		AwakeInstancesAfterBackupRestoration (26ms)
Refreshing native plugins compatible for Editor in 2.62 ms, found 4 plugins.
Unloading 77 Unused Serialized files (Serialized files now loaded: 0)
Unloading 6493 unused Assets / (13.6 MB). Loaded Objects now: 7298.
Memory consumption went from 341.9 MB to 328.3 MB.
Total: 29.909000 ms (FindLiveObjects: 1.906500 ms CreateObjectMapping: 4.432500 ms MarkObjects: 9.897200 ms  DeleteObjects: 13.670900 ms)

Prepare: number of updated asset objects reloaded= 0
========================================================================
Received Import Request.
  Time of request: 2026-08-09T12:42:38.7195617Z
  Time since last request: 1464.69497720000004 seconds.
  importAddress: GUID: 1302fc884673d6542a12f00da88c0cd2 - Path: Assets/Assets/Prototype 3 - Importer: PreviewImporter
Importing 'GUID: 1302fc884673d6542a12f00da88c0cd2 - Path: Assets/Assets/Prototype 3 - Importer: PreviewImporter' with importer (PreviewImporter)
Imported 'GUID: 1302fc884673d6542a12f00da88c0cd2' -> (Import Result ID: '48a5208a7d0b2f35569a6bbabec6932c') in 0.002 seconds [static and dynamic dependencies]. Details - ImportResultOutputID=94ecce4931cd018c471cd45ddf4b292c DependenciesID=384ce3ff9b912ef905005a24a6057da6 StaticDependenciesID=920140f37e56293cd46aa7b8b63ccf47 
Number of updated asset objects reloaded before import = 0
Number of asset objects unloaded after import = 0
========================================================================
Received Import Request.
  Time of request: 2026-08-09T12:42:39.9448174Z
  Time since last request: 1.2101766 seconds.
  importAddress: GUID: 63122b46394184d4bb8599b347096b5f - Path: Assets/Assets/Prototype 3/Scripts/TimeRewind.cs - Importer: ScriptedImporter/UnityEditor.QuickSearchModule:UnityEditor.Search:ASIAI0B
Importing 'GUID: 63122b46394184d4bb8599b347096b5f - Path: Assets/Assets/Prototype 3/Scripts/TimeRewind.cs - Importer: ScriptedImporter/UnityEditor.QuickSearchModule:UnityEditor.Search:ASIAI0B' with importer (ScriptedImporter : UnityEditor.QuickSearchModule:UnityEditor.Search:ASIAI0B)
Imported 'GUID: 63122b46394184d4bb8599b347096b5f' -> (Import Result ID: 'b9301e22d56a9dec65e20368802775a2') in 0.081 seconds [static and dynamic dependencies]. Details - ImportResultOutputID=008755b1f78d63e1d933f95caa854543 DependenciesID=586999fd53b921a2e76250df40c588dc StaticDependenciesID=89daa4e580e7cfc1c04bd709f39896f2 
Number of updated asset objects reloaded before import = 0
Number of asset objects unloaded after import = 0
========================================================================
Received Prepare
AcceleratorClientConnectionCallback - disconnected - :0
Unloading 77 Unused Serialized files (Serialized files now loaded: 0)
Unloading 78 unused Assets / (6.4 MB). Loaded Objects now: 7298.
Memory consumption went from 336.8 MB to 330.4 MB.
Total: 11.066900 ms (FindLiveObjects: 0.744700 ms CreateObjectMapping: 1.315000 ms MarkObjects: 5.878100 ms  DeleteObjects: 3.127200 ms)

Prepare: number of updated asset objects reloaded= 0
========================================================================
Received Import Request.
  Time of request: 2026-08-09T12:42:48.5379375Z
  Time since last request: 8.5015768 seconds.
  importAddress: GUID: 72b50fd6daba80147a2ce955d4df4949 - Path: Assets/Assets/Prototype 3/Black.png - Importer: PreviewImporter
Importing 'GUID: 72b50fd6daba80147a2ce955d4df4949 - Path: Assets/Assets/Prototype 3/Black.png - Importer: PreviewImporter' with importer (PreviewImporter)
Imported 'GUID: 72b50fd6daba80147a2ce955d4df4949' -> (Import Result ID: '0ec8183ce953646c1483ed7c7ed881b4') in 0.066 seconds [static and dynamic dependencies]. Details - ImportResultOutputID=a3cdd13cb50b0ff4e7bc9806f8506adc DependenciesID=ef3d8397cd912601dcc77327f5c90949 StaticDependenciesID=2e35d6b88144ddcfd392d7de32035192 
Number of updated asset objects reloaded before import = 0
Number of asset objects unloaded after import = 2
========================================================================
Received Import Request.
  Time of request: 2026-08-09T12:42:49.3839291Z
  Time since last request: 0.7702486 seconds.
  importAddress: GUID: 72b50fd6daba80147a2ce955d4df4949 - Path: Assets/Assets/Prototype 3/Black.png - Importer: ScriptedImporter/UnityEditor.QuickSearchModule:UnityEditor.Search:ASIAI0B
Importing 'GUID: 72b50fd6daba80147a2ce955d4df4949 - Path: Assets/Assets/Prototype 3/Black.png - Importer: ScriptedImporter/UnityEditor.QuickSearchModule:UnityEditor.Search:ASIAI0B' with importer (ScriptedImporter : UnityEditor.QuickSearchModule:UnityEditor.Search:ASIAI0B)
Imported 'GUID: 72b50fd6daba80147a2ce955d4df4949' -> (Import Result ID: 'd6a6443947fff57d7fb51e85ed4ee89c') in 0.050 seconds [static and dynamic dependencies]. Details - ImportResultOutputID=eb8f0c1d0348da00e2e8be2b0f5970a5 DependenciesID=a32a0788118626a12b317b870e9af32a StaticDependenciesID=01232e140b8ccc306253a65a1a8d25bc 
Number of updated asset objects reloaded before import = 0
Number of asset objects unloaded after import = 1
========================================================================
Received Import Request.
  Time of request: 2026-08-09T12:42:57.3739951Z
  Time since last request: 7.9297597 seconds.
  importAddress: GUID: 72b50fd6daba80147a2ce955d4df4949 - Path: Assets/Assets/Prototype 3/Black.png - Importer: PreviewImporter
Importing 'GUID: 72b50fd6daba80147a2ce955d4df4949 - Path: Assets/Assets/Prototype 3/Black.png - Importer: PreviewImporter' with importer (PreviewImporter)
Imported 'GUID: 72b50fd6daba80147a2ce955d4df4949' -> (Import Result ID: '3fe9b061f57e3d5f1a8285bfffb7eabe') in 0.054 seconds [static and dynamic dependencies]. Details - ImportResultOutputID=fcf5405fd08aad45f8994773de37d05e DependenciesID=1d506d5a0e4238a3fe57cbea723d5872 StaticDependenciesID=ff329c168ffed4233a02e2d9cb3a6b26 
Number of updated asset objects reloaded before import = 0
Number of asset objects unloaded after import = 3
========================================================================
Received Import Request.
  Time of request: 2026-08-09T12:42:58.348725Z
  Time since last request: 0.9082203 seconds.
  importAddress: GUID: 72b50fd6daba80147a2ce955d4df4949 - Path: Assets/Assets/Prototype 3/Black.png - Importer: ScriptedImporter/UnityEditor.QuickSearchModule:UnityEditor.Search:ASIAI0B
Importing 'GUID: 72b50fd6daba80147a2ce955d4df4949 - Path: Assets/Assets/Prototype 3/Black.png - Importer: ScriptedImporter/UnityEditor.QuickSearchModule:UnityEditor.Search:ASIAI0B' with importer (ScriptedImporter : UnityEditor.QuickSearchModule:UnityEditor.Search:ASIAI0B)
Imported 'GUID: 72b50fd6daba80147a2ce955d4df4949' -> (Import Result ID: '4aba9327a50cac677d7315ca70d85320') in 0.016 seconds [static and dynamic dependencies]. Details - ImportResultOutputID=03194116ffe7706524a44cd2ed47ac51 DependenciesID=73f3d6d0e461ec32059e9e789026b133 StaticDependenciesID=f36df855c39a57e6fc6bf5efc49abd01 
Number of updated asset objects reloaded before import = 0
Number of asset objects unloaded after import = 3
========================================================================
Received Prepare
AcceleratorClientConnectionCallback - disconnected - :0
Unloading 77 Unused Serialized files (Serialized files now loaded: 0)
Unloading 6483 unused Assets / (12.8 MB). Loaded Objects now: 7304.
Memory consumption went from 342.2 MB to 329.4 MB.
Total: 21.438600 ms (FindLiveObjects: 1.145800 ms CreateObjectMapping: 4.177300 ms MarkObjects: 6.700700 ms  DeleteObjects: 9.413800 ms)

Prepare: number of updated asset objects reloaded= 0
========================================================================
Received Import Request.
  Time of request: 2026-08-09T12:44:33.9090498Z
  Time since last request: 95.5324566 seconds.
  importAddress: GUID: e1170c667dd5b804793665f2647ecf24 - Path: Assets/Assets/Prototype 3/Scripts/Hazard.cs - Importer: PreviewImporter
Importing 'GUID: e1170c667dd5b804793665f2647ecf24 - Path: Assets/Assets/Prototype 3/Scripts/Hazard.cs - Importer: PreviewImporter' with importer (PreviewImporter)
Imported 'GUID: e1170c667dd5b804793665f2647ecf24' -> (Import Result ID: '3a4a04295167ec3180215f5adc7dba14') in 0.001 seconds [static and dynamic dependencies]. Details - ImportResultOutputID=60439c5b2997cbcbf93a52336c805913 DependenciesID=1c94f91e1f92968dc39c77360a202b3b StaticDependenciesID=6456155ac504780eddb2e1eb2cb9affd 
Number of updated asset objects reloaded before import = 0
Number of asset objects unloaded after import = 0
========================================================================
Received Import Request.
  Time of request: 2026-08-09T12:44:34.8307199Z
  Time since last request: 0.9099527 seconds.
  importAddress: GUID: e1170c667dd5b804793665f2647ecf24 - Path: Assets/Assets/Prototype 3/Scripts/Hazard.cs - Importer: ScriptedImporter/UnityEditor.QuickSearchModule:UnityEditor.Search:ASIAI0B
Importing 'GUID: e1170c667dd5b804793665f2647ecf24 - Path: Assets/Assets/Prototype 3/Scripts/Hazard.cs - Importer: ScriptedImporter/UnityEditor.QuickSearchModule:UnityEditor.Search:ASIAI0B' with importer (ScriptedImporter : UnityEditor.QuickSearchModule:UnityEditor.Search:ASIAI0B)
Imported 'GUID: e1170c667dd5b804793665f2647ecf24' -> (Import Result ID: '684f1807366f377322e737b3dda7bfbb') in 0.010 seconds [static and dynamic dependencies]. Details - ImportResultOutputID=fcc1aa04053e0d9381bf0bab66eaa292 DependenciesID=002a1edc505e16ebfa50ceeb687c5055 StaticDependenciesID=3742909cfb57326a98d7614a0ae74ad7 
Number of updated asset objects reloaded before import = 0
Number of asset objects unloaded after import = 0
========================================================================
Received Prepare
AcceleratorClientConnectionCallback - disconnected - :0
[Licensing::Client] Successfully resolved entitlement details
Begin MonoManager ReloadAssembly
Refreshing native plugins compatible for Editor in 2.59 ms, found 4 plugins.
Native extension for WindowsStandalone target not found
Native extension for WebGL target not found
[Package Manager] Failed to launch server process. Reason: Unity was launched with the -noUpm command-line argument
[Package Manager] Unable to send message (not connected to server process).
[Package Manager] Cannot connect to Unity Package Manager local server
[Package Manager] Failed to launch server process. Reason: Unity was launched with the -noUpm command-line argument
[Package Manager] Unable to send message (not connected to server process).
[Package Manager] Cannot connect to Unity Package Manager local server
ScheduleIndexationOnStartup MainProcess:False IndexOnStartup:True
Mono: successfully reloaded assembly
- Finished resetting the current domain, in  1.012 seconds
Domain Reload Profiling: 2189ms
	BeginReloadAssembly (272ms)
		DisableScriptedObjects (7ms)
		CreateAndSetChildDomain (56ms)
	RebuildCommonClasses (17ms)
	RebuildNativeTypeToScriptingClass (21ms)
	initialDomainReloadingComplete (88ms)
	LoadAllAssembliesAndSetupDomain (779ms)
		LoadAssemblies (461ms)
		AnalyzeDomain (302ms)
			TypeCache.Refresh (18ms)
			BuildScriptInfoCaches (269ms)
			ResolveRequiredComponents (12ms)
	FinalizeReload (1013ms)
		SetupLoadedEditorAssemblies (0ms)
			InitializePlatformSupportModulesInManaged (3ms)
			BeforeProcessingInitializeOnLoad (140ms)
			ProcessInitializeOnLoadAttributes (389ms)
			ProcessInitializeOnLoadMethodAttributes (155ms)
			AfterProcessingInitializeOnLoad (8ms)
		AwakeInstancesAfterBackupRestoration (30ms)
Refreshing native plugins compatible for Editor in 2.61 ms, found 4 plugins.
Unloading 77 Unused Serialized files (Serialized files now loaded: 0)
Unloading 6494 unused Assets / (13.1 MB). Loaded Objects now: 7306.
Memory consumption went from 343.7 MB to 330.6 MB.
Total: 21.203600 ms (FindLiveObjects: 1.483800 ms CreateObjectMapping: 3.560700 ms MarkObjects: 7.044800 ms  DeleteObjects: 9.113000 ms)

Prepare: number of updated asset objects reloaded= 0
========================================================================
Received Import Request.
  Time of request: 2026-08-09T12:44:48.4700725Z
  Time since last request: 13.6139523 seconds.
  importAddress: GUID: e1170c667dd5b804793665f2647ecf24 - Path: Assets/Assets/Prototype 3/Scripts/Hazard.cs - Importer: PreviewImporter
Importing 'GUID: e1170c667dd5b804793665f2647ecf24 - Path: Assets/Assets/Prototype 3/Scripts/Hazard.cs - Importer: PreviewImporter' with importer (PreviewImporter)
Imported 'GUID: e1170c667dd5b804793665f2647ecf24' -> (Import Result ID: '7714200aa6599cb062f1413aae5bc8ce') in 0.002 seconds [static and dynamic dependencies]. Details - ImportResultOutputID=60439c5b2997cbcbf93a52336c805913 DependenciesID=ce185acb389a16c6666379944bae245a StaticDependenciesID=6456155ac504780eddb2e1eb2cb9affd 
Number of updated asset objects reloaded before import = 0
Number of asset objects unloaded after import = 0
========================================================================
Received Prepare
AcceleratorClientConnectionCallback - disconnected - :0
Unloading 77 Unused Serialized files (Serialized files now loaded: 0)
Unloading 6483 unused Assets / (12.0 MB). Loaded Objects now: 7306.
Memory consumption went from 343.9 MB to 331.9 MB.
Total: 15.691600 ms (FindLiveObjects: 0.924200 ms CreateObjectMapping: 2.991800 ms MarkObjects: 4.863100 ms  DeleteObjects: 6.911100 ms)

Prepare: number of updated asset objects reloaded= 0
========================================================================
Received Prepare
AcceleratorClientConnectionCallback - disconnected - :0
Begin MonoManager ReloadAssembly
Native extension for WindowsStandalone target not found
Native extension for WebGL target not found
[Package Manager] Failed to launch server process. Reason: Unity was launched with the -noUpm command-line argument
[Package Manager] Unable to send message (not connected to server process).
[Package Manager] Cannot connect to Unity Package Manager local server
[Package Manager] Failed to launch server process. Reason: Unity was launched with the -noUpm command-line argument
[Package Manager] Unable to send message (not connected to server process).
[Package Manager] Cannot connect to Unity Package Manager local server
ScheduleIndexationOnStartup MainProcess:False IndexOnStartup:True
Mono: successfully reloaded assembly
- Finished resetting the current domain, in  0.869 seconds
Domain Reload Profiling: 2062ms
	BeginReloadAssembly (334ms)
		DisableScriptedObjects (12ms)
		CreateAndSetChildDomain (88ms)
	RebuildCommonClasses (11ms)
	RebuildNativeTypeToScriptingClass (22ms)
	initialDomainReloadingComplete (95ms)
	LoadAllAssembliesAndSetupDomain (730ms)
		LoadAssemblies (440ms)
		AnalyzeDomain (288ms)
			TypeCache.Refresh (18ms)
			BuildScriptInfoCaches (258ms)
			ResolveRequiredComponents (9ms)
	FinalizeReload (870ms)
		SetupLoadedEditorAssemblies (0ms)
			InitializePlatformSupportModulesInManaged (3ms)
			BeforeProcessingInitializeOnLoad (121ms)
			ProcessInitializeOnLoadAttributes (331ms)
			ProcessInitializeOnLoadMethodAttributes (143ms)
			AfterProcessingInitializeOnLoad (9ms)
		AwakeInstancesAfterBackupRestoration (28ms)
Unloading 77 Unused Serialized files (Serialized files now loaded: 0)
Unloading 6494 unused Assets / (12.9 MB). Loaded Objects now: 7309.
Memory consumption went from 345.1 MB to 332.2 MB.
Total: 21.367600 ms (FindLiveObjects: 2.213500 ms CreateObjectMapping: 3.130100 ms MarkObjects: 6.409500 ms  DeleteObjects: 9.612500 ms)

Prepare: number of updated asset objects reloaded= 0
========================================================================
Received Prepare
AcceleratorClientConnectionCallback - disconnected - :0
Refreshing native plugins compatible for Editor in 2.76 ms, found 4 plugins.
Unloading 77 Unused Serialized files (Serialized files now loaded: 0)
Unloading 6483 unused Assets / (12.5 MB). Loaded Objects now: 7309.
Memory consumption went from 345.3 MB to 332.8 MB.
Total: 20.073600 ms (FindLiveObjects: 1.285600 ms CreateObjectMapping: 3.159300 ms MarkObjects: 8.985100 ms  DeleteObjects: 6.641100 ms)

Prepare: number of updated asset objects reloaded= 0
========================================================================
Received Prepare
AcceleratorClientConnectionCallback - disconnected - :0
[Licensing::Client] Successfully resolved entitlement details
Begin MonoManager ReloadAssembly
Native extension for WindowsStandalone target not found
Native extension for WebGL target not found
[Package Manager] Failed to launch server process. Reason: Unity was launched with the -noUpm command-line argument
[Package Manager] Unable to send message (not connected to server process).
[Package Manager] Cannot connect to Unity Package Manager local server
[Package Manager] Failed to launch server process. Reason: Unity was launched with the -noUpm command-line argument
[Package Manager] Unable to send message (not connected to server process).
[Package Manager] Cannot connect to Unity Package Manager local server
ScheduleIndexationOnStartup MainProcess:False IndexOnStartup:True
Mono: successfully reloaded assembly
- Finished resetting the current domain, in  0.852 seconds
Domain Reload Profiling: 1987ms
	BeginReloadAssembly (272ms)
		DisableScriptedObjects (8ms)
		CreateAndSetChildDomain (60ms)
	RebuildCommonClasses (11ms)
	RebuildNativeTypeToScriptingClass (22ms)
	initialDomainReloadingComplete (79ms)
	LoadAllAssembliesAndSetupDomain (748ms)
		LoadAssemblies (434ms)
		AnalyzeDomain (299ms)
			TypeCache.Refresh (19ms)
			BuildScriptInfoCaches (268ms)
			ResolveRequiredComponents (9ms)
	FinalizeReload (854ms)
		SetupLoadedEditorAssemblies (0ms)
			InitializePlatformSupportModulesInManaged (3ms)
			BeforeProcessingInitializeOnLoad (118ms)
			ProcessInitializeOnLoadAttributes (301ms)
			ProcessInitializeOnLoadMethodAttributes (128ms)
			AfterProcessingInitializeOnLoad (8ms)
		AwakeInstancesAfterBackupRestoration (21ms)
Unloading 77 Unused Serialized files (Serialized files now loaded: 0)
Unloading 6494 unused Assets / (12.4 MB). Loaded Objects now: 7312.
Memory consumption went from 346.5 MB to 334.1 MB.
Total: 15.371500 ms (FindLiveObjects: 0.898600 ms CreateObjectMapping: 2.652500 ms MarkObjects: 4.833300 ms  DeleteObjects: 6.986500 ms)

Prepare: number of updated asset objects reloaded= 0
========================================================================
Received Prepare
AcceleratorClientConnectionCallback - disconnected - :0
Unloading 77 Unused Serialized files (Serialized files now loaded: 0)
Unloading 6483 unused Assets / (12.4 MB). Loaded Objects now: 7312.
Memory consumption went from 346.7 MB to 334.4 MB.
Total: 18.246900 ms (FindLiveObjects: 0.862900 ms CreateObjectMapping: 2.680100 ms MarkObjects: 7.262900 ms  DeleteObjects: 7.440100 ms)

Prepare: number of updated asset objects reloaded= 0
========================================================================
Received Prepare
AcceleratorClientConnectionCallback - disconnected - :0
Begin MonoManager ReloadAssembly
Native extension for WindowsStandalone target not found
Native extension for WebGL target not found
[Package Manager] Failed to launch server process. Reason: Unity was launched with the -noUpm command-line argument
[Package Manager] Unable to send message (not connected to server process).
[Package Manager] Cannot connect to Unity Package Manager local server
[Package Manager] Failed to launch server process. Reason: Unity was launched with the -noUpm command-line argument
[Package Manager] Unable to send message (not connected to server process).
[Package Manager] Cannot connect to Unity Package Manager local server
ScheduleIndexationOnStartup MainProcess:False IndexOnStartup:True
Mono: successfully reloaded assembly
- Finished resetting the current domain, in  0.831 seconds
Domain Reload Profiling: 2198ms
	BeginReloadAssembly (359ms)
		DisableScriptedObjects (9ms)
		CreateAndSetChildDomain (57ms)
	RebuildCommonClasses (13ms)
	RebuildNativeTypeToScriptingClass (25ms)
	initialDomainReloadingComplete (105ms)
	LoadAllAssembliesAndSetupDomain (864ms)
		LoadAssemblies (648ms)
		AnalyzeDomain (288ms)
			TypeCache.Refresh (16ms)
			BuildScriptInfoCaches (260ms)
			ResolveRequiredComponents (10ms)
	FinalizeReload (832ms)
		SetupLoadedEditorAssemblies (0ms)
			BeforeProcessingInitializeOnLoad (109ms)
			ProcessInitializeOnLoadAttributes (310ms)
			ProcessInitializeOnLoadMethodAttributes (143ms)
			AfterProcessingInitializeOnLoad (8ms)
		AwakeInstancesAfterBackupRestoration (23ms)
Unloading 77 Unused Serialized files (Serialized files now loaded: 0)
Unloading 6494 unused Assets / (12.3 MB). Loaded Objects now: 7315.
Memory consumption went from 348.0 MB to 335.8 MB.
Total: 15.855500 ms (FindLiveObjects: 0.916800 ms CreateObjectMapping: 2.981800 ms MarkObjects: 5.516200 ms  DeleteObjects: 6.440000 ms)

Prepare: number of updated asset objects reloaded= 0
========================================================================
Received Prepare
AcceleratorClientConnectionCallback - disconnected - :0
Unloading 77 Unused Serialized files (Serialized files now loaded: 0)
Unloading 6483 unused Assets / (12.6 MB). Loaded Objects now: 7315.
Memory consumption went from 348.3 MB to 335.7 MB.
Total: 16.338600 ms (FindLiveObjects: 0.893800 ms CreateObjectMapping: 2.677000 ms MarkObjects: 5.005900 ms  DeleteObjects: 7.760800 ms)

Prepare: number of updated asset objects reloaded= 0
========================================================================
Received Prepare
AcceleratorClientConnectionCallback - disconnected - :0
Begin MonoManager ReloadAssembly
Native extension for WindowsStandalone target not found
Native extension for WebGL target not found
[Package Manager] Failed to launch server process. Reason: Unity was launched with the -noUpm command-line argument
[Package Manager] Unable to send message (not connected to server process).
[Package Manager] Cannot connect to Unity Package Manager local server
[Package Manager] Failed to launch server process. Reason: Unity was launched with the -noUpm command-line argument
[Package Manager] Unable to send message (not connected to server process).
[Package Manager] Cannot connect to Unity Package Manager local server
ScheduleIndexationOnStartup MainProcess:False IndexOnStartup:True
Mono: successfully reloaded assembly
- Finished resetting the current domain, in  0.895 seconds
Domain Reload Profiling: 2229ms
	BeginReloadAssembly (311ms)
		DisableScriptedObjects (8ms)
		CreateAndSetChildDomain (58ms)
	RebuildCommonClasses (14ms)
	RebuildNativeTypeToScriptingClass (26ms)
	initialDomainReloadingComplete (97ms)
	LoadAllAssembliesAndSetupDomain (886ms)
		LoadAssemblies (552ms)
		AnalyzeDomain (346ms)
			TypeCache.Refresh (16ms)
			BuildScriptInfoCaches (319ms)
			ResolveRequiredComponents (9ms)
	FinalizeReload (896ms)
		SetupLoadedEditorAssemblies (0ms)
			InitializePlatformSupportModulesInManaged (3ms)
			BeforeProcessingInitializeOnLoad (116ms)
			ProcessInitializeOnLoadAttributes (337ms)
			ProcessInitializeOnLoadMethodAttributes (163ms)
			AfterProcessingInitializeOnLoad (9ms)
		AwakeInstancesAfterBackupRestoration (26ms)
Unloading 77 Unused Serialized files (Serialized files now loaded: 0)
Unloading 6494 unused Assets / (12.8 MB). Loaded Objects now: 7318.
Memory consumption went from 349.6 MB to 336.8 MB.
Total: 17.352300 ms (FindLiveObjects: 0.950700 ms CreateObjectMapping: 2.731400 ms MarkObjects: 6.410300 ms  DeleteObjects: 7.258500 ms)

Prepare: number of updated asset objects reloaded= 0
========================================================================
Received Import Request.
  Time of request: 2026-08-09T12:46:38.1419744Z
  Time since last request: 109.65515550000001 seconds.
  importAddress: GUID: 63122b46394184d4bb8599b347096b5f - Path: Assets/Assets/Prototype 3/Scripts/TimeRewind.cs - Importer: ScriptedImporter/UnityEditor.QuickSearchModule:UnityEditor.Search:ASIAI0B
Importing 'GUID: 63122b46394184d4bb8599b347096b5f - Path: Assets/Assets/Prototype 3/Scripts/TimeRewind.cs - Importer: ScriptedImporter/UnityEditor.QuickSearchModule:UnityEditor.Search:ASIAI0B' with importer (ScriptedImporter : UnityEditor.QuickSearchModule:UnityEditor.Search:ASIAI0B)
Imported 'GUID: 63122b46394184d4bb8599b347096b5f' -> (Import Result ID: '19248d7989c263c357fabb1d7982c567') in 0.088 seconds [static and dynamic dependencies]. Details - ImportResultOutputID=2d9364a2d8420c6e206565b40ae0e2ac DependenciesID=55be5a79e16added0369486ca00ca044 StaticDependenciesID=6e19c3589e59bc6363c9c3bbaaa7e93d 
Number of updated asset objects reloaded before import = 0
Number of asset objects unloaded after import = 0
========================================================================
Received Prepare
AcceleratorClientConnectionCallback - disconnected - :0
Unloading 77 Unused Serialized files (Serialized files now loaded: 0)
Unloading 6484 unused Assets / (12.4 MB). Loaded Objects now: 7319.
Memory consumption went from 351.0 MB to 338.7 MB.
Total: 17.074000 ms (FindLiveObjects: 0.927800 ms CreateObjectMapping: 3.136500 ms MarkObjects: 6.602200 ms  DeleteObjects: 6.405800 ms)

Prepare: number of updated asset objects reloaded= 0
========================================================================
Received Import Request.
  Time of request: 2026-08-09T12:46:40.6931929Z
  Time since last request: 2.4487607 seconds.
  importAddress: GUID: c4066b930b5628d41a40f074be998300 - Path: Assets/Assets/Prototype 3/Scripts/Goal.cs - Importer: PreviewImporter
Importing 'GUID: c4066b930b5628d41a40f074be998300 - Path: Assets/Assets/Prototype 3/Scripts/Goal.cs - Importer: PreviewImporter' with importer (PreviewImporter)
Imported 'GUID: c4066b930b5628d41a40f074be998300' -> (Import Result ID: 'b533d7b79f59fd4ca9b8f3be076eedad') in 0.001 seconds [static and dynamic dependencies]. Details - ImportResultOutputID=4b0c8aa41d219be21bdbd6da1995bd26 DependenciesID=19cb6e19b0012c9e7725d055a1bf0d9d StaticDependenciesID=1bb752c5cb9bb4b76e00b3cdff8541db 
Number of updated asset objects reloaded before import = 0
Number of asset objects unloaded after import = 0
========================================================================
Received Import Request.
  Time of request: 2026-08-09T12:46:40.7829827Z
  Time since last request: 0.0771522 seconds.
  importAddress: GUID: c4066b930b5628d41a40f074be998300 - Path: Assets/Assets/Prototype 3/Scripts/Goal.cs - Importer: ScriptedImporter/UnityEditor.QuickSearchModule:UnityEditor.Search:ASIAI0B
Importing 'GUID: c4066b930b5628d41a40f074be998300 - Path: Assets/Assets/Prototype 3/Scripts/Goal.cs - Importer: ScriptedImporter/UnityEditor.QuickSearchModule:UnityEditor.Search:ASIAI0B' with importer (ScriptedImporter : UnityEditor.QuickSearchModule:UnityEditor.Search:ASIAI0B)
Imported 'GUID: c4066b930b5628d41a40f074be998300' -> (Import Result ID: 'eb7b7123e43a91f0f35ea07bf725fc2b') in 0.006 seconds [static and dynamic dependencies]. Details - ImportResultOutputID=09a5f6d434f1af467aaeddea68799170 DependenciesID=f0c1122e808e166733afbd624933c7e4 StaticDependenciesID=5fa5e158dfd316bdc15171eac39d9692 
Number of updated asset objects reloaded before import = 0
Number of asset objects unloaded after import = 0
========================================================================
Received Prepare
AcceleratorClientConnectionCallback - disconnected - :0
Begin MonoManager ReloadAssembly
Native extension for WindowsStandalone target not found
Native extension for WebGL target not found
[Package Manager] Failed to launch server process. Reason: Unity was launched with the -noUpm command-line argument
[Package Manager] Unable to send message (not connected to server process).
[Package Manager] Cannot connect to Unity Package Manager local server
[Package Manager] Failed to launch server process. Reason: Unity was launched with the -noUpm command-line argument
[Package Manager] Unable to send message (not connected to server process).
[Package Manager] Cannot connect to Unity Package Manager local server
ScheduleIndexationOnStartup MainProcess:False IndexOnStartup:True
Mono: successfully reloaded assembly
- Finished resetting the current domain, in  0.866 seconds
Domain Reload Profiling: 2051ms
	BeginReloadAssembly (289ms)
		DisableScriptedObjects (8ms)
		CreateAndSetChildDomain (62ms)
	RebuildCommonClasses (12ms)
	RebuildNativeTypeToScriptingClass (21ms)
	initialDomainReloadingComplete (83ms)
	LoadAllAssembliesAndSetupDomain (778ms)
		LoadAssemblies (450ms)
		AnalyzeDomain (299ms)
			TypeCache.Refresh (18ms)
			BuildScriptInfoCaches (269ms)
			ResolveRequiredComponents (10ms)
	FinalizeReload (867ms)
		SetupLoadedEditorAssemblies (0ms)
			InitializePlatformSupportModulesInManaged (3ms)
			BeforeProcessingInitializeOnLoad (109ms)
			ProcessInitializeOnLoadAttributes (327ms)
			ProcessInitializeOnLoadMethodAttributes (135ms)
			AfterProcessingInitializeOnLoad (7ms)
		AwakeInstancesAfterBackupRestoration (22ms)
Refreshing native plugins compatible for Editor in 2.08 ms, found 4 plugins.
Unloading 77 Unused Serialized files (Serialized files now loaded: 0)
Unloading 6495 unused Assets / (12.5 MB). Loaded Objects now: 7322.
Memory consumption went from 350.5 MB to 337.9 MB.
Total: 17.247300 ms (FindLiveObjects: 1.056300 ms CreateObjectMapping: 2.879800 ms MarkObjects: 6.029500 ms  DeleteObjects: 7.280000 ms)

Prepare: number of updated asset objects reloaded= 0
========================================================================
Received Import Request.
  Time of request: 2026-08-09T12:47:16.232902Z
  Time since last request: 35.4333432 seconds.
  importAddress: GUID: c4066b930b5628d41a40f074be998300 - Path: Assets/Assets/Prototype 3/Scripts/Goal.cs - Importer: PreviewImporter
Importing 'GUID: c4066b930b5628d41a40f074be998300 - Path: Assets/Assets/Prototype 3/Scripts/Goal.cs - Importer: PreviewImporter' with importer (PreviewImporter)
Imported 'GUID: c4066b930b5628d41a40f074be998300' -> (Import Result ID: '6e924211674755c32e23ccfcd0ff5ba9') in 0.001 seconds [static and dynamic dependencies]. Details - ImportResultOutputID=4b0c8aa41d219be21bdbd6da1995bd26 DependenciesID=5427d50c11197403d5e92215c95a0f69 StaticDependenciesID=1bb752c5cb9bb4b76e00b3cdff8541db 
Number of updated asset objects reloaded before import = 0
Number of asset objects unloaded after import = 0
========================================================================
Received Prepare
AcceleratorClientConnectionCallback - disconnected - :0
Refreshing native plugins compatible for Editor in 2.11 ms, found 4 plugins.
Unloading 77 Unused Serialized files (Serialized files now loaded: 0)
Unloading 6484 unused Assets / (12.5 MB). Loaded Objects now: 7322.
Memory consumption went from 350.7 MB to 338.2 MB.
Total: 18.916800 ms (FindLiveObjects: 0.987000 ms CreateObjectMapping: 3.508500 ms MarkObjects: 6.063700 ms  DeleteObjects: 8.355500 ms)

Prepare: number of updated asset objects reloaded= 0
========================================================================
Received Import Request.
  Time of request: 2026-08-09T12:47:20.4454333Z
  Time since last request: 4.2010141 seconds.
  importAddress: GUID: c4066b930b5628d41a40f074be998300 - Path: Assets/Assets/Prototype 3/Scripts/Goal.cs - Importer: PreviewImporter
Importing 'GUID: c4066b930b5628d41a40f074be998300 - Path: Assets/Assets/Prototype 3/Scripts/Goal.cs - Importer: PreviewImporter' with importer (PreviewImporter)
Imported 'GUID: c4066b930b5628d41a40f074be998300' -> (Import Result ID: 'd980023c8184a3e216567e8513b2a435') in 0.001 seconds [static and dynamic dependencies]. Details - ImportResultOutputID=4b0c8aa41d219be21bdbd6da1995bd26 DependenciesID=36bc1a171aa6707e05d026975303232a StaticDependenciesID=91209eccf9904840efb12e53bb3476ab 
Number of updated asset objects reloaded before import = 0
Number of asset objects unloaded after import = 0
========================================================================
Received Prepare
AcceleratorClientConnectionCallback - disconnected - :0
[Licensing::Client] Successfully resolved entitlement details
Begin MonoManager ReloadAssembly
Native extension for WindowsStandalone target not found
Native extension for WebGL target not found
[Package Manager] Failed to launch server process. Reason: Unity was launched with the -noUpm command-line argument
[Package Manager] Unable to send message (not connected to server process).
[Package Manager] Cannot connect to Unity Package Manager local server
[Package Manager] Failed to launch server process. Reason: Unity was launched with the -noUpm command-line argument
[Package Manager] Unable to send message (not connected to server process).
[Package Manager] Cannot connect to Unity Package Manager local server
ScheduleIndexationOnStartup MainProcess:False IndexOnStartup:True
Mono: successfully reloaded assembly
- Finished resetting the current domain, in  0.851 seconds
Domain Reload Profiling: 2043ms
	BeginReloadAssembly (302ms)
		DisableScriptedObjects (9ms)
		CreateAndSetChildDomain (78ms)
	RebuildCommonClasses (11ms)
	RebuildNativeTypeToScriptingClass (23ms)
	initialDomainReloadingComplete (87ms)
	LoadAllAssembliesAndSetupDomain (767ms)
		LoadAssemblies (452ms)
		AnalyzeDomain (305ms)
			TypeCache.Refresh (15ms)
			BuildScriptInfoCaches (280ms)
			ResolveRequiredComponents (9ms)
	FinalizeReload (852ms)
		SetupLoadedEditorAssemblies (0ms)
			InitializePlatformSupportModulesInManaged (3ms)
			BeforeProcessingInitializeOnLoad (110ms)
			ProcessInitializeOnLoadAttributes (331ms)
			ProcessInitializeOnLoadMethodAttributes (138ms)
			AfterProcessingInitializeOnLoad (8ms)
		AwakeInstancesAfterBackupRestoration (22ms)
Unloading 77 Unused Serialized files (Serialized files now loaded: 0)
Unloading 6495 unused Assets / (13.3 MB). Loaded Objects now: 7325.
Memory consumption went from 351.3 MB to 338.0 MB.
Total: 20.318500 ms (FindLiveObjects: 1.584200 ms CreateObjectMapping: 3.634500 ms MarkObjects: 5.491200 ms  DeleteObjects: 9.607100 ms)

Prepare: number of updated asset objects reloaded= 0
========================================================================
Received Prepare
AcceleratorClientConnectionCallback - disconnected - :0
[Licensing::Client] Successfully resolved entitlement details
Begin MonoManager ReloadAssembly
Native extension for WindowsStandalone target not found
Native extension for WebGL target not found
[Package Manager] Failed to launch server process. Reason: Unity was launched with the -noUpm command-line argument
[Package Manager] Unable to send message (not connected to server process).
[Package Manager] Cannot connect to Unity Package Manager local server
[Package Manager] Failed to launch server process. Reason: Unity was launched with the -noUpm command-line argument
[Package Manager] Unable to send message (not connected to server process).
[Package Manager] Cannot connect to Unity Package Manager local server
ScheduleIndexationOnStartup MainProcess:False IndexOnStartup:True
Mono: successfully reloaded assembly
- Finished resetting the current domain, in  1.098 seconds
Domain Reload Profiling: 1975ms
	BeginReloadAssembly (266ms)
		DisableScriptedObjects (8ms)
		CreateAndSetChildDomain (57ms)
	RebuildCommonClasses (11ms)
	RebuildNativeTypeToScriptingClass (23ms)
	initialDomainReloadingComplete (84ms)
	LoadAllAssembliesAndSetupDomain (491ms)
		LoadAssemblies (442ms)
		AnalyzeDomain (29ms)
			TypeCache.Refresh (13ms)
			ResolveRequiredComponents (10ms)
	FinalizeReload (1100ms)
		SetupLoadedEditorAssemblies (0ms)
			InitializePlatformSupportModulesInManaged (3ms)
			BeforeProcessingInitializeOnLoad (113ms)
			ProcessInitializeOnLoadAttributes (482ms)
			ProcessInitializeOnLoadMethodAttributes (172ms)
			AfterProcessingInitializeOnLoad (10ms)
		AwakeInstancesAfterBackupRestoration (37ms)
Refreshing native plugins compatible for Editor in 2.77 ms, found 4 plugins.
Unloading 77 Unused Serialized files (Serialized files now loaded: 0)
Unloading 6495 unused Assets / (13.5 MB). Loaded Objects now: 7328.
Memory consumption went from 351.3 MB to 337.7 MB.
Total: 26.766500 ms (FindLiveObjects: 1.468500 ms CreateObjectMapping: 4.175900 ms MarkObjects: 8.799500 ms  DeleteObjects: 12.319700 ms)

Prepare: number of updated asset objects reloaded= 0
========================================================================
Received Import Request.
  Time of request: 2026-08-09T12:51:17.8207992Z
  Time since last request: 237.3634964 seconds.
  importAddress: GUID: c4066b930b5628d41a40f074be998300 - Path: Assets/Assets/Prototype 3/Scripts/Goal.cs - Importer: ScriptedImporter/UnityEditor.QuickSearchModule:UnityEditor.Search:ASIAI0B
Importing 'GUID: c4066b930b5628d41a40f074be998300 - Path: Assets/Assets/Prototype 3/Scripts/Goal.cs - Importer: ScriptedImporter/UnityEditor.QuickSearchModule:UnityEditor.Search:ASIAI0B' with importer (ScriptedImporter : UnityEditor.QuickSearchModule:UnityEditor.Search:ASIAI0B)
Imported 'GUID: c4066b930b5628d41a40f074be998300' -> (Import Result ID: '3cd05b6fb5eaeda49993117d902a8319') in 0.081 seconds [static and dynamic dependencies]. Details - ImportResultOutputID=1e45d3640d9a1292a466dd6e99cd849e DependenciesID=6c71cf4ede6d12a6f7141009b32496d8 StaticDependenciesID=5bd1f8d0908a6e872762ff5ed9380c29 
Number of updated asset objects reloaded before import = 0
Number of asset objects unloaded after import = 0
========================================================================
Received Prepare
AcceleratorClientConnectionCallback - disconnected - :0
Unloading 77 Unused Serialized files (Serialized files now loaded: 0)
Unloading 6485 unused Assets / (12.7 MB). Loaded Objects now: 7329.
Memory consumption went from 351.7 MB to 339.0 MB.
Total: 19.649900 ms (FindLiveObjects: 1.207100 ms CreateObjectMapping: 3.923800 ms MarkObjects: 7.387000 ms  DeleteObjects: 7.131100 ms)

Prepare: number of updated asset objects reloaded= 0
========================================================================
Received Import Request.
  Time of request: 2026-08-09T12:51:20.2449448Z
  Time since last request: 2.3325499 seconds.
  importAddress: GUID: 0186ad9d44efc804ba3015757b976a26 - Path: Assets/Assets/Prototype 3/Scripts/MovingObstacle.cs - Importer: PreviewImporter
Importing 'GUID: 0186ad9d44efc804ba3015757b976a26 - Path: Assets/Assets/Prototype 3/Scripts/MovingObstacle.cs - Importer: PreviewImporter' with importer (PreviewImporter)
Imported 'GUID: 0186ad9d44efc804ba3015757b976a26' -> (Import Result ID: 'e0982672eb028815a25c12ee8f7e710e') in 0.001 seconds [static and dynamic dependencies]. Details - ImportResultOutputID=b6a89b649e8aff2134c262174db8e07f DependenciesID=d52a2cf957007549cf62d8fda154acb0 StaticDependenciesID=c063ff600c13db4c97b8c70280955854 
Number of updated asset objects reloaded before import = 0
Number of asset objects unloaded after import = 0
========================================================================
Received Import Request.
  Time of request: 2026-08-09T12:51:20.5592445Z
  Time since last request: 0.3007581 seconds.
  importAddress: GUID: 0186ad9d44efc804ba3015757b976a26 - Path: Assets/Assets/Prototype 3/Scripts/MovingObstacle.cs - Importer: ScriptedImporter/UnityEditor.QuickSearchModule:UnityEditor.Search:ASIAI0B
Importing 'GUID: 0186ad9d44efc804ba3015757b976a26 - Path: Assets/Assets/Prototype 3/Scripts/MovingObstacle.cs - Importer: ScriptedImporter/UnityEditor.QuickSearchModule:UnityEditor.Search:ASIAI0B' with importer (ScriptedImporter : UnityEditor.QuickSearchModule:UnityEditor.Search:ASIAI0B)
Imported 'GUID: 0186ad9d44efc804ba3015757b976a26' -> (Import Result ID: '1606e95ab47f9e7675a30f507b66f688') in 0.008 seconds [static and dynamic dependencies]. Details - ImportResultOutputID=6edde624b1f29aad8757e58f3ef1adde DependenciesID=c6c355b3d4f6c85ea998dd9259667d30 StaticDependenciesID=ec09740174ce22200821a159e34686c8 
Number of updated asset objects reloaded before import = 0
Number of asset objects unloaded after import = 0
========================================================================
Received Prepare
AcceleratorClientConnectionCallback - disconnected - :0
[Licensing::Client] Successfully resolved entitlement details
Begin MonoManager ReloadAssembly
Refreshing native plugins compatible for Editor in 2.18 ms, found 4 plugins.
Native extension for WindowsStandalone target not found
Native extension for WebGL target not found
[Package Manager] Failed to launch server process. Reason: Unity was launched with the -noUpm command-line argument
[Package Manager] Unable to send message (not connected to server process).
[Package Manager] Cannot connect to Unity Package Manager local server
[Package Manager] Failed to launch server process. Reason: Unity was launched with the -noUpm command-line argument
[Package Manager] Unable to send message (not connected to server process).
[Package Manager] Cannot connect to Unity Package Manager local server
ScheduleIndexationOnStartup MainProcess:False IndexOnStartup:True
Mono: successfully reloaded assembly
- Finished resetting the current domain, in  0.951 seconds
Domain Reload Profiling: 2230ms
	BeginReloadAssembly (296ms)
		DisableScriptedObjects (10ms)
		CreateAndSetChildDomain (63ms)
	RebuildCommonClasses (11ms)
	RebuildNativeTypeToScriptingClass (21ms)
	initialDomainReloadingComplete (88ms)
	LoadAllAssembliesAndSetupDomain (861ms)
		LoadAssemblies (467ms)
		AnalyzeDomain (356ms)
			TypeCache.Refresh (22ms)
			BuildScriptInfoCaches (319ms)
			ResolveRequiredComponents (12ms)
	FinalizeReload (952ms)
		SetupLoadedEditorAssemblies (0ms)
			InitializePlatformSupportModulesInManaged (3ms)
			BeforeProcessingInitializeOnLoad (125ms)
			ProcessInitializeOnLoadAttributes (362ms)
			ProcessInitializeOnLoadMethodAttributes (151ms)
			AfterProcessingInitializeOnLoad (8ms)
		AwakeInstancesAfterBackupRestoration (24ms)
Unloading 77 Unused Serialized files (Serialized files now loaded: 0)
Unloading 6496 unused Assets / (12.4 MB). Loaded Objects now: 7332.
Memory consumption went from 352.4 MB to 340.0 MB.
Total: 19.850100 ms (FindLiveObjects: 0.916800 ms CreateObjectMapping: 2.921800 ms MarkObjects: 5.889100 ms  DeleteObjects: 10.120300 ms)

Prepare: number of updated asset objects reloaded= 0
========================================================================
Received Import Request.
  Time of request: 2026-08-09T12:51:29.994382Z
  Time since last request: 9.4181498 seconds.
  importAddress: GUID: 0186ad9d44efc804ba3015757b976a26 - Path: Assets/Assets/Prototype 3/Scripts/MovingObstacle.cs - Importer: PreviewImporter
Importing 'GUID: 0186ad9d44efc804ba3015757b976a26 - Path: Assets/Assets/Prototype 3/Scripts/MovingObstacle.cs - Importer: PreviewImporter' with importer (PreviewImporter)
Imported 'GUID: 0186ad9d44efc804ba3015757b976a26' -> (Import Result ID: '5ed77040b86412237fae7a26efc33b6c') in 0.001 seconds [static and dynamic dependencies]. Details - ImportResultOutputID=b6a89b649e8aff2134c262174db8e07f DependenciesID=b5447de137c497f17f3c3f5c75da95a7 StaticDependenciesID=c063ff600c13db4c97b8c70280955854 
Number of updated asset objects reloaded before import = 0
Number of asset objects unloaded after import = 0
========================================================================
Received Prepare
AcceleratorClientConnectionCallback - disconnected - :0
Refreshing native plugins compatible for Editor in 3.18 ms, found 4 plugins.
Unloading 77 Unused Serialized files (Serialized files now loaded: 0)
Unloading 6485 unused Assets / (12.7 MB). Loaded Objects now: 7332.
Memory consumption went from 352.7 MB to 340.0 MB.
Total: 21.280100 ms (FindLiveObjects: 1.298300 ms CreateObjectMapping: 3.821700 ms MarkObjects: 6.736500 ms  DeleteObjects: 9.421900 ms)

Prepare: number of updated asset objects reloaded= 0
========================================================================
Received Import Request.
  Time of request: 2026-08-09T12:51:39.3630705Z
  Time since last request: 9.3546099 seconds.
  importAddress: GUID: 0186ad9d44efc804ba3015757b976a26 - Path: Assets/Assets/Prototype 3/Scripts/MovingObstacle.cs - Importer: PreviewImporter
Importing 'GUID: 0186ad9d44efc804ba3015757b976a26 - Path: Assets/Assets/Prototype 3/Scripts/MovingObstacle.cs - Importer: PreviewImporter' with importer (PreviewImporter)
Imported 'GUID: 0186ad9d44efc804ba3015757b976a26' -> (Import Result ID: 'cf2400f882443e1319fcd257668326c7') in 0.001 seconds [static and dynamic dependencies]. Details - ImportResultOutputID=b6a89b649e8aff2134c262174db8e07f DependenciesID=c22dd65d04adff9cd96bf43498cbb657 StaticDependenciesID=be0275a239c7c2d3adde4ba3e3a161d6 
Number of updated asset objects reloaded before import = 0
Number of asset objects unloaded after import = 0
========================================================================
Received Prepare
AcceleratorClientConnectionCallback - disconnected - :0
Begin MonoManager ReloadAssembly
Native extension for WindowsStandalone target not found
Native extension for WebGL target not found
[Package Manager] Failed to launch server process. Reason: Unity was launched with the -noUpm command-line argument
[Package Manager] Unable to send message (not connected to server process).
[Package Manager] Cannot connect to Unity Package Manager local server
[Package Manager] Failed to launch server process. Reason: Unity was launched with the -noUpm command-line argument
[Package Manager] Unable to send message (not connected to server process).
[Package Manager] Cannot connect to Unity Package Manager local server
ScheduleIndexationOnStartup MainProcess:False IndexOnStartup:True
Mono: successfully reloaded assembly
- Finished resetting the current domain, in  0.849 seconds
Domain Reload Profiling: 2003ms
	BeginReloadAssembly (285ms)
		DisableScriptedObjects (9ms)
		CreateAndSetChildDomain (63ms)
	RebuildCommonClasses (12ms)
	RebuildNativeTypeToScriptingClass (26ms)
	initialDomainReloadingComplete (81ms)
	LoadAllAssembliesAndSetupDomain (749ms)
		LoadAssemblies (444ms)
		AnalyzeDomain (297ms)
			TypeCache.Refresh (20ms)
			BuildScriptInfoCaches (261ms)
			ResolveRequiredComponents (13ms)
	FinalizeReload (850ms)
		SetupLoadedEditorAssemblies (0ms)
			InitializePlatformSupportModulesInManaged (3ms)
			BeforeProcessingInitializeOnLoad (110ms)
			ProcessInitializeOnLoadAttributes (315ms)
			ProcessInitializeOnLoadMethodAttributes (133ms)
			AfterProcessingInitializeOnLoad (11ms)
		AwakeInstancesAfterBackupRestoration (22ms)
Unloading 77 Unused Serialized files (Serialized files now loaded: 0)
Unloading 6496 unused Assets / (12.2 MB). Loaded Objects now: 7335.
Memory consumption went from 353.5 MB to 341.3 MB.
Total: 16.461900 ms (FindLiveObjects: 1.329000 ms CreateObjectMapping: 3.037900 ms MarkObjects: 5.435000 ms  DeleteObjects: 6.658800 ms)

Prepare: number of updated asset objects reloaded= 0
========================================================================
Received Prepare
AcceleratorClientConnectionCallback - disconnected - :0
Begin MonoManager ReloadAssembly
Native extension for WindowsStandalone target not found
Native extension for WebGL target not found
[Package Manager] Failed to launch server process. Reason: Unity was launched with the -noUpm command-line argument
[Package Manager] Unable to send message (not connected to server process).
[Package Manager] Cannot connect to Unity Package Manager local server
[Package Manager] Failed to launch server process. Reason: Unity was launched with the -noUpm command-line argument
[Package Manager] Unable to send message (not connected to server process).
[Package Manager] Cannot connect to Unity Package Manager local server
ScheduleIndexationOnStartup MainProcess:False IndexOnStartup:True
Mono: successfully reloaded assembly
- Finished resetting the current domain, in  0.933 seconds
Domain Reload Profiling: 1818ms
	BeginReloadAssembly (276ms)
		DisableScriptedObjects (8ms)
		CreateAndSetChildDomain (58ms)
	RebuildCommonClasses (12ms)
	RebuildNativeTypeToScriptingClass (22ms)
	initialDomainReloadingComplete (79ms)
	LoadAllAssembliesAndSetupDomain (495ms)
		LoadAssemblies (444ms)
		AnalyzeDomain (30ms)
			TypeCache.Refresh (15ms)
			ResolveRequiredComponents (10ms)
	FinalizeReload (934ms)
		SetupLoadedEditorAssemblies (0ms)
			InitializePlatformSupportModulesInManaged (3ms)
			BeforeProcessingInitializeOnLoad (123ms)
			ProcessInitializeOnLoadAttributes (355ms)
			ProcessInitializeOnLoadMethodAttributes (167ms)
			AfterProcessingInitializeOnLoad (9ms)
		AwakeInstancesAfterBackupRestoration (30ms)
Refreshing native plugins compatible for Editor in 2.36 ms, found 4 plugins.
Unloading 77 Unused Serialized files (Serialized files now loaded: 0)
Unloading 6496 unused Assets / (13.0 MB). Loaded Objects now: 7338.
Memory consumption went from 353.9 MB to 340.9 MB.
Total: 23.163200 ms (FindLiveObjects: 1.236400 ms CreateObjectMapping: 3.972100 ms MarkObjects: 7.551300 ms  DeleteObjects: 10.402000 ms)

Prepare: number of updated asset objects reloaded= 0
========================================================================
Received Prepare
AcceleratorClientConnectionCallback - disconnected - :0
Unloading 77 Unused Serialized files (Serialized files now loaded: 0)
Unloading 6485 unused Assets / (12.9 MB). Loaded Objects now: 7338.
Memory consumption went from 354.1 MB to 341.2 MB.
Total: 19.287300 ms (FindLiveObjects: 0.952500 ms CreateObjectMapping: 3.101900 ms MarkObjects: 7.684400 ms  DeleteObjects: 7.547300 ms)

Prepare: number of updated asset objects reloaded= 0
========================================================================
Received Prepare
AcceleratorClientConnectionCallback - disconnected - :0
Unloading 77 Unused Serialized files (Serialized files now loaded: 0)
Unloading 6485 unused Assets / (12.8 MB). Loaded Objects now: 7338.
Memory consumption went from 354.2 MB to 341.4 MB.
Total: 18.893400 ms (FindLiveObjects: 0.950100 ms CreateObjectMapping: 2.818100 ms MarkObjects: 7.199200 ms  DeleteObjects: 7.924800 ms)

Prepare: number of updated asset objects reloaded= 0
========================================================================
Received Prepare
AcceleratorClientConnectionCallback - disconnected - :0
[Licensing::Client] Successfully resolved entitlement details
Begin MonoManager ReloadAssembly
Native extension for WindowsStandalone target not found
Native extension for WebGL target not found
[Package Manager] Failed to launch server process. Reason: Unity was launched with the -noUpm command-line argument
[Package Manager] Unable to send message (not connected to server process).
[Package Manager] Cannot connect to Unity Package Manager local server
[Package Manager] Failed to launch server process. Reason: Unity was launched with the -noUpm command-line argument
[Package Manager] Unable to send message (not connected to server process).
[Package Manager] Cannot connect to Unity Package Manager local server
ScheduleIndexationOnStartup MainProcess:False IndexOnStartup:True
Mono: successfully reloaded assembly
- Finished resetting the current domain, in  0.829 seconds
Domain Reload Profiling: 2014ms
	BeginReloadAssembly (282ms)
		DisableScriptedObjects (8ms)
		CreateAndSetChildDomain (63ms)
	RebuildCommonClasses (12ms)
	RebuildNativeTypeToScriptingClass (24ms)
	initialDomainReloadingComplete (93ms)
	LoadAllAssembliesAndSetupDomain (773ms)
		LoadAssemblies (444ms)
		AnalyzeDomain (326ms)
			TypeCache.Refresh (17ms)
			BuildScriptInfoCaches (297ms)
			ResolveRequiredComponents (10ms)
	FinalizeReload (830ms)
		SetupLoadedEditorAssemblies (0ms)
			InitializePlatformSupportModulesInManaged (3ms)
			BeforeProcessingInitializeOnLoad (112ms)
			ProcessInitializeOnLoadAttributes (308ms)
			ProcessInitializeOnLoadMethodAttributes (142ms)
			AfterProcessingInitializeOnLoad (9ms)
		AwakeInstancesAfterBackupRestoration (23ms)
Unloading 77 Unused Serialized files (Serialized files now loaded: 0)
Unloading 6496 unused Assets / (13.3 MB). Loaded Objects now: 7341.
Memory consumption went from 355.1 MB to 341.8 MB.
Total: 17.110400 ms (FindLiveObjects: 0.997100 ms CreateObjectMapping: 2.788800 ms MarkObjects: 5.153700 ms  DeleteObjects: 8.169500 ms)

Prepare: number of updated asset objects reloaded= 0
========================================================================
Received Prepare
AcceleratorClientConnectionCallback - disconnected - :0
Begin MonoManager ReloadAssembly
Native extension for WindowsStandalone target not found
Native extension for WebGL target not found
[Package Manager] Failed to launch server process. Reason: Unity was launched with the -noUpm command-line argument
[Package Manager] Unable to send message (not connected to server process).
[Package Manager] Cannot connect to Unity Package Manager local server
[Package Manager] Failed to launch server process. Reason: Unity was launched with the -noUpm command-line argument
[Package Manager] Unable to send message (not connected to server process).
[Package Manager] Cannot connect to Unity Package Manager local server
ScheduleIndexationOnStartup MainProcess:False IndexOnStartup:True
Mono: successfully reloaded assembly
- Finished resetting the current domain, in  0.997 seconds
Domain Reload Profiling: 1856ms
	BeginReloadAssembly (278ms)
		DisableScriptedObjects (10ms)
		CreateAndSetChildDomain (58ms)
	RebuildCommonClasses (11ms)
	RebuildNativeTypeToScriptingClass (22ms)
	initialDomainReloadingComplete (84ms)
	LoadAllAssembliesAndSetupDomain (463ms)
		LoadAssemblies (422ms)
		AnalyzeDomain (29ms)
			TypeCache.Refresh (14ms)
			ResolveRequiredComponents (10ms)
	FinalizeReload (999ms)
		SetupLoadedEditorAssemblies (0ms)
			InitializePlatformSupportModulesInManaged (3ms)
			BeforeProcessingInitializeOnLoad (117ms)
			ProcessInitializeOnLoadAttributes (384ms)
			ProcessInitializeOnLoadMethodAttributes (180ms)
			AfterProcessingInitializeOnLoad (9ms)
		AwakeInstancesAfterBackupRestoration (31ms)
Refreshing native plugins compatible for Editor in 2.18 ms, found 4 plugins.
Unloading 77 Unused Serialized files (Serialized files now loaded: 0)
Unloading 6496 unused Assets / (13.0 MB). Loaded Objects now: 7344.
Memory consumption went from 355.5 MB to 342.5 MB.
Total: 26.934500 ms (FindLiveObjects: 1.245200 ms CreateObjectMapping: 5.051400 ms MarkObjects: 8.957400 ms  DeleteObjects: 11.677800 ms)

Prepare: number of updated asset objects reloaded= 0
========================================================================
Received Prepare
AcceleratorClientConnectionCallback - disconnected - :0
Begin MonoManager ReloadAssembly
Native extension for WindowsStandalone target not found
Native extension for WebGL target not found
[Package Manager] Failed to launch server process. Reason: Unity was launched with the -noUpm command-line argument
[Package Manager] Unable to send message (not connected to server process).
[Package Manager] Cannot connect to Unity Package Manager local server
[Package Manager] Failed to launch server process. Reason: Unity was launched with the -noUpm command-line argument
[Package Manager] Unable to send message (not connected to server process).
[Package Manager] Cannot connect to Unity Package Manager local server
ScheduleIndexationOnStartup MainProcess:False IndexOnStartup:True
Mono: successfully reloaded assembly
- Finished resetting the current domain, in  0.954 seconds
Domain Reload Profiling: 1809ms
	BeginReloadAssembly (273ms)
		DisableScriptedObjects (7ms)
		CreateAndSetChildDomain (59ms)
	RebuildCommonClasses (11ms)
	RebuildNativeTypeToScriptingClass (21ms)
	initialDomainReloadingComplete (83ms)
	LoadAllAssembliesAndSetupDomain (467ms)
		LoadAssemblies (421ms)
		AnalyzeDomain (30ms)
			TypeCache.Refresh (14ms)
			ResolveRequiredComponents (10ms)
	FinalizeReload (955ms)
		SetupLoadedEditorAssemblies (0ms)
			InitializePlatformSupportModulesInManaged (3ms)
			BeforeProcessingInitializeOnLoad (123ms)
			ProcessInitializeOnLoadAttributes (365ms)
			ProcessInitializeOnLoadMethodAttributes (175ms)
			AfterProcessingInitializeOnLoad (10ms)
		AwakeInstancesAfterBackupRestoration (31ms)
Refreshing native plugins compatible for Editor in 3.39 ms, found 4 plugins.
Unloading 77 Unused Serialized files (Serialized files now loaded: 0)
Unloading 6496 unused Assets / (13.5 MB). Loaded Objects now: 7347.
Memory consumption went from 355.7 MB to 342.1 MB.
Total: 25.177400 ms (FindLiveObjects: 1.448700 ms CreateObjectMapping: 4.057800 ms MarkObjects: 7.398800 ms  DeleteObjects: 12.270800 ms)

Prepare: number of updated asset objects reloaded= 0
========================================================================
Received Import Request.
  Time of request: 2026-08-09T12:57:43.8096066Z
  Time since last request: 364.43543879999999 seconds.
  importAddress: GUID: 0186ad9d44efc804ba3015757b976a26 - Path: Assets/Assets/Prototype 3/Scripts/MovingObstacle.cs - Importer: ScriptedImporter/UnityEditor.QuickSearchModule:UnityEditor.Search:ASIAI0B
Importing 'GUID: 0186ad9d44efc804ba3015757b976a26 - Path: Assets/Assets/Prototype 3/Scripts/MovingObstacle.cs - Importer: ScriptedImporter/UnityEditor.QuickSearchModule:UnityEditor.Search:ASIAI0B' with importer (ScriptedImporter : UnityEditor.QuickSearchModule:UnityEditor.Search:ASIAI0B)
Imported 'GUID: 0186ad9d44efc804ba3015757b976a26' -> (Import Result ID: '6975711c3f572d086f26e5a352c49139') in 0.094 seconds [static and dynamic dependencies]. Details - ImportResultOutputID=cbe8354158f7d7cb7500008fa13dfc75 DependenciesID=40bd23798652cd21baf1331a66a08f2f StaticDependenciesID=e88d87f06ce163dccf3a5764314c5520 
Number of updated asset objects reloaded before import = 0
Number of asset objects unloaded after import = 0
========================================================================
Received Prepare
AcceleratorClientConnectionCallback - disconnected - :0
Unloading 77 Unused Serialized files (Serialized files now loaded: 0)
Unloading 6486 unused Assets / (12.7 MB). Loaded Objects now: 7348.
Memory consumption went from 356.0 MB to 343.3 MB.
Total: 17.450100 ms (FindLiveObjects: 0.969200 ms CreateObjectMapping: 2.973900 ms MarkObjects: 5.443200 ms  DeleteObjects: 8.062600 ms)

Prepare: number of updated asset objects reloaded= 0
========================================================================
Received Import Request.
  Time of request: 2026-08-09T12:57:47.0646487Z
  Time since last request: 3.1492493 seconds.
  importAddress: GUID: a0860e9aec5550243a6251c8ebe96cfa - Path: Assets/Assets/Prototype 3/Scripts/PressurePlate.cs - Importer: PreviewImporter
Importing 'GUID: a0860e9aec5550243a6251c8ebe96cfa - Path: Assets/Assets/Prototype 3/Scripts/PressurePlate.cs - Importer: PreviewImporter' with importer (PreviewImporter)
Imported 'GUID: a0860e9aec5550243a6251c8ebe96cfa' -> (Import Result ID: '08b89a7c0f15af0f1ed9d185ee84ece3') in 0.001 seconds [static and dynamic dependencies]. Details - ImportResultOutputID=6908b292bf42bab2eff74230d43007fc DependenciesID=318ca78e0be4c084a574e12ac76ae976 StaticDependenciesID=cd15bdc8d36ff49d6f33ffc6e7023155 
Number of updated asset objects reloaded before import = 0
Number of asset objects unloaded after import = 0
========================================================================
Received Import Request.
  Time of request: 2026-08-09T12:57:47.7890826Z
  Time since last request: 0.7130705 seconds.
  importAddress: GUID: a0860e9aec5550243a6251c8ebe96cfa - Path: Assets/Assets/Prototype 3/Scripts/PressurePlate.cs - Importer: ScriptedImporter/UnityEditor.QuickSearchModule:UnityEditor.Search:ASIAI0B
Importing 'GUID: a0860e9aec5550243a6251c8ebe96cfa - Path: Assets/Assets/Prototype 3/Scripts/PressurePlate.cs - Importer: ScriptedImporter/UnityEditor.QuickSearchModule:UnityEditor.Search:ASIAI0B' with importer (ScriptedImporter : UnityEditor.QuickSearchModule:UnityEditor.Search:ASIAI0B)
Imported 'GUID: a0860e9aec5550243a6251c8ebe96cfa' -> (Import Result ID: 'f66dcea479a9002518854ac14d259693') in 0.010 seconds [static and dynamic dependencies]. Details - ImportResultOutputID=e96ae610b795630930263e94e2ad4e8c DependenciesID=1c0573f14ca900f7c2f70c0fead48fa4 StaticDependenciesID=5b277f2b5d966648af0716a5fe313b39 
Number of updated asset objects reloaded before import = 0
Number of asset objects unloaded after import = 0
========================================================================
Received Prepare
AcceleratorClientConnectionCallback - disconnected - :0
[Licensing::Client] Successfully resolved entitlement details
Begin MonoManager ReloadAssembly
Refreshing native plugins compatible for Editor in 2.75 ms, found 4 plugins.
Native extension for WindowsStandalone target not found
Native extension for WebGL target not found
[Package Manager] Failed to launch server process. Reason: Unity was launched with the -noUpm command-line argument
[Package Manager] Unable to send message (not connected to server process).
[Package Manager] Cannot connect to Unity Package Manager local server
[Package Manager] Failed to launch server process. Reason: Unity was launched with the -noUpm command-line argument
[Package Manager] Unable to send message (not connected to server process).
[Package Manager] Cannot connect to Unity Package Manager local server
ScheduleIndexationOnStartup MainProcess:False IndexOnStartup:True
Mono: successfully reloaded assembly
- Finished resetting the current domain, in  1.021 seconds
Domain Reload Profiling: 2271ms
	BeginReloadAssembly (305ms)
		DisableScriptedObjects (9ms)
		CreateAndSetChildDomain (66ms)
	RebuildCommonClasses (16ms)
	RebuildNativeTypeToScriptingClass (25ms)
	initialDomainReloadingComplete (95ms)
	LoadAllAssembliesAndSetupDomain (809ms)
		LoadAssemblies (450ms)
		AnalyzeDomain (333ms)
			TypeCache.Refresh (15ms)
			BuildScriptInfoCaches (305ms)
			ResolveRequiredComponents (11ms)
	FinalizeReload (1022ms)
		SetupLoadedEditorAssemblies (0ms)
			InitializePlatformSupportModulesInManaged (3ms)
			BeforeProcessingInitializeOnLoad (130ms)
			ProcessInitializeOnLoadAttributes (361ms)
			ProcessInitializeOnLoadMethodAttributes (153ms)
			AfterProcessingInitializeOnLoad (12ms)
		AwakeInstancesAfterBackupRestoration (38ms)
Refreshing native plugins compatible for Editor in 2.09 ms, found 4 plugins.
Unloading 77 Unused Serialized files (Serialized files now loaded: 0)
Unloading 6497 unused Assets / (13.8 MB). Loaded Objects now: 7351.
Memory consumption went from 357.2 MB to 343.5 MB.
Total: 25.465500 ms (FindLiveObjects: 0.926400 ms CreateObjectMapping: 2.831700 ms MarkObjects: 10.537500 ms  DeleteObjects: 11.168700 ms)

Prepare: number of updated asset objects reloaded= 0
========================================================================
Received Import Request.
  Time of request: 2026-08-09T12:57:57.7229955Z
  Time since last request: 9.9063732 seconds.
  importAddress: GUID: a0860e9aec5550243a6251c8ebe96cfa - Path: Assets/Assets/Prototype 3/Scripts/PressurePlate.cs - Importer: PreviewImporter
Importing 'GUID: a0860e9aec5550243a6251c8ebe96cfa - Path: Assets/Assets/Prototype 3/Scripts/PressurePlate.cs - Importer: PreviewImporter' with importer (PreviewImporter)
Imported 'GUID: a0860e9aec5550243a6251c8ebe96cfa' -> (Import Result ID: '4870ff462a6023419791889d7bf4405a') in 0.001 seconds [static and dynamic dependencies]. Details - ImportResultOutputID=6908b292bf42bab2eff74230d43007fc DependenciesID=e19503ae12fc1dfa5ca9a7bd189bdd38 StaticDependenciesID=cd15bdc8d36ff49d6f33ffc6e7023155 
Number of updated asset objects reloaded before import = 0
Number of asset objects unloaded after import = 0
========================================================================
Received Prepare
AcceleratorClientConnectionCallback - disconnected - :0
Refreshing native plugins compatible for Editor in 2.64 ms, found 4 plugins.
Unloading 77 Unused Serialized files (Serialized files now loaded: 0)
Unloading 6486 unused Assets / (12.7 MB). Loaded Objects now: 7351.
Memory consumption went from 357.5 MB to 344.8 MB.
Total: 22.611900 ms (FindLiveObjects: 1.089700 ms CreateObjectMapping: 3.165800 ms MarkObjects: 9.794800 ms  DeleteObjects: 8.559900 ms)

Prepare: number of updated asset objects reloaded= 0
========================================================================
Received Import Request.
  Time of request: 2026-08-09T12:58:08.6701402Z
  Time since last request: 10.9347679 seconds.
  importAddress: GUID: a0860e9aec5550243a6251c8ebe96cfa - Path: Assets/Assets/Prototype 3/Scripts/PressurePlate.cs - Importer: PreviewImporter
Importing 'GUID: a0860e9aec5550243a6251c8ebe96cfa - Path: Assets/Assets/Prototype 3/Scripts/PressurePlate.cs - Importer: PreviewImporter' with importer (PreviewImporter)
Imported 'GUID: a0860e9aec5550243a6251c8ebe96cfa' -> (Import Result ID: 'c9b6b36bdb32e26339d6ffe6bb22111d') in 0.001 seconds [static and dynamic dependencies]. Details - ImportResultOutputID=6908b292bf42bab2eff74230d43007fc DependenciesID=f706b9c9f718f7160028cc5e9d0e24db StaticDependenciesID=8c93e73c46ede955c9823887f82b8321 
Number of updated asset objects reloaded before import = 0
Number of asset objects unloaded after import = 0
========================================================================
Received Prepare
AcceleratorClientConnectionCallback - disconnected - :0
Begin MonoManager ReloadAssembly
Native extension for WindowsStandalone target not found
Native extension for WebGL target not found
[Package Manager] Failed to launch server process. Reason: Unity was launched with the -noUpm command-line argument
[Package Manager] Unable to send message (not connected to server process).
[Package Manager] Cannot connect to Unity Package Manager local server
[Package Manager] Failed to launch server process. Reason: Unity was launched with the -noUpm command-line argument
[Package Manager] Unable to send message (not connected to server process).
[Package Manager] Cannot connect to Unity Package Manager local server
ScheduleIndexationOnStartup MainProcess:False IndexOnStartup:True
Mono: successfully reloaded assembly
- Finished resetting the current domain, in  0.861 seconds
Domain Reload Profiling: 2062ms
	BeginReloadAssembly (290ms)
		DisableScriptedObjects (9ms)
		CreateAndSetChildDomain (67ms)
	RebuildCommonClasses (11ms)
	RebuildNativeTypeToScriptingClass (23ms)
	initialDomainReloadingComplete (94ms)
	LoadAllAssembliesAndSetupDomain (781ms)
		LoadAssemblies (467ms)
		AnalyzeDomain (303ms)
			TypeCache.Refresh (17ms)
			BuildScriptInfoCaches (275ms)
			ResolveRequiredComponents (9ms)
	FinalizeReload (862ms)
		SetupLoadedEditorAssemblies (0ms)
			InitializePlatformSupportModulesInManaged (3ms)
			BeforeProcessingInitializeOnLoad (119ms)
			ProcessInitializeOnLoadAttributes (341ms)
			ProcessInitializeOnLoadMethodAttributes (139ms)
			AfterProcessingInitializeOnLoad (8ms)
		AwakeInstancesAfterBackupRestoration (22ms)
Unloading 77 Unused Serialized files (Serialized files now loaded: 0)
Unloading 6497 unused Assets / (14.3 MB). Loaded Objects now: 7354.
Memory consumption went from 358.3 MB to 344.0 MB.
Total: 22.341500 ms (FindLiveObjects: 0.965600 ms CreateObjectMapping: 2.878700 ms MarkObjects: 6.020800 ms  DeleteObjects: 12.475000 ms)

Prepare: number of updated asset objects reloaded= 0
========================================================================
Received Prepare
AcceleratorClientConnectionCallback - disconnected - :0
Begin MonoManager ReloadAssembly
Refreshing native plugins compatible for Editor in 2.47 ms, found 4 plugins.
Native extension for WindowsStandalone target not found
Native extension for WebGL target not found
[Package Manager] Failed to launch server process. Reason: Unity was launched with the -noUpm command-line argument
[Package Manager] Unable to send message (not connected to server process).
[Package Manager] Cannot connect to Unity Package Manager local server
[Package Manager] Failed to launch server process. Reason: Unity was launched with the -noUpm command-line argument
[Package Manager] Unable to send message (not connected to server process).
[Package Manager] Cannot connect to Unity Package Manager local server
ScheduleIndexationOnStartup MainProcess:False IndexOnStartup:True
Mono: successfully reloaded assembly
- Finished resetting the current domain, in  0.972 seconds
Domain Reload Profiling: 1849ms
	BeginReloadAssembly (281ms)
		DisableScriptedObjects (10ms)
		CreateAndSetChildDomain (62ms)
	RebuildCommonClasses (12ms)
	RebuildNativeTypeToScriptingClass (28ms)
	initialDomainReloadingComplete (84ms)
	LoadAllAssembliesAndSetupDomain (471ms)
		LoadAssemblies (439ms)
		AnalyzeDomain (27ms)
			TypeCache.Refresh (12ms)
			ResolveRequiredComponents (10ms)
	FinalizeReload (973ms)
		SetupLoadedEditorAssemblies (0ms)
			InitializePlatformSupportModulesInManaged (3ms)
			BeforeProcessingInitializeOnLoad (119ms)
			ProcessInitializeOnLoadAttributes (385ms)
			ProcessInitializeOnLoadMethodAttributes (182ms)
			AfterProcessingInitializeOnLoad (9ms)
		AwakeInstancesAfterBackupRestoration (31ms)
Refreshing native plugins compatible for Editor in 2.96 ms, found 4 plugins.
Unloading 77 Unused Serialized files (Serialized files now loaded: 0)
Unloading 6497 unused Assets / (13.1 MB). Loaded Objects now: 7357.
Memory consumption went from 358.5 MB to 345.4 MB.
Total: 25.017400 ms (FindLiveObjects: 1.674400 ms CreateObjectMapping: 4.421200 ms MarkObjects: 7.502200 ms  DeleteObjects: 11.418000 ms)

Prepare: number of updated asset objects reloaded= 0
========================================================================
Received Import Request.
  Time of request: 2026-08-09T13:00:24.4880374Z
  Time since last request: 135.80505919999999 seconds.
  importAddress: GUID: a0860e9aec5550243a6251c8ebe96cfa - Path: Assets/Assets/Prototype 3/Scripts/PressurePlate.cs - Importer: ScriptedImporter/UnityEditor.QuickSearchModule:UnityEditor.Search:ASIAI0B
Importing 'GUID: a0860e9aec5550243a6251c8ebe96cfa - Path: Assets/Assets/Prototype 3/Scripts/PressurePlate.cs - Importer: ScriptedImporter/UnityEditor.QuickSearchModule:UnityEditor.Search:ASIAI0B' with importer (ScriptedImporter : UnityEditor.QuickSearchModule:UnityEditor.Search:ASIAI0B)
Imported 'GUID: a0860e9aec5550243a6251c8ebe96cfa' -> (Import Result ID: 'd258298353d83d6316d9140c4ef189c2') in 0.092 seconds [static and dynamic dependencies]. Details - ImportResultOutputID=30758d3c6bbb373da15cf0f38b70b192 DependenciesID=2986a7222ccd14e06e432fb9c2b59307 StaticDependenciesID=028dc8db291655354a6ad6bbf0d14554 
Number of updated asset objects reloaded before import = 0
Number of asset objects unloaded after import = 0
========================================================================
Received Prepare
AcceleratorClientConnectionCallback - disconnected - :0
Refreshing native plugins compatible for Editor in 2.71 ms, found 4 plugins.
Unloading 77 Unused Serialized files (Serialized files now loaded: 0)
Unloading 6487 unused Assets / (12.1 MB). Loaded Objects now: 7358.
Memory consumption went from 358.9 MB to 346.8 MB.
Total: 18.764400 ms (FindLiveObjects: 1.105500 ms CreateObjectMapping: 3.041200 ms MarkObjects: 5.736800 ms  DeleteObjects: 8.879300 ms)

Prepare: number of updated asset objects reloaded= 0
========================================================================
Received Import Request.
  Time of request: 2026-08-09T13:00:26.9229154Z
  Time since last request: 2.3308292 seconds.
  importAddress: GUID: 2a5bc1cc6cb35ec4f8fe39d77e275ec1 - Path: Assets/Assets/Prototype 3/Scripts/TimeEcho.cs - Importer: PreviewImporter
Importing 'GUID: 2a5bc1cc6cb35ec4f8fe39d77e275ec1 - Path: Assets/Assets/Prototype 3/Scripts/TimeEcho.cs - Importer: PreviewImporter' with importer (PreviewImporter)
Imported 'GUID: 2a5bc1cc6cb35ec4f8fe39d77e275ec1' -> (Import Result ID: '35c5d16848bf33775061f283ec010594') in 0.002 seconds [static and dynamic dependencies]. Details - ImportResultOutputID=953558273f02cd125d979ea7c26660ee DependenciesID=45618457f675d33035cbf57f65ecdad8 StaticDependenciesID=a69ab9b0fd7b04ced6bfa3863ed25b5e 
Number of updated asset objects reloaded before import = 0
Number of asset objects unloaded after import = 0
========================================================================
Received Import Request.
  Time of request: 2026-08-09T13:00:27.2832757Z
  Time since last request: 0.3480683 seconds.
  importAddress: GUID: 2a5bc1cc6cb35ec4f8fe39d77e275ec1 - Path: Assets/Assets/Prototype 3/Scripts/TimeEcho.cs - Importer: ScriptedImporter/UnityEditor.QuickSearchModule:UnityEditor.Search:ASIAI0B
Importing 'GUID: 2a5bc1cc6cb35ec4f8fe39d77e275ec1 - Path: Assets/Assets/Prototype 3/Scripts/TimeEcho.cs - Importer: ScriptedImporter/UnityEditor.QuickSearchModule:UnityEditor.Search:ASIAI0B' with importer (ScriptedImporter : UnityEditor.QuickSearchModule:UnityEditor.Search:ASIAI0B)
Imported 'GUID: 2a5bc1cc6cb35ec4f8fe39d77e275ec1' -> (Import Result ID: '31908640d6b1def56901439ab9370216') in 0.007 seconds [static and dynamic dependencies]. Details - ImportResultOutputID=13b7eea9235cd2e17ef5f44c4c5803d9 DependenciesID=f9841a0a1c86de4a57c7759d74321244 StaticDependenciesID=ea4e80d7a2fa3b0068ec23d41fac17e8 
Number of updated asset objects reloaded before import = 0
Number of asset objects unloaded after import = 0
========================================================================
Received Prepare
AcceleratorClientConnectionCallback - disconnected - :0
[Licensing::Client] Successfully resolved entitlement details
Begin MonoManager ReloadAssembly
Refreshing native plugins compatible for Editor in 2.05 ms, found 4 plugins.
Native extension for WindowsStandalone target not found
Native extension for WebGL target not found
[Package Manager] Failed to launch server process. Reason: Unity was launched with the -noUpm command-line argument
[Package Manager] Unable to send message (not connected to server process).
[Package Manager] Cannot connect to Unity Package Manager local server
[Package Manager] Failed to launch server process. Reason: Unity was launched with the -noUpm command-line argument
[Package Manager] Unable to send message (not connected to server process).
[Package Manager] Cannot connect to Unity Package Manager local server
ScheduleIndexationOnStartup MainProcess:False IndexOnStartup:True
Mono: successfully reloaded assembly
- Finished resetting the current domain, in  1.085 seconds
Domain Reload Profiling: 2280ms
	BeginReloadAssembly (288ms)
		DisableScriptedObjects (7ms)
		CreateAndSetChildDomain (60ms)
	RebuildCommonClasses (12ms)
	RebuildNativeTypeToScriptingClass (21ms)
	initialDomainReloadingComplete (95ms)
	LoadAllAssembliesAndSetupDomain (779ms)
		LoadAssemblies (465ms)
		AnalyzeDomain (303ms)
			TypeCache.Refresh (17ms)
			BuildScriptInfoCaches (275ms)
			ResolveRequiredComponents (9ms)
	FinalizeReload (1086ms)
		SetupLoadedEditorAssemblies (0ms)
			InitializePlatformSupportModulesInManaged (3ms)
			BeforeProcessingInitializeOnLoad (129ms)
			ProcessInitializeOnLoadAttributes (350ms)
			ProcessInitializeOnLoadMethodAttributes (261ms)
			AfterProcessingInitializeOnLoad (10ms)
		AwakeInstancesAfterBackupRestoration (47ms)
Refreshing native plugins compatible for Editor in 2.10 ms, found 4 plugins.
Unloading 77 Unused Serialized files (Serialized files now loaded: 0)
Unloading 6498 unused Assets / (12.7 MB). Loaded Objects now: 7361.
Memory consumption went from 359.6 MB to 346.8 MB.
Total: 19.827400 ms (FindLiveObjects: 0.977100 ms CreateObjectMapping: 2.992300 ms MarkObjects: 7.716300 ms  DeleteObjects: 8.140300 ms)

Prepare: number of updated asset objects reloaded= 0
========================================================================
Received Import Request.
  Time of request: 2026-08-09T13:00:36.6893975Z
  Time since last request: 9.3858138 seconds.
  importAddress: GUID: 2a5bc1cc6cb35ec4f8fe39d77e275ec1 - Path: Assets/Assets/Prototype 3/Scripts/TimeEcho.cs - Importer: PreviewImporter
Importing 'GUID: 2a5bc1cc6cb35ec4f8fe39d77e275ec1 - Path: Assets/Assets/Prototype 3/Scripts/TimeEcho.cs - Importer: PreviewImporter' with importer (PreviewImporter)
Imported 'GUID: 2a5bc1cc6cb35ec4f8fe39d77e275ec1' -> (Import Result ID: '4f9a904056deaab593191f61252f8a32') in 0.001 seconds [static and dynamic dependencies]. Details - ImportResultOutputID=953558273f02cd125d979ea7c26660ee DependenciesID=30f57c79f3d2a660cef140fd06e5a5ad StaticDependenciesID=a69ab9b0fd7b04ced6bfa3863ed25b5e 
Number of updated asset objects reloaded before import = 0
Number of asset objects unloaded after import = 0
========================================================================
Received Prepare
AcceleratorClientConnectionCallback - disconnected - :0
Unloading 77 Unused Serialized files (Serialized files now loaded: 0)
Unloading 6487 unused Assets / (12.7 MB). Loaded Objects now: 7361.
Memory consumption went from 359.8 MB to 347.0 MB.
Total: 18.988300 ms (FindLiveObjects: 1.027800 ms CreateObjectMapping: 3.228900 ms MarkObjects: 7.216300 ms  DeleteObjects: 7.514100 ms)

Prepare: number of updated asset objects reloaded= 0
========================================================================
Received Import Request.
  Time of request: 2026-08-09T13:00:49.5864658Z
  Time since last request: 12.8824849 seconds.
  importAddress: GUID: 2a5bc1cc6cb35ec4f8fe39d77e275ec1 - Path: Assets/Assets/Prototype 3/Scripts/TimeEcho.cs - Importer: PreviewImporter
Importing 'GUID: 2a5bc1cc6cb35ec4f8fe39d77e275ec1 - Path: Assets/Assets/Prototype 3/Scripts/TimeEcho.cs - Importer: PreviewImporter' with importer (PreviewImporter)
Imported 'GUID: 2a5bc1cc6cb35ec4f8fe39d77e275ec1' -> (Import Result ID: '6f4657788436f999bf1673210a72c66e') in 0.001 seconds [static and dynamic dependencies]. Details - ImportResultOutputID=953558273f02cd125d979ea7c26660ee DependenciesID=71d991c07609b45e530999bb6b43b77d StaticDependenciesID=ae54912a71e650e90c3489c8656aa1ee 
Number of updated asset objects reloaded before import = 0
Number of asset objects unloaded after import = 0
========================================================================
Received Prepare
AcceleratorClientConnectionCallback - disconnected - :0
Begin MonoManager ReloadAssembly
Refreshing native plugins compatible for Editor in 2.32 ms, found 4 plugins.
Native extension for WindowsStandalone target not found
Native extension for WebGL target not found
[Package Manager] Failed to launch server process. Reason: Unity was launched with the -noUpm command-line argument
[Package Manager] Unable to send message (not connected to server process).
[Package Manager] Cannot connect to Unity Package Manager local server
[Package Manager] Failed to launch server process. Reason: Unity was launched with the -noUpm command-line argument
[Package Manager] Unable to send message (not connected to server process).
[Package Manager] Cannot connect to Unity Package Manager local server
ScheduleIndexationOnStartup MainProcess:False IndexOnStartup:True
Mono: successfully reloaded assembly
- Finished resetting the current domain, in  0.843 seconds
Domain Reload Profiling: 2046ms
	BeginReloadAssembly (292ms)
		DisableScriptedObjects (11ms)
		CreateAndSetChildDomain (62ms)
	RebuildCommonClasses (12ms)
	RebuildNativeTypeToScriptingClass (27ms)
	initialDomainReloadingComplete (82ms)
	LoadAllAssembliesAndSetupDomain (790ms)
		LoadAssemblies (436ms)
		AnalyzeDomain (329ms)
			TypeCache.Refresh (18ms)
			BuildScriptInfoCaches (297ms)
			ResolveRequiredComponents (12ms)
	FinalizeReload (844ms)
		SetupLoadedEditorAssemblies (0ms)
			BeforeProcessingInitializeOnLoad (113ms)
			ProcessInitializeOnLoadAttributes (314ms)
			ProcessInitializeOnLoadMethodAttributes (130ms)
			AfterProcessingInitializeOnLoad (8ms)
		AwakeInstancesAfterBackupRestoration (27ms)
Unloading 77 Unused Serialized files (Serialized files now loaded: 0)
Unloading 6498 unused Assets / (12.7 MB). Loaded Objects now: 7364.
Memory consumption went from 361.0 MB to 348.3 MB.
Total: 19.712100 ms (FindLiveObjects: 0.899900 ms CreateObjectMapping: 2.721000 ms MarkObjects: 9.794900 ms  DeleteObjects: 6.295200 ms)

Prepare: number of updated asset objects reloaded= 0
========================================================================
Received Prepare
AcceleratorClientConnectionCallback - disconnected - :0
Refreshing native plugins compatible for Editor in 2.24 ms, found 4 plugins.
Unloading 77 Unused Serialized files (Serialized files now loaded: 0)
Unloading 6487 unused Assets / (12.1 MB). Loaded Objects now: 7364.
Memory consumption went from 361.2 MB to 349.1 MB.
Total: 20.677600 ms (FindLiveObjects: 1.341000 ms CreateObjectMapping: 3.319100 ms MarkObjects: 8.361400 ms  DeleteObjects: 7.654800 ms)

Prepare: number of updated asset objects reloaded= 0
========================================================================
Received Prepare
AcceleratorClientConnectionCallback - disconnected - :0
[Licensing::Client] Successfully resolved entitlement details
Begin MonoManager ReloadAssembly
Native extension for WindowsStandalone target not found
Native extension for WebGL target not found
[Package Manager] Failed to launch server process. Reason: Unity was launched with the -noUpm command-line argument
[Package Manager] Unable to send message (not connected to server process).
[Package Manager] Cannot connect to Unity Package Manager local server
[Package Manager] Failed to launch server process. Reason: Unity was launched with the -noUpm command-line argument
[Package Manager] Unable to send message (not connected to server process).
[Package Manager] Cannot connect to Unity Package Manager local server
ScheduleIndexationOnStartup MainProcess:False IndexOnStartup:True
Mono: successfully reloaded assembly
- Finished resetting the current domain, in  0.877 seconds
Domain Reload Profiling: 2096ms
	BeginReloadAssembly (300ms)
		DisableScriptedObjects (10ms)
		CreateAndSetChildDomain (65ms)
	RebuildCommonClasses (12ms)
	RebuildNativeTypeToScriptingClass (22ms)
	initialDomainReloadingComplete (85ms)
	LoadAllAssembliesAndSetupDomain (799ms)
		LoadAssemblies (451ms)
		AnalyzeDomain (321ms)
			TypeCache.Refresh (13ms)
			BuildScriptInfoCaches (291ms)
			ResolveRequiredComponents (14ms)
	FinalizeReload (878ms)
		SetupLoadedEditorAssemblies (0ms)
			InitializePlatformSupportModulesInManaged (3ms)
			BeforeProcessingInitializeOnLoad (119ms)
			ProcessInitializeOnLoadAttributes (324ms)
			ProcessInitializeOnLoadMethodAttributes (138ms)
			AfterProcessingInitializeOnLoad (8ms)
		AwakeInstancesAfterBackupRestoration (23ms)
Refreshing native plugins compatible for Editor in 2.09 ms, found 4 plugins.
Unloading 77 Unused Serialized files (Serialized files now loaded: 0)
Unloading 6498 unused Assets / (13.2 MB). Loaded Objects now: 7367.
Memory consumption went from 361.7 MB to 348.6 MB.
Total: 17.948500 ms (FindLiveObjects: 0.996400 ms CreateObjectMapping: 2.857300 ms MarkObjects: 5.649600 ms  DeleteObjects: 8.444200 ms)

Prepare: number of updated asset objects reloaded= 0
========================================================================
Received Prepare
AcceleratorClientConnectionCallback - disconnected - :0
Begin MonoManager ReloadAssembly
Native extension for WindowsStandalone target not found
Native extension for WebGL target not found
[Package Manager] Failed to launch server process. Reason: Unity was launched with the -noUpm command-line argument
[Package Manager] Unable to send message (not connected to server process).
[Package Manager] Cannot connect to Unity Package Manager local server
[Package Manager] Failed to launch server process. Reason: Unity was launched with the -noUpm command-line argument
[Package Manager] Unable to send message (not connected to server process).
[Package Manager] Cannot connect to Unity Package Manager local server
ScheduleIndexationOnStartup MainProcess:False IndexOnStartup:True
Mono: successfully reloaded assembly
- Finished resetting the current domain, in  0.988 seconds
Domain Reload Profiling: 1860ms
	BeginReloadAssembly (287ms)
		DisableScriptedObjects (8ms)
		CreateAndSetChildDomain (67ms)
	RebuildCommonClasses (12ms)
	RebuildNativeTypeToScriptingClass (21ms)
	initialDomainReloadingComplete (83ms)
	LoadAllAssembliesAndSetupDomain (467ms)
		LoadAssemblies (431ms)
		AnalyzeDomain (30ms)
			TypeCache.Refresh (12ms)
			ResolveRequiredComponents (13ms)
	FinalizeReload (990ms)
		SetupLoadedEditorAssemblies (0ms)
			InitializePlatformSupportModulesInManaged (3ms)
			BeforeProcessingInitializeOnLoad (119ms)
			ProcessInitializeOnLoadAttributes (367ms)
			ProcessInitializeOnLoadMethodAttributes (181ms)
			AfterProcessingInitializeOnLoad (10ms)
		AwakeInstancesAfterBackupRestoration (33ms)
Refreshing native plugins compatible for Editor in 2.82 ms, found 4 plugins.
Unloading 77 Unused Serialized files (Serialized files now loaded: 0)
Unloading 6498 unused Assets / (12.9 MB). Loaded Objects now: 7370.
Memory consumption went from 361.8 MB to 349.0 MB.
Total: 24.803900 ms (FindLiveObjects: 1.500900 ms CreateObjectMapping: 4.077200 ms MarkObjects: 8.066100 ms  DeleteObjects: 11.158300 ms)

Prepare: number of updated asset objects reloaded= 0
========================================================================
Received Import Request.
  Time of request: 2026-08-09T13:04:28.9308896Z
  Time since last request: 219.3341575 seconds.
  importAddress: GUID: 8657db006c23606419ed8c1e3ca05b69 - Path: Assets/Assets/Universal/Scripts/PlayerMovement.cs - Importer: PreviewImporter
Importing 'GUID: 8657db006c23606419ed8c1e3ca05b69 - Path: Assets/Assets/Universal/Scripts/PlayerMovement.cs - Importer: PreviewImporter' with importer (PreviewImporter)
Imported 'GUID: 8657db006c23606419ed8c1e3ca05b69' -> (Import Result ID: '980451a23240c9676caeac8541e4c532') in 0.001 seconds [static and dynamic dependencies]. Details - ImportResultOutputID=f7735a9374e80c607d0a79123c30141c DependenciesID=58e547f1ac4eeaa422e18036f7ae0a2b StaticDependenciesID=8f2ae2b4de76e6300eaea0c015f4defd 
Number of updated asset objects reloaded before import = 0
Number of asset objects unloaded after import = 0
========================================================================
Received Prepare
AcceleratorClientConnectionCallback - disconnected - :0
Refreshing native plugins compatible for Editor in 3.50 ms, found 4 plugins.
Unloading 77 Unused Serialized files (Serialized files now loaded: 0)
Unloading 6487 unused Assets / (11.9 MB). Loaded Objects now: 7370.
Memory consumption went from 362.0 MB to 350.1 MB.
Total: 30.723700 ms (FindLiveObjects: 1.871700 ms CreateObjectMapping: 4.886500 ms MarkObjects: 10.341800 ms  DeleteObjects: 13.621600 ms)

Prepare: number of updated asset objects reloaded= 0
========================================================================
Received Import Request.
  Time of request: 2026-08-09T13:04:33.6593889Z
  Time since last request: 4.7168586 seconds.
  importAddress: GUID: 8657db006c23606419ed8c1e3ca05b69 - Path: Assets/Assets/Universal/Scripts/PlayerMovement.cs - Importer: PreviewImporter
Importing 'GUID: 8657db006c23606419ed8c1e3ca05b69 - Path: Assets/Assets/Universal/Scripts/PlayerMovement.cs - Importer: PreviewImporter' with importer (PreviewImporter)
Imported 'GUID: 8657db006c23606419ed8c1e3ca05b69' -> (Import Result ID: '632af90bcdb3ea91ede6d89819d70718') in 0.001 seconds [static and dynamic dependencies]. Details - ImportResultOutputID=f7735a9374e80c607d0a79123c30141c DependenciesID=677a7a7919ae1880a279ddceef1f46c7 StaticDependenciesID=0d030fff3de3ba2cb937001ea3180be1 
Number of updated asset objects reloaded before import = 0
Number of asset objects unloaded after import = 0
========================================================================
Received Prepare
AcceleratorClientConnectionCallback - disconnected - :0
[Licensing::Client] Successfully resolved entitlement details
Begin MonoManager ReloadAssembly
Refreshing native plugins compatible for Editor in 2.07 ms, found 4 plugins.
Native extension for WindowsStandalone target not found
Native extension for WebGL target not found
[Package Manager] Failed to launch server process. Reason: Unity was launched with the -noUpm command-line argument
[Package Manager] Unable to send message (not connected to server process).
[Package Manager] Cannot connect to Unity Package Manager local server
[Package Manager] Failed to launch server process. Reason: Unity was launched with the -noUpm command-line argument
[Package Manager] Unable to send message (not connected to server process).
[Package Manager] Cannot connect to Unity Package Manager local server
ScheduleIndexationOnStartup MainProcess:False IndexOnStartup:True
Mono: successfully reloaded assembly
- Finished resetting the current domain, in  1.118 seconds
Domain Reload Profiling: 2356ms
	BeginReloadAssembly (294ms)
		DisableScriptedObjects (10ms)
		CreateAndSetChildDomain (68ms)
	RebuildCommonClasses (12ms)
	RebuildNativeTypeToScriptingClass (27ms)
	initialDomainReloadingComplete (95ms)
	LoadAllAssembliesAndSetupDomain (809ms)
		LoadAssemblies (481ms)
		AnalyzeDomain (315ms)
			TypeCache.Refresh (17ms)
			BuildScriptInfoCaches (285ms)
			ResolveRequiredComponents (10ms)
	FinalizeReload (1119ms)
		SetupLoadedEditorAssemblies (0ms)
			InitializePlatformSupportModulesInManaged (3ms)
			BeforeProcessingInitializeOnLoad (150ms)
			ProcessInitializeOnLoadAttributes (417ms)
			ProcessInitializeOnLoadMethodAttributes (179ms)
			AfterProcessingInitializeOnLoad (10ms)
		AwakeInstancesAfterBackupRestoration (32ms)
Refreshing native plugins compatible for Editor in 2.86 ms, found 4 plugins.
Unloading 77 Unused Serialized files (Serialized files now loaded: 0)
Unloading 6498 unused Assets / (13.1 MB). Loaded Objects now: 7373.
Memory consumption went from 363.3 MB to 350.2 MB.
Total: 23.936100 ms (FindLiveObjects: 1.387100 ms CreateObjectMapping: 4.459700 ms MarkObjects: 7.727600 ms  DeleteObjects: 10.360000 ms)

Prepare: number of updated asset objects reloaded= 0
========================================================================
Received Prepare
AcceleratorClientConnectionCallback - disconnected - :0
Begin MonoManager ReloadAssembly
Native extension for WindowsStandalone target not found
Native extension for WebGL target not found
[Package Manager] Failed to launch server process. Reason: Unity was launched with the -noUpm command-line argument
[Package Manager] Unable to send message (not connected to server process).
[Package Manager] Cannot connect to Unity Package Manager local server
[Package Manager] Failed to launch server process. Reason: Unity was launched with the -noUpm command-line argument
[Package Manager] Unable to send message (not connected to server process).
[Package Manager] Cannot connect to Unity Package Manager local server
ScheduleIndexationOnStartup MainProcess:False IndexOnStartup:True
Mono: successfully reloaded assembly
- Finished resetting the current domain, in  0.981 seconds
Domain Reload Profiling: 1869ms
	BeginReloadAssembly (294ms)
		DisableScriptedObjects (11ms)
		CreateAndSetChildDomain (62ms)
	RebuildCommonClasses (12ms)
	RebuildNativeTypeToScriptingClass (27ms)
	initialDomainReloadingComplete (80ms)
	LoadAllAssembliesAndSetupDomain (472ms)
		LoadAssemblies (434ms)
		AnalyzeDomain (28ms)
			TypeCache.Refresh (13ms)
			ResolveRequiredComponents (10ms)
	FinalizeReload (983ms)
		SetupLoadedEditorAssemblies (0ms)
			InitializePlatformSupportModulesInManaged (3ms)
			BeforeProcessingInitializeOnLoad (123ms)
			ProcessInitializeOnLoadAttributes (350ms)
			ProcessInitializeOnLoadMethodAttributes (183ms)
			AfterProcessingInitializeOnLoad (9ms)
		AwakeInstancesAfterBackupRestoration (34ms)
Refreshing native plugins compatible for Editor in 2.38 ms, found 4 plugins.
Unloading 77 Unused Serialized files (Serialized files now loaded: 0)
Unloading 6498 unused Assets / (13.1 MB). Loaded Objects now: 7376.
Memory consumption went from 363.8 MB to 350.6 MB.
Total: 26.355300 ms (FindLiveObjects: 1.067800 ms CreateObjectMapping: 5.166100 ms MarkObjects: 8.841800 ms  DeleteObjects: 11.278100 ms)

Prepare: number of updated asset objects reloaded= 0
========================================================================
Received Prepare
AcceleratorClientConnectionCallback - disconnected - :0
[Licensing::Client] Successfully resolved entitlement details
Begin MonoManager ReloadAssembly
Native extension for WindowsStandalone target not found
Native extension for WebGL target not found
[Package Manager] Failed to launch server process. Reason: Unity was launched with the -noUpm command-line argument
[Package Manager] Unable to send message (not connected to server process).
[Package Manager] Cannot connect to Unity Package Manager local server
[Package Manager] Failed to launch server process. Reason: Unity was launched with the -noUpm command-line argument
[Package Manager] Unable to send message (not connected to server process).
[Package Manager] Cannot connect to Unity Package Manager local server
ScheduleIndexationOnStartup MainProcess:False IndexOnStartup:True
Mono: successfully reloaded assembly
- Finished resetting the current domain, in  0.959 seconds
Domain Reload Profiling: 1819ms
	BeginReloadAssembly (289ms)
		DisableScriptedObjects (9ms)
		CreateAndSetChildDomain (62ms)
	RebuildCommonClasses (11ms)
	RebuildNativeTypeToScriptingClass (21ms)
	initialDomainReloadingComplete (80ms)
	LoadAllAssembliesAndSetupDomain (457ms)
		LoadAssemblies (420ms)
		AnalyzeDomain (31ms)
			TypeCache.Refresh (15ms)
			ResolveRequiredComponents (11ms)
	FinalizeReload (961ms)
		SetupLoadedEditorAssemblies (0ms)
			InitializePlatformSupportModulesInManaged (3ms)
			BeforeProcessingInitializeOnLoad (114ms)
			ProcessInitializeOnLoadAttributes (354ms)
			ProcessInitializeOnLoadMethodAttributes (179ms)
			AfterProcessingInitializeOnLoad (11ms)
		AwakeInstancesAfterBackupRestoration (37ms)
Refreshing native plugins compatible for Editor in 2.67 ms, found 4 plugins.
Unloading 77 Unused Serialized files (Serialized files now loaded: 0)
Unloading 6498 unused Assets / (12.5 MB). Loaded Objects now: 7379.
Memory consumption went from 363.9 MB to 351.4 MB.
Total: 24.833800 ms (FindLiveObjects: 1.510500 ms CreateObjectMapping: 3.967600 ms MarkObjects: 8.656800 ms  DeleteObjects: 10.697500 ms)

Prepare: number of updated asset objects reloaded= 0
========================================================================
Received Prepare
AcceleratorClientConnectionCallback - disconnected - :0
[Licensing::Client] Successfully resolved entitlement details
Begin MonoManager ReloadAssembly
Native extension for WindowsStandalone target not found
Native extension for WebGL target not found
[Package Manager] Failed to launch server process. Reason: Unity was launched with the -noUpm command-line argument
[Package Manager] Unable to send message (not connected to server process).
[Package Manager] Cannot connect to Unity Package Manager local server
[Package Manager] Failed to launch server process. Reason: Unity was launched with the -noUpm command-line argument
[Package Manager] Unable to send message (not connected to server process).
[Package Manager] Cannot connect to Unity Package Manager local server
ScheduleIndexationOnStartup MainProcess:False IndexOnStartup:True
Mono: successfully reloaded assembly
- Finished resetting the current domain, in  1.050 seconds
Domain Reload Profiling: 2034ms
	BeginReloadAssembly (284ms)
		DisableScriptedObjects (8ms)
		CreateAndSetChildDomain (63ms)
	RebuildCommonClasses (12ms)
	RebuildNativeTypeToScriptingClass (21ms)
	initialDomainReloadingComplete (80ms)
	LoadAllAssembliesAndSetupDomain (586ms)
		LoadAssemblies (450ms)
		AnalyzeDomain (33ms)
			TypeCache.Refresh (14ms)
			ResolveRequiredComponents (13ms)
	FinalizeReload (1052ms)
		SetupLoadedEditorAssemblies (0ms)
			InitializePlatformSupportModulesInManaged (3ms)
			BeforeProcessingInitializeOnLoad (131ms)
			ProcessInitializeOnLoadAttributes (402ms)
			ProcessInitializeOnLoadMethodAttributes (192ms)
			AfterProcessingInitializeOnLoad (11ms)
		AwakeInstancesAfterBackupRestoration (38ms)
Refreshing native plugins compatible for Editor in 3.13 ms, found 4 plugins.
Unloading 77 Unused Serialized files (Serialized files now loaded: 0)
Unloading 6498 unused Assets / (12.7 MB). Loaded Objects now: 7382.
Memory consumption went from 364.1 MB to 351.4 MB.
Total: 27.703600 ms (FindLiveObjects: 1.370800 ms CreateObjectMapping: 3.724100 ms MarkObjects: 10.720000 ms  DeleteObjects: 11.887100 ms)

Prepare: number of updated asset objects reloaded= 0
========================================================================
Received Prepare
AcceleratorClientConnectionCallback - disconnected - :0
Unloading 77 Unused Serialized files (Serialized files now loaded: 0)
Unloading 77 unused Assets / (6.4 MB). Loaded Objects now: 7382.
Memory consumption went from 359.6 MB to 353.2 MB.
Total: 11.129600 ms (FindLiveObjects: 0.538700 ms CreateObjectMapping: 2.092000 ms MarkObjects: 5.644100 ms  DeleteObjects: 2.854000 ms)

Prepare: number of updated asset objects reloaded= 1
========================================================================
Received Import Request.
  Time of request: 2026-08-09T13:08:18.2919729Z
  Time since last request: 224.61992739999999 seconds.
  importAddress: GUID: c2aae324e12e01b42985a95b1afba1ed - Path: Assets/Assets/Prototype 3/Scene - Importer: PreviewImporter
Importing 'GUID: c2aae324e12e01b42985a95b1afba1ed - Path: Assets/Assets/Prototype 3/Scene - Importer: PreviewImporter' with importer (PreviewImporter)
Imported 'GUID: c2aae324e12e01b42985a95b1afba1ed' -> (Import Result ID: '2a7a17903d8124f73aed05d07f4bbb48') in 0.001 seconds [static and dynamic dependencies]. Details - ImportResultOutputID=b69ff1da74887e7814ede0a69c1465d5 DependenciesID=24c00a0b7dd791a886d89704eeb7e867 StaticDependenciesID=dabd9afbb6d3ce88fe51abd67b196611 
Number of updated asset objects reloaded before import = 0
Number of asset objects unloaded after import = 0
========================================================================
Received Import Request.
  Time of request: 2026-08-09T13:08:19.2115275Z
  Time since last request: 0.904261 seconds.
  importAddress: GUID: db0cf9da036e36f489fd85fee2203dfa - Path: Assets/Assets/Prototype 3/Scene/TimeGame.unity - Importer: PreviewImporter
Importing 'GUID: db0cf9da036e36f489fd85fee2203dfa - Path: Assets/Assets/Prototype 3/Scene/TimeGame.unity - Importer: PreviewImporter' with importer (PreviewImporter)
Imported 'GUID: db0cf9da036e36f489fd85fee2203dfa' -> (Import Result ID: 'c4c79e281081baf037c82a107f72e84b') in 0.001 seconds [static and dynamic dependencies]. Details - ImportResultOutputID=2507a25d075afd6756b24f94ec8c07ea DependenciesID=83fc4e73ce2c8517d4cffd3fee86d2cf StaticDependenciesID=53c9f3d67c2047cad6685fa36ed3744e 
Number of updated asset objects reloaded before import = 0
Number of asset objects unloaded after import = 0
========================================================================
Received Import Request.
  Time of request: 2026-08-09T13:08:39.6419383Z
  Time since last request: 20.4200059 seconds.
  importAddress: GUID: db0cf9da036e36f489fd85fee2203dfa - Path: Assets/Assets/Prototype 3/Scene/TimeGame.unity - Importer: PreviewImporter
Importing 'GUID: db0cf9da036e36f489fd85fee2203dfa - Path: Assets/Assets/Prototype 3/Scene/TimeGame.unity - Importer: PreviewImporter' with importer (PreviewImporter)
Imported 'GUID: db0cf9da036e36f489fd85fee2203dfa' -> (Import Result ID: '8342670f6152e11fe3024f4575059d0a') in 0.001 seconds [static and dynamic dependencies]. Details - ImportResultOutputID=2507a25d075afd6756b24f94ec8c07ea DependenciesID=e3a1208214ff48c5fbe88bd91cbe2c52 StaticDependenciesID=61cde188aea1706e65f884a2f0548088 
Number of updated asset objects reloaded before import = 0
Number of asset objects unloaded after import = 0
========================================================================
Received Prepare
AcceleratorClientConnectionCallback - disconnected - :0
[Licensing::Client] Successfully resolved entitlement details
Begin MonoManager ReloadAssembly
Native extension for WindowsStandalone target not found
Native extension for WebGL target not found
[Package Manager] Failed to launch server process. Reason: Unity was launched with the -noUpm command-line argument
[Package Manager] Unable to send message (not connected to server process).
[Package Manager] Cannot connect to Unity Package Manager local server
[Package Manager] Failed to launch server process. Reason: Unity was launched with the -noUpm command-line argument
[Package Manager] Unable to send message (not connected to server process).
[Package Manager] Cannot connect to Unity Package Manager local server
ScheduleIndexationOnStartup MainProcess:False IndexOnStartup:True
Mono: successfully reloaded assembly
- Finished resetting the current domain, in  1.060 seconds
Domain Reload Profiling: 1963ms
	BeginReloadAssembly (297ms)
		DisableScriptedObjects (10ms)
		CreateAndSetChildDomain (77ms)
	RebuildCommonClasses (12ms)
	RebuildNativeTypeToScriptingClass (21ms)
	initialDomainReloadingComplete (82ms)
	LoadAllAssembliesAndSetupDomain (489ms)
		LoadAssemblies (447ms)
		AnalyzeDomain (25ms)
			TypeCache.Refresh (10ms)
			ResolveRequiredComponents (10ms)
	FinalizeReload (1061ms)
		SetupLoadedEditorAssemblies (0ms)
			InitializePlatformSupportModulesInManaged (3ms)
			BeforeProcessingInitializeOnLoad (145ms)
			ProcessInitializeOnLoadAttributes (425ms)
			ProcessInitializeOnLoadMethodAttributes (185ms)
			AfterProcessingInitializeOnLoad (10ms)
		AwakeInstancesAfterBackupRestoration (32ms)
Refreshing native plugins compatible for Editor in 3.59 ms, found 4 plugins.
Unloading 77 Unused Serialized files (Serialized files now loaded: 0)
Unloading 6498 unused Assets / (13.1 MB). Loaded Objects now: 7385.
Memory consumption went from 363.9 MB to 350.8 MB.
Total: 26.891200 ms (FindLiveObjects: 1.128000 ms CreateObjectMapping: 4.478600 ms MarkObjects: 7.906300 ms  DeleteObjects: 13.376400 ms)

Prepare: number of updated asset objects reloaded= 0
========================================================================
Received Prepare
AcceleratorClientConnectionCallback - disconnected - :0
Unloading 77 Unused Serialized files (Serialized files now loaded: 0)
Unloading 77 unused Assets / (6.4 MB). Loaded Objects now: 7385.
Memory consumption went from 359.3 MB to 352.9 MB.
Total: 9.558100 ms (FindLiveObjects: 0.572700 ms CreateObjectMapping: 1.066100 ms MarkObjects: 5.105600 ms  DeleteObjects: 2.811800 ms)

Prepare: number of updated asset objects reloaded= 0
Editor requested this worker to shutdown with reason: Editor is closing down
AcceleratorClientConnectionCallback - disconnected - :0
AssetImportWorker is now disconnected from the server
Process exiting
Exiting without the bug reporter. Application will terminate with return code 0